MKOA WA IRINGA,,,,,,,,Scope of works,,,,,,,,,,
,,,,,,,,Medium Voltage Lines (km),,Distribution Transformers (kVA),,,Low voltage Lines (km),,,Initial customers,,
Mkoa,Wilaya,Halmashauri,Jimbo,Kata,Kijiji,Na,Kitongoji,11KV,33KV,50,100,200,4 x 95 sq.mm,4 x 50 sq.mm,LV Total (km),single phase,Three phase,Total
Iringa,Iringa,Iringa DC,Kalenga,Masaka,Kaning`ombe,1,Sekuse,,1.1,1,,,1.2,1.8,3.0,48,3,50
Iringa,Iringa,Iringa DC,Kalenga,Masaka,Kaning`ombe,2,Kasanga,,2.0,1,,,1.0,1.5,2.5,43,2,45
Iringa,Iringa,Iringa DC,Kalenga,Masaka,Kaning`ombe,3,Mduma,,1.8,1,,,0.8,1.2,2.0,32,2,34
Iringa,Iringa,Iringa DC,Kalenga,Masaka,Makota,4,Itikangombwe,,0.0,1,,,1.4,2.1,3.5,57,3,60
Iringa,Iringa,Iringa DC,Kalenga,Masaka,Makota,5,Mpwapwa,,0.8,1,,,1.2,1.8,3.0,33,2,35
Iringa,Iringa,Iringa DC,Kalenga,Masaka,Makota,6,Luhuu,,2.0,,1,,1.6,2.4,4.0,76,4,80
Iringa,Iringa,Iringa DC,Kalenga,Masaka,Sadani,7,Mkamila,,0.0,,,,1.0,1.5,2.5,0,0,0
Iringa,Iringa,Iringa DC,Kalenga,Masaka,Sadani,8,Isele,,2.0,1,,,1.2,1.8,3.0,43,2,45
Iringa,Iringa,Iringa DC,Kalenga,Masaka,Sadani,9,Itubugu,,4.0,1,,,1.2,1.8,3.0,27,1,28
Iringa,Iringa,Iringa DC,Kalenga,Ifunda,Kibena,10,Ulyangwada,,0.6,1,,,1.4,2.1,3.5,43,2,45
Iringa,Iringa,Iringa DC,Kalenga,Ifunda,Kibena,11,Ubalanzi,,2.2,1,,,1.2,1.8,3.0,24,1,25
Iringa,Iringa,Iringa DC,Kalenga,Ifunda,Kibena,12,Kitasengwa,,1.1,1,,,1.2,1.8,3.0,52,3,55
Iringa,Iringa,Iringa DC,Kalenga,Ifunda,Kibena,13,Kalonga,,3.2,1,,,1.2,1.7,2.9,38,2,40
Iringa,Iringa,Iringa DC,Kalenga,Ifunda,Bandabichi,14,Ihagaha,,0.3,1,,,1.2,1.8,3.0,19,1,20
Iringa,Iringa,Iringa DC,Kalenga,Ifunda,Ifunda,15,Ulolage and mgondo,,0.0,1,,,1.2,1.8,3.0,32,2,34
Iringa,Iringa,Iringa DC,Kalenga,Ifunda,Ifunda,16,Utibesa,,2.7,1,,,1.2,1.8,3.0,19,1,20
Iringa,Iringa,Iringa DC,Kalenga,Ifunda,Ifunda,17,Kipera,,2.9,1,,,1.1,1.6,2.7,24,1,25
Iringa,Iringa,Iringa DC,Kalenga,Ifunda,Udumka ,18,Itulo,,0.0,1,,,1.2,1.8,3.0,52,3,55
Iringa,Iringa,Iringa DC,Kalenga,Ifunda,Udumka ,19,Ikungu,,2.1,1,,,1.2,1.7,2.9,30,2,32
Iringa,Iringa,Iringa DC,Kalenga,Ifunda,Mfukulembe,20,Igulumti B,,3.4,1,,,1.2,1.7,2.9,34,2,36
Iringa,Iringa,Iringa DC,Kalenga,Lumuli,Muwimbi,21,Muwimbi,,1.3,1,,,1.0,1.5,2.5,0,0,0
Iringa,Iringa,Iringa DC,Kalenga,Lumuli,Lumuli,22,Kalengechwaa,,2.0,1,,,1.2,1.8,3.0,51,3,54
Iringa,Iringa,Iringa DC,Kalenga,Lumuli,Lumuli,23,"Kibalali
",,4.4,2,,,2.4,3.6,6.0,72,4,76
Iringa,Iringa,Iringa DC,Kalenga,Lumuli,Lumuli,24,Kihata,,0.0,,,,1.2,1.8,3.0,32,2,34
Iringa,Iringa,Iringa DC,Kalenga,Lumuli,Lumuli,25,Lugema,,0.0,1,,,1.0,1.6,2.6,35,2,37
Iringa,Iringa,Iringa DC,Kalenga,Lumuli,Lumuli,26,Uhopela,,0.0,1,,,1.0,1.6,2.6,43,2,45
Iringa,Iringa,Iringa DC,Kalenga,Lumuli,Lumuli,27,Vikula,,0.0,1,,,1.2,1.8,3.0,43,2,45
Iringa,Iringa,Iringa DC,Kalenga,Lumuli,Lumuli,28,Kihesa,,0.0,1,,,1.3,2.0,3.3,57,3,60
Iringa,Iringa,Iringa DC,Kalenga,Lumuli,Itengulinyi,29,Ipangani,,0.0,1,,,1.0,1.5,2.5,33,2,35
Iringa,Iringa,Iringa DC,Kalenga,Lumuli,Itengulinyi,30,Makanyagio A,,0.0,1,,,1.2,1.8,3.0,49,3,52
Iringa,Iringa,Iringa DC,Kalenga,Lumuli,Itengulinyi,31,Itengulinyi,,0.9,1,,,1.1,1.6,2.7,32,2,34
Iringa,Iringa,Iringa DC,Kalenga,Lumuli,Itengulinyi,32,Lukingita,,1.6,1,,,0.8,1.2,2.0,16,1,17
Iringa,Iringa,Iringa DC,Kalenga,Mgama,Ihemi,33,Kifumbi,,0.4,1,,,1.1,1.6,2.7,29,2,30
Iringa,Iringa,Iringa DC,Kalenga,Mgama,Ibumila,34,Ibumila A,,1.6,1,,,1.0,1.4,2.4,24,1,25
Iringa,Iringa,Iringa DC,Kalenga,Mgama,Ibumila,35,Ibumila B,,0.5,1,,,1.0,1.5,2.5,32,2,34
Iringa,Iringa,Iringa DC,Kalenga,Mgama,Ibumila,36,makete A,,0.0,1,,,1.5,2.3,3.8,38,2,40
Iringa,Iringa,Iringa DC,Kalenga,Mgama,Ibumila,37,Kilimanjaro,,0.6,1,,,0.8,1.2,2.0,22,1,23
Iringa,Iringa,Iringa DC,Kalenga,Mgama,Mgama,38,Mbalamo,,2.4,1,,,1.5,2.2,3.7,34,2,36
Iringa,Iringa,Iringa DC,Kalenga,Mgama,Mgama,39,Wilolesi,,2.0,1,,,1.2,1.7,2.9,24,1,25
Iringa,Iringa,Iringa DC,Kalenga,Mgama,Mgama,40,Mhagati,,2.0,1,,,1.0,1.5,2.5,22,1,23
Iringa,Iringa,Iringa DC,Kalenga,Mgama,Mgama,41,Msichoke,,0.7,1,,,0.8,1.2,2.0,32,2,34
Iringa,Iringa,Iringa DC,Kalenga,Mgama,Mgama,42,Katenge B,,1.2,1,,,1.4,2.0,3.4,53,3,56
Iringa,Iringa,Iringa DC,Kalenga,Mgama,Mgama,43,Wangama,,0.0,1,,,1.1,1.7,2.8,32,2,34
Iringa,Iringa,Iringa DC,Kalenga,Mgama,Mgama,44,Isombe,,1.8,1,,,0.9,1.3,2.2,23,1,24
Iringa,Iringa,Iringa DC,Kalenga,Mgama,Itwaga,45,Nunumala,,2.5,1,,,1.2,1.8,3.0,43,2,45
Iringa,Iringa,Iringa DC,Kalenga,Mgama,Itwaga,46,Ilyango B,,1.0,1,,,0.8,1.2,2.0,22,1,23
Iringa,Iringa,Iringa DC,Kalenga,Mgama,Itwaga,47,Itwaga,,2.6,1,,,1.2,1.8,3.0,38,2,40
Iringa,Iringa,Iringa DC,Kalenga,Mgama,Itwaga,48,Ikanavanu,,2.0,1,,,1.0,1.5,2.5,32,2,34
Iringa,Iringa,Iringa DC,Kalenga,Mgama,Ilandutwa,49,Ndolela,,0.0,1,,,0.9,1.4,2.3,38,2,40
Iringa,Iringa,Iringa DC,Kalenga,Mgama,Ilandutwa,50,Nyakatuli B,,0.0,1,,,1.6,2.4,4.0,52,3,55
Iringa,Iringa,Iringa DC,Kalenga,Mgama,Ilandutwa,51,Lugofu,,1.2,1,,,1.2,1.8,3.0,24,1,25
Iringa,Iringa,Iringa DC,Kalenga,Mgama,Ilandutwa,52,Kilewela,,2.2,1,,,1.0,1.5,2.5,32,2,34
Iringa,Iringa,Iringa DC,Kalenga,Mgama,Lwato,53,Lwato B,,1.8,1,,,1.2,1.8,3.0,37,2,39
Iringa,Iringa,Iringa DC,Kalenga,Mseke,Ugwachanya,54,Banawanu,,1.0,1,,,1.2,1.7,2.9,52,3,55
Iringa,Iringa,Iringa DC,Kalenga,Mseke,Ugwachanya,55,Lukolela,,1.3,1,,,1.2,1.8,3.0,46,2,48
Iringa,Iringa,Iringa DC,Kalenga,Mseke,Tanangoz,56,Kihongolelo,,0.0,1,,,1.6,2.4,4.0,62,3,65
Iringa,Iringa,Iringa DC,Kalenga,Mseke,Tanangoz,57,Lunguya,,0.0,1,,,1.2,1.8,3.0,43,2,45
Iringa,Iringa,Iringa DC,Kalenga,Mseke,Mlandege,58,Gezaulole,,1.4,1,,,1.1,1.7,2.8,24,1,25
Iringa,Iringa,Iringa DC,Kalenga,Lyamgungwe,Malagosi,59,Itovakami,,1.7,1,,,1.6,2.4,4.0,33,2,35
Iringa,Iringa,Iringa DC,Kalenga,Lyamgungwe,Malagosi,60,Wotalisoli,,1.6,1,,,1.2,1.8,3.0,43,2,45
Iringa,Iringa,Iringa DC,Kalenga,Lyamgungwe,Malagosi,61,Ibumila,,2.2,1,,,1.2,1.7,2.9,32,2,34
Iringa,Iringa,Iringa DC,Kalenga,Lyamgungwe,Malagosi,62,Zivila,,1.5,1,,,1.2,1.7,2.9,34,2,36
Iringa,Iringa,Iringa DC,Kalenga,Lyamgungwe,Malagosi,63,Igangasenga,,0.8,1,,,1.0,1.5,2.5,32,2,34
Iringa,Iringa,Iringa DC,Kalenga,Lyamgungwe,Malagosi,64,Mambamatali,,1.9,1,,,1.0,1.6,2.6,35,2,37
Iringa,Iringa,Iringa DC,Kalenga,Lyamgungwe,Igunda,65,Ilamba,,2.9,1,,,1.6,2.4,4.0,32,2,34
Iringa,Iringa,Iringa DC,Kalenga,Lyamgungwe,Igunda,66,Mlolo,,3.1,1,,,1.6,2.4,4.0,30,2,32
Iringa,Iringa,Iringa DC,Kalenga,Lyamgungwe,Igunda,67,Lukingi,,1.7,1,,,1.5,2.2,3.7,43,2,45
Iringa,Iringa,Iringa DC,Kalenga,Lyamgungwe,Lyamgungwe,68,Ulonge B,,1.1,1,,,1.8,2.8,4.6,57,3,60
Iringa,Iringa,Iringa DC,Kalenga,Lyamgungwe,Lyamgungwe,69,Igogi,,1.8,1,,,1.2,1.8,3.0,43,2,45
Iringa,Iringa,Iringa DC,Kalenga,Lyamgungwe,Lyamgungwe,70,Kimwaga,,0.6,1,,,0.8,1.2,2.0,22,1,23
Iringa,Iringa,Iringa DC,Kalenga,Lyamgungwe,Lyamgungwe,71,Mita,,1.4,1,,,1.2,1.8,3.0,32,2,34
Iringa,Iringa,Iringa DC,Kalenga,Lyamgungwe,Lupembelwa senga,72,Ruaha,,1.5,1,,,1.6,2.3,3.9,64,3,67
Iringa,Iringa,Iringa DC,Kalenga,Lyamgungwe,Lupembelwa senga,73,Imalinyi,,1.7,1,,,1.2,1.8,3.0,35,2,37
Iringa,Iringa,Iringa DC,Kalenga,Magulilwa,Mlanda,74,Msombe,,2.0,1,,,1.0,1.6,2.6,26,1,27
Iringa,Iringa,Iringa DC,Kalenga,Magulilwa,Mlanda,75,Nyalawe,,1.7,1,,,1.2,1.7,2.9,38,2,40
Iringa,Iringa,Iringa DC,Kalenga,Magulilwa,Mlanda,76,Ukang'a,,0.7,1,,,0.8,1.2,2.0,23,1,24
Iringa,Iringa,Iringa DC,Kalenga,Magulilwa,Ng'enza,77,Kinyaminyi,,0.0,1,,,1.4,2.1,3.5,64,3,67
Iringa,Iringa,Iringa DC,Kalenga,Magulilwa,Ng'enza,78,Mungano,,0.0,1,,,0.9,1.3,2.2,23,1,24
Iringa,Iringa,Iringa DC,Kalenga,Magulilwa,Ng'enza,79,Lutengelo,,1.0,1,,,0.9,1.4,2.3,32,2,34
Iringa,Iringa,Iringa DC,Kalenga,Magulilwa,Ng'enza,80,Mlevela,,2.3,1,,,1.6,2.4,4.0,43,2,45
Iringa,Iringa,Iringa DC,Kalenga,Magulilwa,Msuluti,81,Mlowa,,0.0,1,,,1.0,1.5,2.5,30,2,32
Iringa,Iringa,Iringa DC,Kalenga,Magulilwa,Msuluti,82,Msukwa,,1.2,1,,,1.2,1.8,3.0,35,2,37
Iringa,Iringa,Iringa DC,Kalenga,Magulilwa,Msuluti,83,Milanzi,,3.7,1,,,0.8,1.2,2.0,30,2,32
Iringa,Iringa,Iringa DC,Kalenga,Magulilwa,Msuluti,84,Mwaya,,1.5,1,,,1.0,1.4,2.4,33,2,35
Iringa,Iringa,Iringa DC,Kalenga,Magulilwa,Msuluti,85,Kihesa kilolo,,2.5,1,,,1.5,2.2,3.7,52,3,55
Iringa,Iringa,Iringa DC,Kalenga,Magulilwa,Magulilwa,86,Mbavi,,1.9,1,,,1.2,1.8,3.0,33,2,35
Iringa,Iringa,Iringa DC,Kalenga,Magulilwa,Magulilwa,87,Mifugo,,1.5,,1,,1.9,2.9,4.8,74,4,78
Iringa,Iringa,Iringa DC,Kalenga,Magulilwa,Magulilwa,88,Sekuse,,1.5,1,,,1.3,1.9,3.2,43,2,45
Iringa,Iringa,Iringa DC,Kalenga,Magulilwa,Ndiwili,89,Migoli A,,0.0,1,,,1.2,1.8,3.0,43,2,45
Iringa,Iringa,Iringa DC,Kalenga,Magulilwa,Ndiwili,90,Migoli B,,0.0,1,,,1.2,1.8,3.0,52,3,55
Iringa,Iringa,Iringa DC,Kalenga,Magulilwa,Ndiwili,91,Msuluti A,,1.3,1,,,0.8,1.2,2.0,38,2,40
Iringa,Iringa,Iringa DC,Kalenga,Magulilwa,Ndiwili,92,Msuluti B,,1.2,1,,,1.2,1.8,3.0,33,2,35
Iringa,Iringa,Iringa DC,Kalenga,Magulilwa,Ndiwili,93,Matema ,,0.0,1,,,1.5,2.3,3.8,32,2,34
Iringa,Iringa,Iringa DC,Kalenga,Magulilwa,Ndiwili,94,Malawi,,2.5,1,,,0.7,1.0,1.7,18,1,19
Iringa,Iringa,Iringa DC,Kalenga,Luhota,Wangama,95,Idobogo,,1.8,1,,,1.2,1.8,3.0,43,2,45
Iringa,Iringa,Iringa DC,Kalenga,Luhota,Wangama,96,Iganga,,0.0,,,,1.1,1.7,2.8,33,2,35
Iringa,Iringa,Iringa DC,Kalenga,Luhota,Wangama,97,Itwaga,,0.9,1,,,1.2,1.7,2.9,43,2,45
Iringa,Iringa,Iringa DC,Kalenga,Luhota,Tagamenda,98,Ikalagasi,,0.6,1,,,1.2,1.8,3.0,44,2,46
Iringa,Iringa,Iringa DC,Kalenga,Luhota,Tagamenda,99,Lufita,,0.0,1,,,1.2,1.8,3.0,33,2,35
Iringa,Iringa,Iringa DC,Kalenga,Luhota,Ikuvilo,100,Mdukwee,,1.3,1,,,1.2,1.8,3.0,32,2,34
Iringa,Iringa,Iringa DC,Kalenga,Luhota,Ikuvilo,101,Makongoma,,3.1,1,,,1.2,1.8,3.0,47,2,49
Iringa,Iringa,Iringa DC,Kalenga,Luhota,Ikuvilo,102,Lugala,,0.4,1,,,1.1,1.7,2.8,44,2,46
Iringa,Iringa,Iringa DC,Kalenga,Luhota,Ikuvilo,103,Ngelewala,,1.4,1,,,1.2,1.9,3.1,41,2,43
Iringa,Iringa,Iringa DC,Kalenga,Luhota,Ikuvilo,104,Imalinyi,,1.9,1,,,1.2,1.8,3.0,35,2,37
Iringa,Iringa,Iringa DC,Kalenga,Luhota,Ikuvilo,105,Kidodi,,0.0,1,,,1.2,1.8,3.0,41,2,43
Iringa,Iringa,Iringa DC,Kalenga,Luhota,Nyabula,106,Luhanga,,2.4,1,,,1.1,1.6,2.7,24,1,25
Iringa,Iringa,Iringa DC,Kalenga,Luhota,Nyabula,107,Malendi,,2.6,1,,,1.2,1.8,3.0,32,2,34
Iringa,Iringa,Iringa DC,Kalenga,Luhota,Nyabula,108,Ukang'a,,0.7,1,,,0.6,0.9,1.5,16,1,17
Iringa,Iringa,Iringa DC,Kalenga,Luhota,Nyabula,109,Udinda,,1.6,1,,,1.1,1.6,2.7,30,2,32
Iringa,Iringa,Iringa DC,Kalenga,Luhota,Kilambo,110,Lusaula,,0.6,1,,,1.4,2.2,3.6,45,2,47
Iringa,Iringa,Iringa DC,Kalenga,Luhota,Kilambo,111,Mseke B,,2.0,1,,,0.8,1.2,2.0,34,2,36
Iringa,Iringa,Iringa DC,Kalenga,Wasa,Ikungwe,112,Makanyagio,,0.0,1,,,1.3,1.9,3.2,43,2,45
Iringa,Iringa,Iringa DC,Kalenga,Wasa,Ikungwe,113,Mkunzi,,0.0,1,,,1.6,2.4,4.0,57,3,60
Iringa,Iringa,Iringa DC,Kalenga,Wasa,Ulata,114,Ngonamwasi,,4.5,1,,,1.6,2.3,3.9,43,2,45
Iringa,Iringa,Iringa DC,Kalenga,Wasa,Ulata,115,Ulata,,4.8,1,,,1.5,2.2,3.7,45,2,47
Iringa,Iringa,Iringa DC,Kalenga,Wasa,Ihomasa,116,Lupande,,1.1,1,,,0.8,1.2,2.0,30,2,32
Iringa,Iringa,Iringa DC,Kalenga,Wasa,Ihomasa,117,Mungano,,0.0,,,,1.2,1.8,3.0,35,2,37
Iringa,Iringa,Iringa DC,Kalenga,Wasa,Wasa,118,Utiga,,0.3,1,,,1.2,1.8,3.0,57,3,60
Iringa,Iringa,Iringa DC,Kalenga,Wasa,Wasa,119,Nyakigongo,,0.7,1,,,1.4,2.1,3.5,48,3,50
Iringa,Iringa,Iringa DC,Kalenga,Wasa,Wasa,120,Uhepwa,,2.8,1,,,1.2,1.8,3.0,33,2,35
Iringa,Iringa,Iringa DC,Kalenga,Wasa,Mahanzi,121,Kitamba,,0.0,,,,1.1,1.6,2.7,30,2,32
Iringa,Iringa,Iringa DC,Kalenga,Wasa,Ufyambe,122,Lwamanga,,1.4,1,,,1.6,2.4,4.0,43,2,45
Iringa,Iringa,Iringa DC,Kalenga,Wasa,Usengelindate,123,Kigasa,,0.0,1,,,1.2,1.8,3.0,43,2,45
Iringa,Iringa,Iringa DC,Kalenga,Wasa,Usengelindate,124,Umwaga,,0.0,1,,,1.3,1.9,3.2,47,2,49
Iringa,Iringa,Iringa DC,Kalenga,Wasa,Usengelindate,125,Igula,,1.7,1,,,1.2,1.8,3.0,37,2,39
Iringa,Iringa,Iringa DC,Kalenga,Kihanga,Makombe,126,Makongomi,,0.0,1,,,1.0,1.5,2.5,45,2,47
Iringa,Iringa,Iringa DC,Kalenga,Kihanga,Makombe,127,Ukelemi,,0.0,,,,1.2,1.8,3.0,34,2,36
Iringa,Iringa,Iringa DC,Kalenga,Kihanga,Makombe,128,Kihanga,,0.0,,,,1.0,1.5,2.5,36,2,38
Iringa,Iringa,Iringa DC,Kalenga,Kihanga,Makombe,129,Ihanzu A,,0.0,,,,0.5,0.8,1.3,21,1,22
Iringa,Iringa,Iringa DC,Kalenga,Kihanga,Makombe,130,Ihanzu B,,1.2,1,,,1.0,1.5,2.5,22,1,23
Iringa,Iringa,Iringa DC,Kalenga,Kihanga,Kidilo,131,Kinyang'ama A,,0.0,,,,0.9,1.4,2.3,32,2,34
Iringa,Iringa,Iringa DC,Kalenga,Kihanga,Kidilo,132,Zagaza A,,0.0,,,,0.5,0.8,1.3,22,1,23
Iringa,Iringa,Iringa DC,Kalenga,Kihanga,Chamgogo,133,Chamgogo,,0.7,1,,,1.4,2.2,3.6,61,3,64
Iringa,Iringa,Iringa DC,Kalenga,Kihanga,Chamgogo,134,Shuleni,,0.0,,,,0.8,1.2,2.0,24,1,25
Iringa,Iringa,Iringa DC,Kalenga,Kihanga,Igangidung'u,135,Isaka B,,0.7,1,,,0.8,1.2,2.0,24,1,25
Iringa,Iringa,Iringa DC,Kalenga,Kihanga,Igangidung'u,136,Isaka A,,0.0,1,,,1.3,1.9,3.2,43,2,45
Iringa,Iringa,Iringa DC,Kalenga,Kihanga,Igangidung'u,137,Mang'ula A,,4.9,1,,,0.8,1.2,2.0,9,0,9
Iringa,Iringa,Iringa DC,Kalenga,Maboga,Magunga,138,Lugailo,,1.5,1,,,1.6,2.4,4.0,57,3,60
Iringa,Iringa,Iringa DC,Kalenga,Maboga,Magunga,139,Minyala,,0.0,1,,,1.2,1.8,3.0,43,2,45
Iringa,Iringa,Iringa DC,Kalenga,Maboga,Magunga,140,Ihami,,0.0,1,,,1.0,1.5,2.5,31,2,33
Iringa,Iringa,Iringa DC,Kalenga,Maboga,Magunga,141,Nguvukazi,,4.5,1,,,0.8,1.2,2.0,30,2,32
Iringa,Iringa,Iringa DC,Kalenga,Maboga,Kiponzoro,142,Gendawuye,,0.8,1,,,1.1,1.6,2.7,43,2,45
Iringa,Iringa,Iringa DC,Kalenga,Maboga,Kiponzoro,143,Msombe,,1.3,1,,,0.8,1.2,2.0,45,2,47
Iringa,Iringa,Iringa DC,Kalenga,Maboga,Kiponzoro,144,Masalali,,0.0,1,,,1.2,1.8,3.0,26,1,27
Iringa,Iringa,Iringa DC,Kalenga,Maboga,Makongati,145,Lunguya,,0.9,1,,,0.8,1.2,2.0,38,2,40
Iringa,Iringa,Iringa DC,Kalenga,Maboga,Makongati,146,Ikondo,,0.9,1,,,0.8,1.2,2.0,30,2,32
Iringa,Iringa,Iringa DC,Kalenga,Ulanda,Mwambao,147,Mwambao A,,0.0,1,,,1.2,1.8,3.0,34,2,36
Iringa,Iringa,Iringa DC,Kalenga,Ulanda,Mwambao,148,Kilimahewa,,1.3,1,,,1.2,1.8,3.0,32,2,34
Iringa,Iringa,Iringa DC,Kalenga,Ulanda,Mwambao,149,Idete,,1.2,1,,,0.8,1.2,2.0,21,1,22
Iringa,Iringa,Iringa DC,Kalenga,Ulanda,Weru,150,Milangali,,1.3,1,,,0.8,1.2,2.0,38,2,40
Iringa,Iringa,Iringa DC,Kalenga,Ulanda,Weru,151,Ipangani,,2.6,1,,,1.0,1.5,2.5,36,2,38
Iringa,Iringa,Iringa DC,Kalenga,Ulanda,Kibebe,152,Itamba,,1.2,1,,,0.8,1.2,2.0,38,2,40
Iringa,Iringa,Iringa DC,Kalenga,Ulanda,Kibebe,153,Kilolo,,2.6,1,,,1.2,1.8,3.0,36,2,38
Iringa,Iringa,Iringa DC,Kalenga,Ulanda,Kibebe,154,Lugumunzi,,0.0,1,,,1.2,1.8,3.0,48,3,50
Iringa,Iringa,Iringa DC,Kalenga,Ulanda,Kibebe,155,Ikanumgunda,,2.2,1,,,1.1,1.6,2.7,40,2,42
Iringa,Iringa,Iringa DC,Kalenga,Ulanda,Ibangamoyo,156,Mwika,,0.0,2,,,2.4,3.6,6.0,57,3,60
Iringa,Iringa,Iringa DC,Kalenga,Ulanda,Mangalali,157,Kitoo A,,,,,,0.4,0.6,1.0,33,2,35
Iringa,Iringa,Iringa DC,Kalenga,Ulanda,Mangalali,158,Kitoo B,,0.7,1,,,0.4,0.6,1.0,38,2,40
Iringa,Iringa,Iringa DC,Kalenga,Ulanda,Mangalali,159,Itunda A ,,,,,,0.4,0.6,1.0,30,2,32
Iringa,Iringa,Iringa DC,Kalenga,Ulanda,Mangalali,160,Itunda B,,2.0,1,,,0.4,0.6,1.0,43,2,45
Iringa,Iringa,Iringa DC,Kalenga,Nzihi,Nzihi,161,Muhanga,,0.9,1,,,0.8,1.2,2.0,24,1,25
Iringa,Iringa,Iringa DC,Kalenga,Nzihi,Nzihi,162,Ihanzu,,1.0,1,,,0.9,1.4,2.3,21,1,22
Iringa,Iringa,Iringa DC,Kalenga,Nzihi,Nzihi,163,Mazombe,,1.5,1,,,0.8,1.2,2.0,30,2,32
Iringa,Iringa,Iringa DC,Kalenga,Nzihi,Nzihi,164,Mbega,,0.0,1,,,0.7,1.1,1.8,29,2,30
Iringa,Iringa,Iringa DC,Kalenga,Nzihi,Kipera,165,Mbunula,,0.0,1,,,0.8,1.2,2.0,35,2,37
Iringa,Iringa,Iringa DC,Kalenga,Nzihi,Kipera,166,Mifugo,,1.6,1,,,0.2,0.3,0.5,21,1,22
Iringa,Iringa,Iringa DC,Kalenga,Nzihi,Kipera,167,kisombole,,0.0,,,,0.2,0.3,0.5,19,1,20
Iringa,Iringa,Iringa DC,Kalenga,Nzihi,Nyamihuu,168,Makanyagio,,0.5,1,,,1.0,1.5,2.5,38,2,40
Iringa,Iringa,Iringa DC,Kalenga,Nzihi,Nyamihuu,169,Mlangali,,0.0,,,,0.4,0.6,1.0,29,2,30
Iringa,Iringa,Iringa DC,Kalenga,Nzihi,Nyamihuu,170,Mbuyuni,,4.7,1,,,0.4,0.6,1.0,19,1,20
Iringa,Iringa,Iringa DC,Kalenga,Nzihi,Nyamihuu,171,Isala,,4.3,1,,,0.8,1.2,2.0,19,1,20
Iringa,Iringa,Iringa DC,Kalenga,Nzihi,Ilalasimba,172,Igungandembwe,,1.5,1,,,1.2,1.8,3.0,37,2,39
Iringa,Iringa,Iringa DC,Kalenga,Nzihi,Ilalasimba,173,Songambele,,2.2,1,,,1.2,1.8,3.0,33,2,35
Iringa,Iringa,Iringa DC,Kalenga,Nzihi,Ilalasimba,174,Kalangali,,0.0,,,,1.0,1.5,2.5,49,3,52
Iringa,Iringa,Iringa DC,Kalenga,Nzihi,Magubike,175,Ibogo,,4.6,1,,,1.4,2.2,3.6,38,2,40
Iringa,Iringa,Iringa DC,Kalenga,Kiwere,Kiwere,176,Chapakazi,1.8, ,1,,,1.3,2.0,3.3,47,2,49
Iringa,Iringa,Iringa DC,Kalenga,Kiwere,Mfyome,177,Matembo,6.5, ,1,,,1.2,1.8,3.0,35,2,37
Iringa,Iringa,Iringa DC,Kalenga,Kiwere,Mfyome,178,Mgega,6.8, ,1,,,1.0,1.5,2.5,34,2,36
Iringa,Iringa,Iringa DC,Kalenga,Kiwere,Kitapilimwa,179,Kinyamaduma,,0.0,1,,,1.2,1.8,3.0,43,2,45
Iringa,Iringa,Iringa DC,Kalenga,Kiwere,Itagutwa,180,Mlenge,,0.0,,,,1.2,1.7,2.9,34,2,36
Iringa,Iringa,Iringa DC,Kalenga,Kiwere,Itagutwa,181,Kipengele,,0.0,,1,,1.2,1.8,3.0,53,3,56
Iringa,Iringa,Iringa DC,Kalenga,Kalenga,Tosamaganga,228,Unyangwila,,1.6,1,,,1.0,1.5,2.5,36,2,38
Iringa,Iringa,Iringa DC,Kalenga,Kalenga,Tosamaganga,229,Irangi,,0.0,1,,,1.4,2.0,3.4,35,2,37
Iringa,Iringa,Iringa DC,Ismani,Ilolo mpya,Mkombilenga,182,Mungano,,0.0,,,,1.2,1.8,3.0,43,2,45
Iringa,Iringa,Iringa DC,Ismani,Ilolo mpya,Ukwega,183,Mawande,,0.0,1,,,1.0,1.4,2.4,32,2,34
Iringa,Iringa,Iringa DC,Ismani,Ilolo mpya,Ukwega,184,"Ukwega
",,0.0,,,,1.2,1.8,3.0,43,2,45
Iringa,Iringa,Iringa DC,Ismani,Ilolo mpya,Ukwega,185,Mtakuja,,0.0,,1,,1.2,1.8,3.0,44,2,46
Iringa,Iringa,Iringa DC,Ismani,Kising'a,Igingilanyi,186,Ngongwa,4.7, ,1,,,1.2,1.7,2.9,34,2,36
Iringa,Iringa,Iringa DC,Ismani,Kising'a,Mkungugu,187,Kigasi A,,2.5,1,,,1.6,2.4,4.0,62,3,65
Iringa,Iringa,Iringa DC,Ismani,Kising'a,Mkungugu,188,Kigasi B,,2.2,1,,,1.2,1.8,3.0,43,2,45
Iringa,Iringa,Iringa DC,Ismani,Kising'a,Mkungugu,189,Kigasi C,,2.0,1,,,0.8,1.2,2.0,34,2,36
Iringa,Iringa,Iringa DC,Ismani,Kising'a,Ilambilole,190,Kihesa,,1.6,1,,,1.3,1.9,3.2,57,3,60
Iringa,Iringa,Iringa DC,Ismani,Kising'a,Ilambilole,191,Mjimwema,,1.9,1,,,1.6,2.4,4.0,64,3,67
Iringa,Iringa,Iringa DC,Ismani,Kising'a,Ilambilole,192,Chalinze,,2.9,1,,,0.8,1.2,2.0,14,1,15
Iringa,Iringa,Iringa DC,Ismani,Nyang'oro,Ikengeza,193,Myowela,,0.0,1,,,1.7,2.6,4.3,62,3,65
Iringa,Iringa,Iringa DC,Ismani,Nyang'oro,Ikengeza,194,Miyomboni A,,0.0,1,,,1.2,1.8,3.0,43,2,45
Iringa,Iringa,Iringa DC,Ismani,Nyang'oro,Ikengeza,195,Miyomboni B,,0.0,,,,1.1,1.7,2.8,45,2,47
Iringa,Iringa,Iringa DC,Ismani,Nyang'oro,Ikengeza,196,Manyanambo A,,0.0,,,,1.2,1.8,3.0,43,2,45
Iringa,Iringa,Iringa DC,Ismani,Nyang'oro,Ikengeza,197,Manyanambo B,,1.5,,1,,0.9,1.4,2.3,44,2,46
Iringa,Iringa,Iringa DC,Ismani,Nyang'oro,Ikengeza,198,Mgiha,,6.1,1,,,1.2,1.8,3.0,13,1,14
Iringa,Iringa,Iringa DC,Ismani,Nyang'oro,Mawindi,199,Majengo,,0.0,,,,0.8,1.2,2.0,32,2,34
Iringa,Iringa,Iringa DC,Ismani,Nyang'oro,Mawindi,200,Mjimwema,,0.0,,,,0.8,1.2,2.0,24,1,25
Iringa,Iringa,Iringa DC,Ismani,Nyang'oro,Mawindi,201,Kiona,,0.0,1,,,1.1,1.6,2.7,34,2,36
Iringa,Iringa,Iringa DC,Ismani,Nyang'oro,Mawindi,202,Manyambuma,,2.7,1,,,1.2,1.8,3.0,14,1,15
Iringa,Iringa,Iringa DC,Ismani,Nyang'oro,Chamndindi,203,Miegamano,,0.0,1,,,1.2,1.8,3.0,57,3,60
Iringa,Iringa,Iringa DC,Ismani,Nyang'oro,Chamndindi,204,Nyakansilo,,0.0,,,,0.8,1.2,2.0,21,1,22
Iringa,Iringa,Iringa DC,Ismani,Nyang'oro,Chamndindi,205,Kibaoni,,0.0,,,,0.9,1.3,2.2,30,2,32
Iringa,Iringa,Iringa DC,Ismani,Nyang'oro,Chamndindi,206,Myowela,,0.0,1,,,1.1,1.6,2.7,44,2,46
Iringa,Iringa,Iringa DC,Ismani,Nyang'oro,Chamndindi,207,Kipanga,,11.3,1,,,1.2,1.8,3.0,32,2,34
Iringa,Iringa,Iringa DC,Ismani,Nyang'oro,Isaka,208,Idali,,0.8,1,,,1.2,1.8,3.0,24,1,25
Iringa,Iringa,Iringa DC,Ismani,Nyang'oro,Nyakavangala,209,Ngega,,3.0,1,,,1.2,1.8,3.0,22,1,23
Iringa,Iringa,Iringa DC,Ismani,Nyang'oro,Mkulula ,210,Mbuyuni,,0.0,1,,,1.2,1.8,3.0,43,2,45
Iringa,Iringa,Iringa DC,Ismani,Nyang'oro,Mkulula ,211,Luganga A,,5.2,1,,,0.8,1.2,2.0,15,1,16
Iringa,Iringa,Iringa DC,Ismani,Nyang'oro,Mkulula ,212,Luganga B,,4.8,1,,,0.9,1.4,2.3,15,1,16
Iringa,Iringa,Iringa DC,Ismani,Nyang'oro,Mkulula ,213,Mpalagaga,,4.7,1,,,1.0,1.5,2.5,48,3,50
Iringa,Iringa,Iringa DC,Ismani,Nyang'oro,Mkulula ,214,Luhomelo,,,,,,,,,,,
Iringa,Iringa,Iringa DC,Ismani,Nyang'oro,Makadupa,215,Amani,,3.3,1,,,0.7,1.0,1.7,13,1,14
Iringa,Iringa,Iringa DC,Ismani,Nyang'oro,Makadupa,216,Sokoine,,3.8,1,,,0.8,1.2,2.0,11,1,12
Iringa,Iringa,Iringa DC,Ismani,Nyang'oro,Usolanga,217,Ihumbiliza B,,0.0,1,,,1.2,1.8,3.0,44,2,46
Iringa,Iringa,Iringa DC,Ismani,Nyang'oro,Iguluba,218,Bomalang'ombe,,2.5,1,,,1.4,2.1,3.5,52,3,55
Iringa,Iringa,Iringa DC,Ismani,Kihologota,Uhominyi,219,Tumaini,,0.0,,,,1.1,1.7,2.8,41,2,43
Iringa,Iringa,Iringa DC,Ismani,Kihologota,Mikong'wi,220,Utitili,,0.0,1,,,1.4,2.0,3.4,43,2,45
Iringa,Iringa,Iringa DC,Ismani,Kihologota,Ngano,221,Lyaveya,,2.0,1,,,1.2,1.8,3.0,44,2,46
Iringa,Iringa,Iringa DC,Ismani,Kihologota,Kihologota,222,Njiapanda ,,0.3,1,,,1.1,1.7,2.8,25,1,26
Iringa,Iringa,Iringa DC,Ismani,Nyang'oro,Nyang'oro,223,Kibaoni,,2.3,1,,,1.0,1.6,2.6,32,2,34
Iringa,Iringa,Iringa DC,Ismani,Nyang'oro,Mangawe,224,Chengelela,,0.0,,,,1.0,1.5,2.5,33,2,35
Iringa,Iringa,Iringa DC,Ismani,Nyang'oro,Mangawe,225,Mjimwema,,0.0,,,,0.8,1.2,2.0,23,1,24
Iringa,Iringa,Iringa DC,Ismani,Nyang'oro,Mangawe,226,Kihesa,,0.0,,1,,1.6,2.4,4.0,76,4,80
Iringa,Iringa,Iringa DC,Ismani,Nyang'oro,Holo,227,Lugalo,,3.2,1,,,0.9,1.4,2.3,25,1,26
Iringa,Iringa,Iringa DC,Ismani,Mlowa,Nyamahana,230,Ipwasi,,0.0,1,,,1.2,1.8,3.0,43,2,45
Iringa,Iringa,Iringa DC,Ismani,Mlowa,Nyamahana,231,Mlambalasi,,1.6,1,,,1.0,1.5,2.5,24,1,25
Iringa,Iringa,Iringa DC,Ismani,Mlowa,Malinzanga,232,Malinzanga,,0.0,,,,1.0,1.5,2.5,20,1,21
Iringa,Iringa,Iringa DC,Ismani,Mlowa,Malinzanga,233,"Ikonongo
",,1.5,1,,,0.8,1.2,2.0,22,1,23
Iringa,Iringa,Iringa DC,Ismani,Mlowa,Malinzanga,234,Matalawe,,6.9,,1,,1.6,2.4,4.0,67,4,70
Iringa,Iringa,Iringa DC,Ismani,Mlowa,Mafuluto,235,Kibuduga,,0.0,,,,1.2,1.8,3.0,52,3,55
Iringa,Iringa,Iringa DC,Ismani,Mlowa,Mafuluto,236,Mungano,,0.0,,1,,1.6,2.4,4.0,60,3,63
Iringa,Iringa,Iringa DC,Ismani,Mlowa,Mafuluto,237,Magoya,,0.0,1,,,1.5,2.2,3.7,52,3,55
Iringa,Iringa,Iringa DC,Ismani,Idodi,Idodi,238,Ilamba,,0.0,,,,1.2,1.8,3.0,34,2,36
Iringa,Iringa,Iringa DC,Ismani,Idodi,Mapogoro,239,Idindiga,,0.0,1,,,1.0,1.5,2.5,33,2,35
Iringa,Iringa,Iringa DC,Ismani,Idodi,Kitisi,240,Nyamnango,,0.7,1,,,1.0,1.6,2.6,32,2,34
Iringa,Iringa,Iringa DC,Ismani,Idodi,Tungamalenga,241,Darajani,,0.0,1,,,1.2,1.8,3.0,43,2,45
Iringa,Iringa,Iringa DC,Ismani,Idodi,Tungamalenga,242,Malunde,,0.0,,,,1.0,1.6,2.6,32,2,34
Iringa,Iringa,Iringa DC,Ismani,Mahuninga,Kisilwa,243,Misufi,,0.0,,1,,1.6,2.4,4.0,67,4,70
Iringa,Iringa,Iringa DC,Ismani,Mahuninga,Makifu,244,Isanga ,,3.0,1,,,1.2,1.7,2.9,52,3,55
Iringa,Iringa,Iringa DC,Ismani,Mahuninga,Makifu,245,Mahove,,1.9,1,,,1.0,1.4,2.4,14,1,15
Iringa,Iringa,Iringa DC,Ismani,Mlenge,Magombwe,246,Kingani,,0.0,1,,,0.8,1.2,2.0,22,1,23
Iringa,Iringa,Iringa DC,Ismani,Mlenge,Magombwe,247,Mlenge A,,0.0,,1,,1.6,2.4,4.0,85,4,89
Iringa,Iringa,Iringa DC,Ismani,Mlenge,Magombwe,248,Mbugani,,2.8,,1,,1.6,2.4,4.0,64,3,67
Iringa,Iringa,Iringa DC,Ismani,Mlenge,Isele,249,Kisoloka,,1.9,1,,,1.0,1.4,2.4,43,2,45
Iringa,Iringa,Iringa DC,Ismani,Mlenge,Isele,250,Chaliganza,,2.2,1,,,0.8,1.2,2.0,33,2,35
Iringa,Iringa,Iringa DC,Ismani,Mlenge,Isele,251,Mbingama,,0.0,,,,1.1,1.7,2.8,32,2,34
Iringa,Iringa,Iringa DC,Ismani,Mlenge,Kinyika,252,Ruaha,,5.6,1,,,0.8,1.2,2.0,10,1,11
Iringa,Iringa,Iringa DC,Ismani,Mlenge,Kisanga,253,Mawindi,,0.0,,,,0.8,1.2,2.0,24,1,25
Iringa,Iringa,Iringa DC,Ismani,Mlenge,Kisanga,254,Kilangilolo,,0.2,1,,,0.8,1.2,2.0,43,2,45
Iringa,Iringa,Iringa DC,Ismani,Mlenge,Kisanga,255,Kilala,,0.0,,,,0.6,0.9,1.5,19,1,20
Iringa,Iringa,Iringa DC,Ismani,Mlenge,Kisanga,256,Magwagu,,2.8,1,,,1.0,1.6,2.6,52,3,55
Iringa,Iringa,Iringa DC,Ismani,Mboliboli,Mboliboli,257,Legezamwendo,,0.0,,1,,1.6,2.4,4.0,67,4,70
Iringa,Iringa,Iringa DC,Ismani,Itunundu,Itunundu,258,"Ikorongo
",,0.0,1,,,1.1,1.7,2.8,43,2,45
Iringa,Iringa,Iringa DC,Ismani,Itunundu,Kimande,259,Igundambwani,,2.4,1,,,0.8,1.2,2.0,6,0,6
Iringa,Iringa,Iringa DC,Ismani,Itunundu,Mbuyuni,260,Igodikafu,,0.0,,1,,1.4,2.2,3.6,53,3,56
Iringa,Iringa,Iringa DC,Ismani,Izazi,Makuka,261,Makuka B,,0.0,1,,,0.9,1.4,2.3,22,1,23
Iringa,Iringa,Iringa DC,Ismani,Izazi,Makuka,262,Nyamahato,5.6,,1,,,1.2,1.8,3.0,8,0,8
Iringa,Iringa,Iringa DC,Ismani,Izazi,Makuka,263,Magombwe,3.1,,1,,,1.2,1.7,2.9,46,2,48
Iringa,Iringa,Iringa DC,Ismani,Izazi,Makuka,264,Itemagwe,3.7,,1,,,0.8,1.2,2.0,14,1,15
Iringa,Iringa,Iringa DC,Ismani,Izazi,Makuka,265,Mondomela.,,0.0,1,,,1.0,1.5,2.5,34,2,36
Iringa,Iringa,Iringa DC,Ismani,Izazi,Izazi,266,Ihanyi,0.9,,1,,,0.8,1.2,2.0,14,1,15
Iringa,Iringa,Iringa DC,Ismani,Izazi,Mnadani,267,Mabati,,2.4,,,1,1.6,2.4,4.0,133,7,140
Iringa,Iringa,Iringa DC,Ismani,Izazi,Mnadani,268,Mjimwema,,0.0,,,,0.8,1.2,2.0,11,1,12
Iringa,Iringa,Iringa DC,Ismani,Izazi,Mnadani,269,Kilambakitali,,6.8,1,,,0.8,1.2,2.0,37,1,23
Iringa,Iringa,Iringa DC,Ismani,Migoli,Migoli,270,Nyegere,,0.0,,1,,1.2,1.8,3.0,37,3,67
Iringa,Iringa,Iringa DC,Ismani,Migoli,Mtera,271,Kenya,,0.0,1,,,1.2,1.8,3.0,37,2,45
Iringa,Iringa,Iringa DC,Ismani,Migoli,Mtera,272,Mwanyengo,8.6,,,1,,1.4,2.1,3.5,37,3,60
Iringa,Iringa,Iringa DC,Ismani,Migoli,Maperamengi,273,Mlazo,,0.0,1,,,1.2,1.8,3.0,37,2,36
Iringa,Iringa,Iringa DC,Ismani,Migoli,Makatapola,274,Boma la ng'ombe,,0.0,,,,1.2,1.8,3.0,37,2,36
Iringa,Iringa,Iringa DC,Ismani,Migoli,Makatapola,275,Mtundwa,3.4,,1,,,0.8,1.2,2.0,37,1,16
Iringa,Iringa,Iringa DC,Ismani,Migoli,Makatapola,276,Chapuya,2.6,,,1,,1.2,1.8,3.0,37,3,67
Iringa,Iringa,Iringa DC,Ismani,Migoli,Mbweleli,277,Chamazala,0.5,,1,,,1.1,1.7,2.8,37,1,23
Iringa,Iringa,Iringa DC,Ismani,Migoli,Kinyali,278,Sweco,,0.0,,,,0.5,0.7,1.2,37,1,13
Iringa,Iringa,Iringa DC,Ismani,Migoli,Kinyali,279,Mkombozi,,1.4,1,,,1.1,1.6,2.7,37,2,34
SUB TOTAL,,,,,,279,279,48.3,335.0,225,16,1,309.0,463.6,772.6,"10,235",538,"10,763"
Iringa,Kilolo,Kilolo DC,Kilolo,Dabaga,Magome,1,Magome,,0.0,1,,,1.2,1.8,3.0,44,2,46
Iringa,Kilolo,Kilolo DC,Kilolo,Kimala,Kimala,2,Ilanzi,,0.0, ,,,1.4,2.1,3.5,24,1,25
Iringa,Kilolo,Kilolo DC,Kilolo,Kimala,Idunda,3,Lugoli,,2.1,1,,,1.5,2.2,3.7,53,3,56
Iringa,Kilolo,Kilolo DC,Kilolo,Kimala,Idunda,4,Msasi,,0.0,1,,,1.4,2.1,3.5,43,2,45
Iringa,Kilolo,Kilolo DC,Kilolo,Kimala,Mhanga,5,Ngogo,,0.0,1,,,1.0,1.5,2.5,30,2,32
Iringa,Kilolo,Kilolo DC,Kilolo,Kimala,Mhanga,6,Vikongosa,,0.0,1,,,1.5,2.2,3.7,33,2,35
Iringa,Kilolo,Kilolo DC,Kilolo,Kimala,Mhanga,7,Mdinda,,1.1,1,,,1.5,2.2,3.7,43,2,45
Iringa,Kilolo,Kilolo DC,Kilolo,Kimala,Uluti,8,Uluti B,,1.3,1,,,1.2,1.8,3.0,22,1,23
Iringa,Kilolo,Kilolo DC,Kilolo,Kimala,Itonya,9,Tupendane,,1.2,1,,,1.3,1.9,3.2,41,2,43
Iringa,Kilolo,Kilolo DC,Kilolo,Mtitu,Itimbo,10,Lwiva,,2.0,1,,,1.2,1.8,3.0,45,2,47
Iringa,Kilolo,Kilolo DC,Kilolo,Mtitu,Itimbo,11,Ibohola,,1.2,1,,,1.4,2.0,3.4,43,2,45
Iringa,Kilolo,Kilolo DC,Kilolo,Mtitu,Itimbo,12,Lukago A,,5.0,1,,,1.3,1.9,3.2,37,2,39
Iringa,Kilolo,Kilolo DC,Kilolo,Mtitu,Itimbo,13,Lukago B,,1.6,1,,,1.0,1.5,2.5,22,1,23
Iringa,Kilolo,Kilolo DC,Kilolo,Mtitu,Itimbo,14,Ibaning'ombe,,3.8,2,,,2.6,3.9,6.5,114,6,120
Iringa,Kilolo,Kilolo DC,Kilolo,Mtitu,Isoliwaya,15,Mhimbili B,,0.0,1,,,1.2,1.8,3.0,43,2,45
Iringa,Kilolo,Kilolo DC,Kilolo,Mtitu,Isoliwaya,16,Isoliwaya,,0.0, ,,,0.9,1.3,2.2,22,1,23
Iringa,Kilolo,Kilolo DC,Kilolo,Mtitu,Isoliwaya,17,Itulilo,,2.1,1,,,1.2,1.8,3.0,32,2,34
Iringa,Kilolo,Kilolo DC,Kilolo,Mtitu,Isoliwaya,18,Iligavana,,3.4,1,,,1.2,1.9,3.1,32,2,34
Iringa,Kilolo,Kilolo DC,Kilolo,Idete,Idete,19,"Mbagi
",,0.0, ,1,,1.6,2.4,4.0,64,3,67
Iringa,Kilolo,Kilolo DC,Kilolo,Idete,Idete,20,Idete,,0.1,1,,,1.2,1.8,3.0,43,2,45
Iringa,Kilolo,Kilolo DC,Kilolo,Idete,Idete,21,Utaginyi,,0.0, ,,,1.0,1.5,2.5,30,2,32
Iringa,Kilolo,Kilolo DC,Kilolo,Idete,Madege,22,Ugele,,1.8,1,,,1.4,2.1,3.5,43,2,45
Iringa,Kilolo,Kilolo DC,Kilolo,Idete,Madege,23,Lwango,,0.0, ,,,1.2,1.8,3.0,33,2,35
Iringa,Kilolo,Kilolo DC,Kilolo,Idete,Madege,24,Mkwalumo,,0.0,1,,,1.2,1.7,2.9,29,2,31
Iringa,Kilolo,Kilolo DC,Kilolo,Ng'ang'ange,Idasi,25,Tumaini,,2.6,1,,,1.4,2.2,3.6,43,2,45
Iringa,Kilolo,Kilolo DC,Kilolo,Ng'ang'ange,Idasi,26,Kidete,,0.0, ,,,1.0,1.5,2.5,14,1,15
Iringa,Kilolo,Kilolo DC,Kilolo,Ng'ang'ange,Mdeke,27,Ndolela,,2.1,1,,,1.4,2.0,3.4,57,3,60
Iringa,Kilolo,Kilolo DC,Kilolo,Ng'ang'ange,Mdeke,28,Mifugo,,2.1,1,,,0.6,0.9,1.5,22,1,23
Iringa,Kilolo,Kilolo DC,Kilolo,Ng'ang'ange,Ng'ang'ange,29,Sogeza,,0.0, ,,,1.0,1.5,2.5,38,2,40
Iringa,Kilolo,Kilolo DC,Kilolo,Ng'ang'ange,Ng'ang'ange,30,Nyakole,,0.0, ,1,,1.2,1.8,3.0,57,3,60
Iringa,Kilolo,Kilolo DC,Kilolo,Dabaga,Kidabaga,31,Ikelamo,,0.0,1,,,1.0,1.5,2.5,14,1,15
Iringa,Kilolo,Kilolo DC,Kilolo,Dabaga,Lusinga,32,Kilimahewa,,0.0,1,,,1.2,1.8,3.0,43,2,45
Iringa,Kilolo,Kilolo DC,Kilolo,Masisiwe,Idegenda,33,Ihuvilo,,0.0, ,,,1.4,2.1,3.5,43,2,45
Iringa,Kilolo,Kilolo DC,Kilolo,Masisiwe,Idegenda,34,Luhiti,,0.0, ,,,1.1,1.7,2.8,41,2,43
Iringa,Kilolo,Kilolo DC,Kilolo,Masisiwe,Idegenda,35,Idegenda,,0.0, ,1,,1.2,1.8,3.0,43,2,45
Iringa,Kilolo,Kilolo DC,Kilolo,Masisiwe,Mbawi,36,Mwingila,,0.0, ,,,0.8,1.2,2.0,15,1,16
Iringa,Kilolo,Kilolo DC,Kilolo,Masisiwe,Mbawi,37,Ipugulilo,,0.0, ,,,0.5,0.7,1.2,12,1,13
Iringa,Kilolo,Kilolo DC,Kilolo,Masisiwe,Mbawi,38,Itini,,0.0, ,,,1.0,1.6,2.6,15,1,16
Iringa,Kilolo,Kilolo DC,Kilolo,Masisiwe,Mbawi,39,Iboya,,0.0, ,,,0.8,1.2,2.0,25,1,26
Iringa,Kilolo,Kilolo DC,Kilolo,Masisiwe,Mbawi,40,Kitemela,,4.4, ,1,,1.0,1.5,2.5,39,2,41
Iringa,Kilolo,Kilolo DC,Kilolo,Masisiwe,Mbawi,41,Ludilo,,0.0, ,,,0.8,1.2,2.0,34,2,36
Iringa,Kilolo,Kilolo DC,Kilolo,Masisiwe,Masisiwe,42,Mkolongo,,0.0,1,,,1.0,1.5,2.5,34,2,36
Iringa,Kilolo,Kilolo DC,Kilolo,Masisiwe,Masisiwe,43,Mahala,,0.7,1,,,1.2,1.8,3.0,53,3,56
Iringa,Kilolo,Kilolo DC,Kilolo,Masisiwe,Masisiwe,44,Ilila,,0.0,1,,,1.2,1.8,3.0,43,2,45
Iringa,Kilolo,Kilolo DC,Kilolo,Masisiwe,Masisiwe,45,Wengela,,0.0,1,,,1.1,1.7,2.8,35,2,37
Iringa,Kilolo,Kilolo DC,Kilolo,Masisiwe,Nyawegete,46,Lupilo,,1.7,1,,,1.2,1.8,3.0,43,2,45
Iringa,Kilolo,Kilolo DC,Kilolo,Masisiwe,Nyawegete,47,Ihongole,,1.8,1,,,1.0,1.5,2.5,28,1,29
Iringa,Kilolo,Kilolo DC,Kilolo,Bomalang'ombe,Ng'ingula,48,Lulisa,,0.0,1,,,1.4,2.2,3.6,52,3,55
Iringa,Kilolo,Kilolo DC,Kilolo,Bomalang'ombe,Ng'ingula,49,Msengela,,0.0, ,,,1.2,1.8,3.0,43,2,45
Iringa,Kilolo,Kilolo DC,Kilolo,Bomalang'ombe,Ng'ingula,50,Mwang'ingo,,1.4,1,,,1.1,1.7,2.8,32,2,34
Iringa,Kilolo,Kilolo DC,Kilolo,Bomalang'ombe,Boma la ng'ombe,51,Mwanzala,,0.0,1,,,1.2,1.8,3.0,43,2,45
Iringa,Kilolo,Kilolo DC,Kilolo,Bomalang'ombe,Lyamko,52,Lyamko,,0.0,1,,,1.6,2.4,4.0,53,3,56
Iringa,Kilolo,Kilolo DC,Kilolo,Bomalang'ombe,Lyamko,53,Mifugo,,0.0,,,,1.2,1.7,2.9,35,2,37
Iringa,Kilolo,Kilolo DC,Kilolo,Bomalang'ombe,Mwatasi,54,Mdendesa,,0.0, ,,,0.8,1.2,2.0,25,1,26
Iringa,Kilolo,Kilolo DC,Kilolo,Bomalang'ombe,Mwatasi,55,Mwatasi,,0.0, ,,,1.0,1.6,2.6,48,3,50
Iringa,Kilolo,Kilolo DC,Kilolo,Bomalang'ombe,Mwatasi,56,Makolongoni,,1.1, ,,1,1.5,2.2,3.7,95,5,100
Iringa,Kilolo,Kilolo DC,Kilolo,Bomalang'ombe,Wangama,57,Magangwe,,1.8,1,,,1.2,1.8,3.0,52,3,55
Iringa,Kilolo,Kilolo DC,Kilolo,Bomalang'ombe,Wangama,58,Kilolo,,1.3,1,,,1.1,1.6,2.7,41,2,43
Iringa,Kilolo,Kilolo DC,Kilolo,Ng'uruhe,Kihesamgagao,59,Mtanga,,0.0, ,1,,1.6,2.4,4.0,75,4,79
Iringa,Kilolo,Kilolo DC,Kilolo,Ng'uruhe,Ng'uruhe,60,Uhanzinyi,,1.4,1,,,1.2,1.8,3.0,36,2,38
Iringa,Kilolo,Kilolo DC,Kilolo,Ng'uruhe,Ng'uruhe,61,Mwibufwi,,1.1,1,,,1.2,1.7,2.9,34,2,36
Iringa,Kilolo,Kilolo DC,Kilolo,Ng'uruhe,Lukani,62,Isengavakiva,,0.0, ,,,1.2,1.8,3.0,33,2,35
Iringa,Kilolo,Kilolo DC,Kilolo,Ng'uruhe,Lukani,63,Ipogolo,,1.5,1,,,1.2,1.8,3.0,30,2,32
Iringa,Kilolo,Kilolo DC,Kilolo,Ng'uruhe,Isuka,64,Wilolesi,,0.0, ,,,1.0,1.4,2.4,14,1,15
Iringa,Kilolo,Kilolo DC,Kilolo,Ng'uruhe,Isuka,65,"Kihanga
",,1.9,1,,,1.0,1.6,2.6,25,1,26
Iringa,Kilolo,Kilolo DC,Kilolo,Ng'uruhe,Isuka,66,Mifugo,,2.4,1,,,1.4,2.1,3.5,43,2,45
Iringa,Kilolo,Kilolo DC,Kilolo,Ukwega,Ukwega,67,Nyahi,,0.0, ,,,1.0,1.6,2.6,44,2,46
Iringa,Kilolo,Kilolo DC,Kilolo,Ukwega,Ukwega,68,Kati B,,0.0, ,,,1.4,2.1,3.5,48,3,51
Iringa,Kilolo,Kilolo DC,Kilolo,Ukwega,Ukwega,69,Iselebu,,0.0, ,,,1.0,1.5,2.5,34,2,36
Iringa,Kilolo,Kilolo DC,Kilolo,Ukwega,Ukwega,70,Mnenuka A,,2.3, ,1,,1.2,1.8,3.0,43,2,45
Iringa,Kilolo,Kilolo DC,Kilolo,Ukwega,Ukwega,71,Mnenuka B,,0.0, ,,,1.0,1.5,2.5,25,1,26
Iringa,Kilolo,Kilolo DC,Kilolo,Ukwega,Ipalamwa,72,Ndege,,0.0, ,1,,1.2,1.8,3.0,45,2,47
Iringa,Kilolo,Kilolo DC,Kilolo,Ukwega,Ipalamwa,73,Mifugoni,,0.0, ,,,1.2,1.8,3.0,43,2,45
Iringa,Kilolo,Kilolo DC,Kilolo,Ukwega,Ipalamwa,74,Ihongole,,0.0, ,,,1.1,1.7,2.8,37,2,39
Iringa,Kilolo,Kilolo DC,Kilolo,Ukwega,Lulindi,75,Kivanga,,0.8, ,1,,1.6,2.4,4.0,44,2,46
Iringa,Kilolo,Kilolo DC,Kilolo,Ukwega,Mkalanga,76,Matambo,,0.0, ,,,1.0,1.4,2.4,22,1,23
Iringa,Kilolo,Kilolo DC,Kilolo,Ukwega,Mkalanga,77,Korintho,,0.0,1,,,1.3,1.9,3.2,46,2,48
Iringa,Kilolo,Kilolo DC,Kilolo,Ukwega,Mkalanga,78,Mkalanga B,,0.0, ,,,1.3,1.9,3.2,53,3,56
Iringa,Kilolo,Kilolo DC,Kilolo,Ukwega,Makungu,79,Mhongola,,3.2,1,,,1.2,1.8,3.0,37,2,39
Iringa,Kilolo,Kilolo DC,Kilolo,Ukwega,Makungu,80,Msufini,,0.0, ,,,1.4,2.2,3.6,36,2,38
Iringa,Kilolo,Kilolo DC,Kilolo,Ukwega,Makungu,81,Mwanilangali,,1.9,1,,,1.3,1.9,3.2,43,2,45
Iringa,Kilolo,Kilolo DC,Kilolo,Kising'a,Kidumka,82,Madasi,,2.0,1,,,1.3,1.9,3.2,52,3,55
Iringa,Kilolo,Kilolo DC,Kilolo,Kising'a,Kidumka,83,Luhapo,,4.0,1,,,1.4,2.2,3.6,14,1,15
Iringa,Kilolo,Kilolo DC,Kilolo,Kising'a,Kising'a,84,Muhemi,,0.8,1,,,1.0,1.6,2.6,32,2,34
Iringa,Kilolo,Kilolo DC,Kilolo,Kising'a,Isele,85,Malambo B ,,0.0, ,1,,1.2,1.8,3.0,85,4,89
Iringa,Kilolo,Kilolo DC,Kilolo,Kising'a,Isele,86,Igalamo,,1.7,1,,,0.8,1.2,2.0,34,2,36
Iringa,Kilolo,Kilolo DC,Kilolo,Kising'a,Barabarambili,87,Malangali,,2.1,1,,,0.9,1.3,2.2,34,2,36
Iringa,Kilolo,Kilolo DC,Kilolo,Mtitu,Lulanzi,88,Ilala C,,0.9, ,1,,1.2,1.8,3.0,43,2,45
Iringa,Kilolo,Kilolo DC,Kilolo,Mtitu,Lulanzi,89,Kiswengele,,0.0, ,,,0.9,1.4,2.3,34,2,36
Iringa,Kilolo,Kilolo DC,Kilolo,Mtitu,Lulanzi,90,Ipugulu,,0.3,1,,,1.1,1.7,2.8,32,2,34
Iringa,Kilolo,Kilolo DC,Kilolo,Mtitu,Kilolo,91,Kikuluhe,,2.1, ,1,,1.2,1.8,3.0,43,2,45
Iringa,Kilolo,Kilolo DC,Kilolo,Ukumbi,Mawambala,92,Kipera,,2.0,1,,,1.1,1.7,2.8,36,2,38
Iringa,Kilolo,Kilolo DC,Kilolo,Ukumbi,Mawambala,93,Uleling'ombe,,1.7,1,,,1.4,2.0,3.4,62,3,65
Iringa,Kilolo,Kilolo DC,Kilolo,Ukumbi,Winome,94,Njiapanda,,2.7,2,,,2.2,3.2,5.4,101,5,106
Iringa,Kilolo,Kilolo DC,Kilolo,Ukumbi,Winome,95,Kilimahewa,,1.6,1,,,1.2,1.8,3.0,59,3,62
Iringa,Kilolo,Kilolo DC,Kilolo,Ukumbi,Winome,96,Kiwalali,,1.1,1,,,1.4,2.2,3.6,64,3,67
Iringa,Kilolo,Kilolo DC,Kilolo,Ukumbi,Ukumbi,97,Isimike,,0.0, ,,,0.8,1.1,1.9,23,1,24
Iringa,Kilolo,Kilolo DC,Kilolo,Ukumbi,Masalali,98,Masalali A,,0.0, ,,,1.0,1.6,2.6,44,2,46
Iringa,Kilolo,Kilolo DC,Kilolo,Ukumbi,Masalali,99,Masalali B,,0.0, ,1,,0.9,1.4,2.3,43,2,45
Iringa,Kilolo,Kilolo DC,Kilolo,Ukumbi,Masalali,100,Mbeya,,1.0,1,,,1.1,1.6,2.7,22,1,23
Iringa,Kilolo,Kilolo DC,Kilolo,Ng'uruhe,Masege,101,Kipebta,,0.0,1,,,1.3,1.9,3.2,55,3,58
Iringa,Kilolo,Kilolo DC,Kilolo,Ng'uruhe,Masege,102,Lulindi,,0.0,1,,,1.2,1.8,3.0,43,2,45
Iringa,Kilolo,Kilolo DC,Kilolo,Ng'uruhe,Masege,103,Nyautwa,,3.3,1,,,0.8,1.2,2.0,30,2,32
Iringa,Kilolo,Kilolo DC,Kilolo,Ng'uruhe,Masege,104,Luwinda,,0.9,1,,,1.0,1.5,2.5,37,2,39
Iringa,Kilolo,Kilolo DC,Kilolo,Ukumbi,Kitowo,105,Uhanyana,,1.2,1,,,1.4,2.2,3.6,44,2,46
Iringa,Kilolo,Kilolo DC,Kilolo,Ukumbi,Kitowo,106,Kisengumkiva,,0.0,1,,,1.2,1.8,3.0,33,2,35
Iringa,Kilolo,Kilolo DC,Kilolo,Mtitu,Mtitu,107,Mtitu mashariki,,0.0,1,,,1.2,1.8,3.0,32,2,34
Iringa,Kilolo,Kilolo DC,Kilolo,Mtitu,Mtitu,108,Masumbo,,2.2,1,,,0.9,1.3,2.2,30,2,32
Iringa,Kilolo,Kilolo DC,Kilolo,Ihimbo,Utengule,109,Itengule,,0.0,1,,,1.1,1.6,2.7,43,2,45
Iringa,Kilolo,Kilolo DC,Kilolo,Ihimbo,Utengule,110,Magangamatitu,,0.0, ,,,1.0,1.6,2.6,25,1,26
Iringa,Kilolo,Kilolo DC,Kilolo,Ihimbo,Utengule,111,Kitumbuka,,1.2,1,,,1.2,1.8,3.0,54,3,57
Iringa,Kilolo,Kilolo DC,Kilolo,Ihimbo,Utengule,112,Majengo,,1.8,1,,,1.6,2.4,4.0,62,3,65
Iringa,Kilolo,Kilolo DC,Kilolo,Ihimbo,Italula,113,Kibaoni,,0.0,1,,,1.1,1.6,2.7,32,2,34
Iringa,Kilolo,Kilolo DC,Kilolo,Ihimbo,Italula,114,Chama,,1.4,1,,,1.1,1.7,2.8,33,2,35
Iringa,Kilolo,Kilolo DC,Kilolo,Ihimbo,Italula,115,Mnepelo ,,1.5,25,,,0.8,1.3,2.1,19,1,20
Iringa,Kilolo,Kilolo DC,Kilolo,Ihimbo,Ihimbo,116,Winome,,2.1,1,,,1.2,1.8,3.0,43,2,45
Iringa,Kilolo,Kilolo DC,Kilolo,Udekwa,Udekwa,117,Mabondwa,,6.8,1,,,1.4,2.2,3.6,34,2,36
Iringa,Kilolo,Kilolo DC,Kilolo,Udekwa,Udekwa,118,Ilawa,,0.0, ,,,0.9,1.3,2.2,43,2,45
Iringa,Kilolo,Kilolo DC,Kilolo,Udekwa,Udekwa,119,Vikoga,,0.0, ,,,1.4,2.0,3.4,53,3,56
Iringa,Kilolo,Kilolo DC,Kilolo,Udekwa,Udekwa,120,Msogoli,,1.3, ,1,,0.9,1.4,2.3,43,2,45
Iringa,Kilolo,Kilolo DC,Kilolo,Udekwa,Udekwa,121,Ng'elema,,2.5,1,,,1.1,1.7,2.8,22,1,23
Iringa,Kilolo,Kilolo DC,Kilolo,Udekwa,Udekwa,122,Lwanzali,,0.0,1,,,0.8,1.2,2.0,8,0,8
Iringa,Kilolo,Kilolo DC,Kilolo,Udekwa,Udekwa,123,Mitupi ,,0.0, ,1,,1.4,2.1,3.5,64,3,67
Iringa,Kilolo,Kilolo DC,Kilolo,Udekwa,Ifuwa,124,Kidilo,,0.0,1,,,1.0,1.5,2.5,54,3,57
Iringa,Kilolo,Kilolo DC,Kilolo,Udekwa,Ifuwa,125,Mwagidawa,,0.0, ,,,1.1,1.6,2.7,34,2,36
Iringa,Kilolo,Kilolo DC,Kilolo,Udekwa,Ifuwa,126,Kitolomela,,0.0,1,,,1.2,1.7,2.9,43,2,45
Iringa,Kilolo,Kilolo DC,Kilolo,Udekwa,Ifuwa,127,Ikovelo,,0.0, ,,,1.1,1.7,2.8,25,1,26
Iringa,Kilolo,Kilolo DC,Kilolo,Udekwa,Wotalisoli,128,Kihanga B,,0.5,1,,,1.2,1.7,2.9,44,2,46
Iringa,Kilolo,Kilolo DC,Kilolo,Udekwa,Wotalisoli,129,Msegele,,0.0,1,,,1.1,1.6,2.7,24,1,25
Iringa,Kilolo,Kilolo DC,Kilolo,Udekwa,Wotalisoli,130,Vikongwa,,0.0, ,,,1.0,1.5,2.5,34,2,36
Iringa,Kilolo,Kilolo DC,Kilolo,Ibumu,Ilambo,131,Lugolofu,,5.3,1,,,1.8,2.7,4.5,24,1,25
Iringa,Kilolo,Kilolo DC,Kilolo,Ibumu,Ilambo,132,"Magunga
",,0.7,1,,,1.1,1.7,2.8,32,2,34
Iringa,Kilolo,Kilolo DC,Kilolo,Ibumu,Ilambo,133,Mavigili,,3.7,1,,,1.2,1.8,3.0,37,2,39
Iringa,Kilolo,Kilolo DC,Kilolo,Ibumu,Ibumu,134,Ivangwa,,436.0,1,,,1.4,2.2,3.6,47,2,49
Iringa,Kilolo,Kilolo DC,Kilolo,Ibumu,Kilumbwa,135,Luhanzo,,0.0,1,,,1.2,1.8,3.0,53,3,56
Iringa,Kilolo,Kilolo DC,Kilolo,Ibumu,Kilumbwa,136,Chengele,,4.7,1,,,1.2,1.8,3.0,17,1,18
Iringa,Kilolo,Kilolo DC,Kilolo,Ibumu,Kilala kidewa,137,Kilala A,,5.2,1,,,1.2,1.8,3.0,36,2,38
Iringa,Kilolo,Kilolo DC,Kilolo,Uhambingeto,Iwungi,138,Mnusi,,0.0, ,,,1.0,1.4,2.4,12,1,13
Iringa,Kilolo,Kilolo DC,Kilolo,Uhambingeto,Iwungi,139,Iwungi,,0.0, ,,,0.9,1.3,2.2,21,1,22
Iringa,Kilolo,Kilolo DC,Kilolo,Uhambingeto,Iwungi,140,Matambo,,0.0, ,,,1.2,1.8,3.0,30,2,32
Iringa,Kilolo,Kilolo DC,Kilolo,Uhambingeto,Ng'osi,141,Kiwisa,,0.0, ,,,1.2,1.8,3.0,32,2,34
Iringa,Kilolo,Kilolo DC,Kilolo,Uhambingeto,Ng'osi,142,Nyamsoa,,0.0, ,,,1.2,1.8,3.0,34,2,36
Iringa,Kilolo,Kilolo DC,Kilolo,Uhambingeto,Uhambingeto,143,Bomalang'ombe,,1.6,1,,,1.2,1.9,3.1,49,3,52
Iringa,Kilolo,Kilolo DC,Kilolo,Uhambingeto,Vitono,144,Dunguya,,1.2,1,,,1.5,2.2,3.7,45,2,47
Iringa,Kilolo,Kilolo DC,Kilolo,Image,Lyasa,145,Msasamu,,0.0,1,,,0.8,1.2,2.0,17,1,18
Iringa,Kilolo,Kilolo DC,Kilolo,Image,Lyasa,146,Msale,,3.7,1,,,1.2,1.9,3.1,22,1,23
Iringa,Kilolo,Kilolo DC,Kilolo,Image,Ilawa,147,Masapila,,0.0, ,,,1.2,1.8,3.0,15,1,16
Iringa,Kilolo,Kilolo DC,Kilolo,Image,Uhominyi,148,Makalala,,1.4, ,1,,1.4,2.1,3.5,64,3,67
Iringa,Kilolo,Kilolo DC,Kilolo,Image,Image no 8,149,Matambo,,2.0,1,,,1.2,1.8,3.0,43,2,45
Iringa,Kilolo,Kilolo DC,Kilolo,Image,Image no 8,150,Kichangani,,2.8, ,1,,1.6,2.4,4.0,74,4,78
Iringa,Kilolo,Kilolo DC,Kilolo,Irole,Irole,151,Mwaya,,3.1,1,,,1.3,2.0,3.3,49,3,52
Iringa,Kilolo,Kilolo DC,Kilolo,Irole,Irole,152,Vilalo,,2.5,1,,,1.4,2.0,3.4,43,2,45
Iringa,Kilolo,Kilolo DC,Kilolo,Irole,Irole,153,Igominyi,,2.7, ,1,,1.6,2.5,4.1,74,4,78
Iringa,Kilolo,Kilolo DC,Kilolo,Irole,Ibofwe,154,Ibofwe,,4.0,1,,,1.5,2.3,3.8,37,2,39
Iringa,Kilolo,Kilolo DC,Kilolo,Irole,Ibofwe,155,Luking'ino,,0.0,1,,,1.2,1.8,3.0,34,2,36
Iringa,Kilolo,Kilolo DC,Kilolo,Irole,Ibofwe,156,Ilangamoto,,4.6,1,,,1.4,2.1,3.5,43,2,45
Iringa,Kilolo,Kilolo DC,Kilolo,Irole,Kitelewasi,157,Ipogo,,1.5,1,,,1.3,1.9,3.2,43,2,45
Iringa,Kilolo,Kilolo DC,Kilolo,Irole,Lundamatwe,158,Lusaula,,0.0,1,,,1.4,2.0,3.4,53,3,56
Iringa,Kilolo,Kilolo DC,Kilolo,Irole,Lundamatwe,159,Ruaha,,1.7,1,,,1.2,1.8,3.0,32,2,34
Iringa,Kilolo,Kilolo DC,Kilolo,Irole,Lundamatwe,160,kibati,,0.0,1,,,1.3,1.9,3.2,38,2,40
Iringa,Kilolo,Kilolo DC,Kilolo,Lugalo,Mbigili,161,Morogoro,,1.2,1,,,1.6,2.4,4.0,44,2,46
Iringa,Kilolo,Kilolo DC,Kilolo,Lugalo,Mbigili,162,Ibulu,,1.4,1,,,1.4,2.2,3.6,34,2,36
Iringa,Kilolo,Kilolo DC,Kilolo,Lugalo,Mazombe,163,Igunga,,3.1,1,,,1.3,1.9,3.2,22,1,23
Iringa,Kilolo,Kilolo DC,Kilolo,Lugalo,Imalutwa,164,Vikelo,,3.7,1,,,0.8,1.2,2.0,36,2,38
Iringa,Kilolo,Kilolo DC,Kilolo,Lugalo,Imalutwa,165,Igunga,,3.6,1,,,1.7,2.5,4.2,53,3,56
Iringa,Kilolo,Kilolo DC,Kilolo,Lugalo,Imalutwa,166,Mwiluti,,2.7,1,,,1.6,2.4,4.0,64,3,67
Iringa,Kilolo,Kilolo DC,Kilolo,Mahenge,Magana,167,Mkundi,,1.4,1,,,1.6,2.4,4.0,43,2,45
Iringa,Kilolo,Kilolo DC,Kilolo,Mahenge,Magana,168,Mkwila,,2.6,1,,,1.0,1.6,2.6,15,1,16
Iringa,Kilolo,Kilolo DC,Kilolo,Mahenge,Mahenge,169,Mlewela,,,,,,,,,,,
Iringa,Kilolo,Kilolo DC,Kilolo,Mahenge,Magana,170,Mkengengelechuma,,2.5,1,,,1.1,1.7,2.8,24,1,25
Iringa,Kilolo,Kilolo DC,Kilolo,Mahenge,Irindi,171,Madaba,,0.0,1,,,1.0,1.5,2.5,24,1,25
Iringa,Kilolo,Kilolo DC,Kilolo,Mahenge,Irindi,172,Vikongi,,1.1,1,,,1.2,1.8,3.0,33,2,35
Iringa,Kilolo,Kilolo DC,Kilolo,Mahenge,Irindi,173,Mdahila,,2.2,1,,,1.2,1.7,2.9,32,2,34
Iringa,Kilolo,Kilolo DC,Kilolo,Mahenge,Irindi,174,Igeme,,4.3,1,,,0.9,1.4,2.3,13,1,14
Iringa,Kilolo,Kilolo DC,Kilolo,Ruaha mbuyuni,Ruaha mbuyuni,175,Kigamboni,,2.3,1,,,1.3,1.9,3.2,29,2,31
Iringa,Kilolo,Kilolo DC,Kilolo,Ruaha mbuyuni,Msosa,176,Mjengo,,1.4,1,,,1.2,1.8,3.0,53,3,56
Iringa,Kilolo,Kilolo DC,Kilolo,Ruaha mbuyuni,Ikula,177,Mkwajuni,,0.0,1,,,1.4,2.2,3.6,62,3,65
Iringa,Kilolo,Kilolo DC,Kilolo,Ruaha mbuyuni,Ikula,178,Tindiga,,0.0, ,,,1.1,1.7,2.8,43,2,45
Iringa,Kilolo,Kilolo DC,Kilolo,Ruaha mbuyuni,Ikula,179,Ikula B,,2.2,1,,,1.2,1.8,3.0,57,3,60
Iringa,Kilolo,Kilolo DC,Kilolo,Ruaha mbuyuni,Mtandika,180,Mhefu,,6.8,1,,,0.8,1.2,2.0,13,1,14
Iringa,Kilolo,Kilolo DC,Kilolo,Ruaha mbuyuni,Mtandika,181,Wafugaji,,0.0, ,,,0.4,0.6,1.0,3,0,3
Iringa,Kilolo,Kilolo DC,Kilolo,Nyanzwa,Nyanzwa,182,Itemela,,0.0, ,,,1.1,1.6,2.7,34,2,36
Iringa,Kilolo,Kilolo DC,Kilolo,Nyanzwa,Nyanzwa,183,Mpilipili,,1.8, ,1,,1.4,2.2,3.6,40,2,42
Iringa,Kilolo,Kilolo DC,Kilolo,Nyanzwa,Nyanzwa,184,Miembeni,,0.0, ,,,1.2,1.8,3.0,32,2,34
Iringa,Kilolo,Kilolo DC,Kilolo,Nyanzwa,Nyanzwa,185,Minazini,,0.0, ,,,0.8,1.2,2.0,18,1,19
Iringa,Kilolo,Kilolo DC,Kilolo,Nyanzwa,Igunda,186,Balali,,0.0, ,,,0.8,1.2,2.0,29,2,30
Iringa,Kilolo,Kilolo DC,Kilolo,Nyanzwa,Igunda,187,Kidohoho,,2.7,1,,,1.0,1.5,2.5,10,1,10
Iringa,Kilolo,Kilolo DC,Kilolo,Nyanzwa,Igunda,188,Beku,,0.0, ,1,,1.8,2.7,4.5,53,3,56
Iringa,Kilolo,Kilolo DC,Kilolo,Nyanzwa,Igunda,189,Igunda,,0.0,1,,,1.2,1.8,3.0,34,2,36
Iringa,Kilolo,Kilolo DC,Kilolo,Nyanzwa,Mgowelo,190,Kibandulo,,0.0, ,,,0.8,1.2,2.0,32,2,34
Iringa,Kilolo,Kilolo DC,Kilolo,Nyanzwa,Mgowelo,191,wafugaji,,0.0,1,,,0.8,1.2,2.0,29,2,31
Iringa,Kilolo,Kilolo DC,Kilolo,Nyanzwa,Mgowelo,192,Vinyungu,,0.0, ,,,0.8,1.2,2.0,22,1,23
Iringa,Kilolo,Kilolo DC,Kilolo,Nyanzwa,Mgowelo,193,Mtwango,,0.0, ,,,0.6,0.9,1.5,21,1,22
Iringa,Kilolo,Kilolo DC,Kilolo,Nyanzwa,Mgowelo,194,Kimbigili ,,0.0, ,,,0.7,1.1,1.8,19,1,20
Iringa,Kilolo,Kilolo DC,Kilolo,Ukumbi,Ukami,195,Ilangamoto,,0.0,,,,0.8,1.2,2.0,25,1,26
Iringa,Kilolo,Kilolo DC,Kilolo,Ukumbi,Ukami,196,Ihongole,,2.2,1,,,1.4,2.1,3.5,43,2,45
Iringa,Kilolo,Kilolo DC,Kilolo,Ukumbi,Ukami,197,Kinyangusi,,1.7,1,,,1.5,2.2,3.7,43,2,45
Iringa,Kilolo,Kilolo DC,Kilolo,Ukumbi,Ukami,198,Uyenga,,0.0,,,,0.9,1.4,2.3,34,2,36
JUMLA NDOGO,,,,,,194,,0.0,653.6,148,19,1,232.6,348.8,581.4,"7,524",396,"7,920"
Iringa,Mufindi,Mufindi DC,Mufindi Kusini,Nyololo,Lwing'ulo,1,Kilongo,,0.0,1, ,,1.2,1.8,3.0,30,2,32
Iringa,Mufindi,Mufindi DC,Mufindi Kusini,Nyololo,Lwing'ulo,2,Mtili,,1.8,1, ,,1.4,2.2,3.6,43,2,45
Iringa,Mufindi,Mufindi DC,Mufindi Kusini,Nyololo,Lwing'ulo,3,Mlewela,,0.0, , ,,1.4,2.0,3.4,22,1,23
Iringa,Mufindi,Mufindi DC,Mufindi Kusini,Nyololo,Nyololo shuleni,4,Kilimahewa,,0.0, ,1,,1.6,2.4,4.0,62,3,65
Iringa,Mufindi,Mufindi DC,Mufindi Kusini,Nyololo,Nyololo shuleni,5,Ilala,,0.0,1, ,,1.2,1.8,3.0,22,1,23
Iringa,Mufindi,Mufindi DC,Mufindi Kusini,Maduma,Ihanganatwa,6,Luhanga,,0.0,1, ,,1.2,1.8,3.0,34,2,36
Iringa,Mufindi,Mufindi DC,Mufindi Kusini,Maduma,Ihanganatwa,7,Ilala,,3.2,1, ,,1.0,1.5,2.5,21,1,22
Iringa,Mufindi,Mufindi DC,Mufindi Kusini,Maduma,Maduma,8,Mavyale B,,0.0, ,1,,1.7,2.6,4.3,95,5,100
Iringa,Mufindi,Mufindi DC,Mufindi Kusini,Maduma,Maduma,9,Msimbazi A,,0.0, ,1,,1.5,2.3,3.8,82,4,86
Iringa,Mufindi,Mufindi DC,Mufindi Kusini,Maduma,Maduma,10,Msimbazi B,,4.6,1, ,,1.6,2.4,4.0,52,3,55
Iringa,Mufindi,Mufindi DC,Mufindi Kusini,Maduma,Maduma,11,Kibaho,,0.0,1, ,,1.3,2.0,3.3,43,2,45
Iringa,Mufindi,Mufindi DC,Mufindi Kusini,Maduma,Maduma,12,Mlimba,,3.9,1, ,,0.9,1.3,2.2,24,1,25
Iringa,Mufindi,Mufindi DC,Mufindi Kusini,Maduma,Wangamaganga,13,Iguluvi,,0.0, , ,,1.1,1.7,2.8,37,2,39
Iringa,Mufindi,Mufindi DC,Mufindi Kusini,Maduma,Wangamaganga,14,Kihanga,,2.6,1, ,,1.4,2.2,3.6,14,1,15
Iringa,Mufindi,Mufindi DC,Mufindi Kusini,Maduma,Wangamaganga,15,Ibatu,,2.4,1, ,,1.0,1.6,2.6,22,1,23
Iringa,Mufindi,Mufindi DC,Mufindi Kusini,Maduma,Wangamaganga,16,Mungano,,2.0,1,1,,0.8,1.2,2.0,10,1,11
Iringa,Mufindi,Mufindi DC,Mufindi Kusini,Malangali,Tambalang'ombe,17,Idimilichuma,,3.7,1, ,,1.2,1.8,3.0,43,2,45
Iringa,Mufindi,Mufindi DC,Mufindi Kusini,Malangali,Tambalang'ombe,18,Lwato,,4.4,1, ,,1.4,2.0,3.4,32,2,34
Iringa,Mufindi,Mufindi DC,Mufindi Kusini,Malangali,Tambalang'ombe,19,Ulefi,,4.1,1, ,,1.4,2.2,3.6,43,2,45
Iringa,Mufindi,Mufindi DC,Mufindi Kusini,Malangali,Isimikinyi,20,Mifugo,,3.4,1, ,,0.8,1.2,2.0,11,1,12
Iringa,Mufindi,Mufindi DC,Mufindi Kusini,Malangali,Mwilavila,21,Mjimwema,,0.0, ,1,,2.0,3.0,5.0,74,4,78
Iringa,Mufindi,Mufindi DC,Mufindi Kusini,Malangali,Kingege,22,Kingege,,1.8,1, ,,1.6,2.4,4.0,39,2,41
Iringa,Mufindi,Mufindi DC,Mufindi Kusini,Malangali,Kingege,23,Mdingilo,,2.7,1, ,,1.2,1.7,2.9,32,2,34
Iringa,Mufindi,Mufindi DC,Mufindi Kusini,Malangali,Itengule,24,Ilundibalula,,1.3,1, ,,1.3,1.9,3.2,34,2,36
Iringa,Mufindi,Mufindi DC,Mufindi Kusini,Ihowanza,Ipilimo iyayi,25,Ilalasimba,,0.0,1, ,,1.4,2.2,3.6,35,2,37
Iringa,Mufindi,Mufindi DC,Mufindi Kusini,Ihowanza,Ipilimo iyayi,26,Ihanga,,0.5,1, ,,1.2,1.8,3.0,30,2,32
Iringa,Mufindi,Mufindi DC,Mufindi Kusini,Ihowanza,Ipilimo iyayi,27,Ulonzi,,4.4,1, ,,1.2,1.8,3.0,32,2,34
Iringa,Mufindi,Mufindi DC,Mufindi Kusini,Ihowanza,Ipilimo iyayi,28,Ivangilo,,6.0,1,1,,1.2,1.8,3.0,13,1,14
Iringa,Mufindi,Mufindi DC,Mufindi Kusini,Ihowanza,Kiponda,29,Muhango,,1.5,1, ,,1.3,2.0,3.3,34,2,36
Iringa,Mufindi,Mufindi DC,Mufindi Kusini,Ihowanza,Kiponda,30,Ilangi,,0.0,1, ,,1.6,2.4,4.0,45,2,47
Iringa,Mufindi,Mufindi DC,Mufindi Kusini,Ihowanza,Kiponda,31,Ng'ongwinzelu,,0.0,1, ,,1.4,2.2,3.6,49,3,52
Iringa,Mufindi,Mufindi DC,Mufindi Kusini,Ihowanza,Kwatwanga,32,Mifugo,,0.0,1, ,,1.6,2.4,4.0,59,3,62
Iringa,Mufindi,Mufindi DC,Mufindi Kusini,Ihowanza,Kwatwanga,33,Udenyimembe,,2.6,1, ,,1.0,1.6,2.6,32,2,34
Iringa,Mufindi,Mufindi DC,Mufindi Kusini,Ihowanza,Kwatwanga,34,Ifyulilo,,0.0, , ,,1.4,2.0,3.4,32,2,34
Iringa,Mufindi,Mufindi DC,Mufindi Kusini,Ihowanza,Ihowanza,35,Kidingili,,2.0,1, ,,1.2,1.8,3.0,34,2,36
Iringa,Mufindi,Mufindi DC,Mufindi Kusini,Ihowanza,Ihowanza,36,Idope,,3.5,1, ,,1.3,1.9,3.2,40,2,42
Iringa,Mufindi,Mufindi DC,Mufindi Kusini,Ihowanza,Ihowanza,37,Mlimani,,1.7,1, ,,1.6,2.4,4.0,35,2,37
Iringa,Mufindi,Mufindi DC,Mufindi Kusini,Ihowanza,Ihowanza,38,Makabila,,1.6, ,1,,1.6,2.4,4.0,53,3,56
Iringa,Mufindi,Mufindi DC,Mufindi Kusini,Ihowanza,Ihowanza,39,Mtamba,,0.0, , ,,1.2,1.8,3.0,34,2,36
Iringa,Mufindi,Mufindi DC,Mufindi Kusini,Idunda,Idumlavanu,40,Lwango,,2.2, ,1,,2.0,3.0,5.0,97,5,102
Iringa,Mufindi,Mufindi DC,Mufindi Kusini,Idunda,Idumlavanu,41,Kwambaka,,3.2,1, ,,1.2,1.8,3.0,18,1,19
Iringa,Mufindi,Mufindi DC,Mufindi Kusini,Idunda,Idumlavanu,42,Ngalanga,,2.6,1, ,,1.4,2.2,3.6,32,2,34
Iringa,Mufindi,Mufindi DC,Mufindi Kusini,Idunda,Idumlavanu,43,Idumlavanu,,1.5,1, ,,1.3,1.9,3.2,32,2,34
Iringa,Mufindi,Mufindi DC,Mufindi Kusini,Idunda,Idumlavanu,44,Ivagula,,1.8,1, ,,1.6,2.3,3.9,41,2,43
Iringa,Mufindi,Mufindi DC,Mufindi Kusini,Idunda,Ikangamwani,45,Kihanga,,0.0, , ,,1.2,1.7,2.9,34,2,36
Iringa,Mufindi,Mufindi DC,Mufindi Kusini,Idunda,Ikangamwani,46,Mpogolo A,,3.0, ,1,,1.4,2.2,3.6,47,2,49
Iringa,Mufindi,Mufindi DC,Mufindi Kusini,Idunda,Ikangamwani,47,Mpogolo B,,0.0, , ,,1.2,1.8,3.0,32,2,34
Iringa,Mufindi,Mufindi DC,Mufindi Kusini,Idunda,Ikangamwani,48,Itamba,,2.0,1, ,,1.2,1.9,3.1,32,2,34
Iringa,Mufindi,Mufindi DC,Mufindi Kusini,Idunda,Ikangamwani,49,Kihesa,,2.0,1, ,,1.2,1.8,3.0,35,2,37
Iringa,Mufindi,Mufindi DC,Mufindi Kusini,Idunda,Mkangwe,50,Katenge,,0.0,1, ,,2.0,3.0,5.0,43,2,45
Iringa,Mufindi,Mufindi DC,Mufindi Kusini,Idunda,Mkangwe,51,Mlangali,,0.0,1, ,,1.8,2.8,4.6,45,2,47
Iringa,Mufindi,Mufindi DC,Mufindi Kusini,Itandula,Kinegembasi,52,Unyanye C ,,0.0,1, ,,1.8,2.8,4.6,43,2,45
Iringa,Mufindi,Mufindi DC,Mufindi Kusini,Itandula,Kinegembasi,53,Ruaha D,,3.0,1, ,,2.0,3.0,5.0,23,1,24
Iringa,Mufindi,Mufindi DC,Mufindi Kusini,Itandula,Iramba,54,Kivele B,,0.0, , ,,0.8,1.2,2.0,22,1,23
Iringa,Mufindi,Mufindi DC,Mufindi Kusini,Itandula,Nyigo,55,Bomba A,,0.0, ,1,,1.4,2.2,3.6,51,3,54
Iringa,Mufindi,Mufindi DC,Mufindi Kusini,Itandula,Nyigo,56,Bomba B,,0.0, , ,,1.6,2.3,3.9,44,2,46
Iringa,Mufindi,Mufindi DC,Mufindi Kusini,Itandula,Ikimilinzowo,57,Mtakuja,,3.9, ,1,,2.0,3.0,5.0,64,3,67
Iringa,Mufindi,Mufindi DC,Mufindi Kusini,Itandula,Ikimilinzowo,58,Ruaha,,0.7,1, ,,1.4,2.2,3.6,34,2,36
Iringa,Mufindi,Mufindi DC,Mufindi Kusini,Itandula,Ihawaga,59,Kihanga,,0.8,1, ,,1.4,2.2,3.6,43,2,45
Iringa,Mufindi,Mufindi DC,Mufindi Kusini,Itandula,Ihawaga,60,Kinyanambo,,1.5,1, ,,1.2,1.8,3.0,24,1,25
Iringa,Mufindi,Mufindi DC,Mufindi Kusini,Mbalamaziwa,Nyanyembe,61,Irangi,,3.9,1, ,,1.6,2.4,4.0,59,3,62
Iringa,Mufindi,Mufindi DC,Mufindi Kusini,Mbalamaziwa,Ukemele,62,Ilangali,,2.0,1, ,,1.2,1.8,3.0,33,2,35
Iringa,Mufindi,Mufindi DC,Mufindi Kusini,Mbalamaziwa,Ukemele,63,Mgeluka,,3.4,1, ,,1.7,2.5,4.2,49,3,52
Iringa,Mufindi,Mufindi DC,Mufindi Kusini,Mbalamaziwa,Ukemele,64,Iyai,,3.5,1, ,,1.5,2.2,3.7,43,2,45
Iringa,Mufindi,Mufindi DC,Mufindi Kusini,Mtambula,Ipilimo,65,Sawala,,0.0,1, ,,1.4,2.1,3.5,32,2,34
Iringa,Mufindi,Mufindi DC,Mufindi Kusini,Mtambula,Ipilimo,66,Image,,0.0, , ,,1.2,1.8,3.0,23,1,24
Iringa,Mufindi,Mufindi DC,Mufindi Kusini,Mtambula,Ipilimo,67,Tambalang'ombe,,0.0,1, ,,1.4,2.1,3.5,43,2,45
Iringa,Mufindi,Mufindi DC,Mufindi Kusini,Mtambula,Mtambula,68,Msumbiji,,2.1, ,1,,2.4,3.6,6.0,83,4,87
Iringa,Mufindi,Mufindi DC,Mufindi Kusini,Mtambula,Mtambula,69,Idodi,,2.9, ,1,,2.2,3.4,5.6,85,4,89
Iringa,Mufindi,Mufindi DC,Mufindi Kusini,Mtambula,Nyakipambo,70,Magunga,,0.0, , ,,1.2,1.8,3.0,21,1,22
Iringa,Mufindi,Mufindi DC,Mufindi Kusini,Mtambula,Nyakipambo,71,Songambele,,2.6,1, ,,1.2,1.8,3.0,34,2,36
Iringa,Mufindi,Mufindi DC,Mufindi Kusini,Mtambula,Nyakipambo,72,Kihovela,,3.2,1, ,,1.3,1.9,3.2,30,2,32
Iringa,Mufindi,Mufindi DC,Mufindi Kusini,Kasanga,Lwang'a,73,Uwanja was ndege,,0.0, , ,,1.5,2.2,3.7,33,2,35
Iringa,Mufindi,Mufindi DC,Mufindi Kusini,Kasanga,Udumka,74,Luhota,,0.0, , ,,1.3,1.9,3.2,43,2,45
Iringa,Mufindi,Mufindi DC,Mufindi Kusini,Kasanga,Udumka,75,Nyakanane,,0.0, ,1,,1.2,1.8,3.0,34,2,36
Iringa,Mufindi,Mufindi DC,Mufindi Kusini,Kasanga,Udumka,76,Ramadhani,,0.0, , ,,0.9,1.3,2.2,35,2,37
Iringa,Mufindi,Mufindi DC,Mufindi Kusini,Kasanga,Udumka,77,Finge,,0.0, , ,,1.1,1.6,2.7,43,2,45
Iringa,Mufindi,Mufindi DC,Mufindi Kusini,Kasanga,Kilolo,78,Isakalilo,,0.0, , ,,1.1,1.6,2.7,20,1,21
Iringa,Mufindi,Mufindi DC,Mufindi Kusini,Kasanga,Kilolo,79,Mlimahewa,,0.0,1, ,,1.2,1.8,3.0,22,1,23
Iringa,Mufindi,Mufindi DC,Mufindi Kusini,Kasanga,Kilolo,80,Majalibio ,,1.6, ,1,,1.4,2.2,3.6,49,3,52
Iringa,Mufindi,Mufindi DC,Mufindi Kusini,Kasanga,Kilolo,81,Mapinduzi,,0.0, , ,,1.2,1.8,3.0,43,2,45
Iringa,Mufindi,Mufindi DC,Mufindi Kusini,Idete,Idete,82,Mjimwema,,1.0, ,1,,2.4,3.6,6.0,124,7,130
Iringa,Mufindi,Mufindi DC,Mufindi Kusini,Idete,Idete,83,Skauka,,2.1, ,1,,2.3,3.4,5.7,97,5,102
Iringa,Mufindi,Mufindi DC,Mufindi Kusini,Idete,Itika,84,Ilangamoto,,0.0,1, ,,1.2,1.8,3.0,32,2,34
Iringa,Mufindi,Mufindi DC,Mufindi Kusini,Idete,Itika,85,Nzegime,,4.4,1, ,,1.2,1.8,3.0,17,1,18
Iringa,Mufindi,Mufindi DC,Mufindi Kusini,Idete,Holo,86,Mlima wa shule,,0.0, , ,,1.2,1.8,3.0,14,1,15
Iringa,Mufindi,Mufindi DC,Mufindi Kusini,Idete,Holo,87,Kibalanga,,0.0,1, ,,0.8,1.3,2.1,14,1,15
Iringa,Mufindi,Mufindi DC,Mufindi Kusini,Kiyowela,Isaula,88,Mlima wa shule,,0.0,1, ,,1.8,2.8,4.6,43,2,45
Iringa,Mufindi,Mufindi DC,Mufindi Kusini,Kiyowela,Isaula,89,Ituta,,0.0, , ,,1.6,2.4,4.0,43,2,45
Iringa,Mufindi,Mufindi DC,Mufindi Kusini,Makungu,Makungu,90,Lole,,10.9,1, ,,1.5,2.2,3.7,43,2,45
Iringa,Mufindi,Mufindi DC,Mufindi Kusini,Makungu,Lugema,91,Mlima wa kanisa,,0.0,1, ,,2.0,2.9,4.9,62,3,65
Iringa,Mufindi,Mufindi DC,Mufindi Kusini,Makungu,Lugolofu,92,Uzunguni,,1.0,1, ,,1.6,2.4,4.0,53,3,56
Iringa,Mufindi,Mufindi DC,Mufindi Kusini,Mtwango,Kitiru,93,Msombe,,0.0,1, ,,1.1,1.7,2.8,33,2,35
Iringa,Mufindi,Mufindi DC,Mufindi Kusini,Mtwango,Kitiru,94,Mjimwema,,0.0, , ,,1.2,1.8,3.0,32,2,34
Iringa,Mufindi,Mufindi DC,Mufindi Kusini,Mninga,Itulituli,95,Upembelesa,,0.0,1, ,,1.8,2.8,4.6,47,2,49
Iringa,Mufindi,Mufindi DC,Mufindi Kusini,Mninga,Itulituli,96,Kibata,,2.1,1, ,,1.9,2.8,4.7,43,2,45
Iringa,Mufindi,Mufindi DC,Mufindi Kusini,Mninga,Mninga,97,Utinuka,,0.0,1, ,,1.4,2.2,3.6,43,2,45
Iringa,Mufindi,Mufindi DC,Mufindi Kusini,Mninga,Mkalala,98,Mahang'ana,,0.0,1, ,,1.6,2.4,4.0,47,2,49
Iringa,Mufindi,Mufindi DC,Mufindi Kusini,Mninga,UIkwega,99,Kisembo,,1.4,1, ,,1.3,1.9,3.2,45,2,47
Iringa,Mufindi,Mufindi DC,Mufindi Kusini,Mninga,UIkwega,100,Ndahave,,2.3,1, ,,1.4,2.2,3.6,43,2,45
Iringa,Mufindi,Mufindi DC,Mufindi Kusini,Mninga,UIkwega,101,Kiwanjani,,1.0,1, ,,1.6,2.3,3.9,59,3,62
Iringa,Mufindi,Mufindi DC,Mufindi Kusini,Kasanga,Ihomasa,102,Nyumbanitu,,0.0, , ,,1.1,1.6,2.7,32,2,34
Iringa,Mufindi,Mufindi DC,Mufindi Kusini,Kasanga,Ihomasa,103,Lung'ang'ano,,0.0, , ,,1.2,1.8,3.0,44,2,46
Iringa,Mufindi,Mufindi DC,Mufindi Kusini,Kasanga,Ihomasa,104,Mjimwema,,1.3, ,1,,1.6,2.4,4.0,43,2,45
Iringa,Mufindi,Mufindi DC,Mufindi Kusini,Igowole,Nzivi,105,Kwaganga,,1.2,1, ,,1.4,2.2,3.6,37,2,39
Iringa,Mufindi,Mufindi DC,Mufindi Kusini,Igowole,Nzivi,106,Kipyanga,,1.5,1, ,,1.4,2.1,3.5,43,2,45
Iringa,Mufindi,Mufindi DC,Mufindi Kusini,Igowole,Nzivi,107,Lugalo,,5.0,1, ,,1.6,2.4,4.0,41,2,43
Iringa,Mufindi,Mufindi DC,Mufindi Kusini,Igowole,Nzivi,108,Mtwango,,0.0, , ,,1.6,2.4,4.0,53,3,56
Iringa,Mufindi,Mufindi DC,Mufindi Kusini,Igowole,Ibatu,109,Kanisani,,0.0,1, ,,1.5,2.2,3.7,43,2,45
Iringa,Mufindi,Mufindi DC,Mufindi Kusini,Igowole,Ibatu,110,Mangalale,,0.0, ,1,,1.6,2.4,4.0,45,2,47
Iringa,Mufindi,Mufindi DC,Mufindi Kusini,Igowole,Ibatu,111,Kigoha,,2.6,1, ,,1.5,2.2,3.7,32,2,34
Iringa,Mufindi,Mufindi DC,Mufindi Kusini,Igowole,Kisasa,112,Suchi,,0.0, , ,,1.5,2.2,3.7,34,2,36
Iringa,Mufindi,Mufindi DC,Mufindi Kusini,Igowole,Kisasa,113,Ng'ang'anwa,,3.1,1, ,,1.6,2.4,4.0,44,2,46
Iringa,Mufindi,Mufindi DC,Mufindi Kusini,Igowole,Kisasa,114,Matalawe,,2.7,1, ,,1.6,2.4,4.0,35,2,37
Iringa,Mufindi,Mufindi DC,Mufindi Kusini,Igowole,Kihanga,115,Machura,,0.0,1, ,,1.6,2.4,4.0,64,3,67
Iringa,Mufindi,Mufindi DC,Mufindi Kaskazini,Ikweha,Ikweha,116,Kisengumkiva,,0.0,,,,1.5,2.3,3.8,54,3,57
Iringa,Mufindi,Mufindi DC,Mufindi Kaskazini,Ikweha,Ikweha,117,Kadege,,0.0,,,,1.5,2.2,3.7,40,2,42
Iringa,Mufindi,Mufindi DC,Mufindi Kaskazini,Ikweha,Ikweha,118,Ulunde,,0.0,1,,,1.6,2.3,3.9,48,3,50
Iringa,Mufindi,Mufindi DC,Mufindi Kaskazini,Ikweha,Ikweha,119,Mtimbili,,3.0,1,,,1.6,2.4,4.0,46,2,48
Iringa,Mufindi,Mufindi DC,Mufindi Kaskazini,Ikweha,Ikweha,120,Ilangamoto,,4.4,1,,,1.4,2.2,3.6,32,2,34
Iringa,Mufindi,Mufindi DC,Mufindi Kaskazini,Ikweha,Ikweha,121,Ulaya,,2.8,1,,,1.2,1.8,3.0,37,2,39
Iringa,Mufindi,Mufindi DC,Mufindi Kaskazini,Ikweha,Ugenza,122,Muhenye,,1.8,1,,,1.6,2.4,4.0,53,3,56
Iringa,Mufindi,Mufindi DC,Mufindi Kaskazini,Ikweha,Ugenza,123,"Mbalali
",,0.0,,,,0.8,1.2,2.0,30,2,32
Iringa,Mufindi,Mufindi DC,Mufindi Kaskazini,Ikweha,Ugenza,124,Mwaya,,0.0,1,,,1.2,1.8,3.0,32,2,34
Iringa,Mufindi,Mufindi DC,Mufindi Kaskazini,Ikweha,Ugenza,125,Ibude,,3.3,1,,,1.2,1.8,3.0,32,2,34
Iringa,Mufindi,Mufindi DC,Mufindi Kaskazini,Ikweha,Ugenza,126,Sinai A,,0.0,,,,1.2,1.8,3.0,26,1,27
Iringa,Mufindi,Mufindi DC,Mufindi Kaskazini,Ikweha,Ugenza,127,Sinai B,,6.1,1,,,1.2,1.8,3.0,32,2,34
Iringa,Mufindi,Mufindi DC,Mufindi Kaskazini,Ikweha,Uyela,128,Makete,,0.0,1,,,1.6,2.4,4.0,43,2,45
Iringa,Mufindi,Mufindi DC,Mufindi Kaskazini,Ikweha,Ukeremi,129,Ukeremi,,2.8,1,,,1.5,2.2,3.7,43,2,45
Iringa,Mufindi,Mufindi DC,Mufindi Kaskazini,Sadani,Igomaa,130,Kinegembasi,,1.1,,1,,1.6,2.4,4.0,60,3,63
Iringa,Mufindi,Mufindi DC,Mufindi Kaskazini,Sadani,Utosi,131,Ipande,,0.0,,,,1.2,1.8,3.0,43,2,45
Iringa,Mufindi,Mufindi DC,Mufindi Kaskazini,Sadani,Utosi,132,Mpwapwa,,1.0,,1,,1.7,2.6,4.3,56,3,59
Iringa,Mufindi,Mufindi DC,Mufindi Kaskazini,Sadani,Kibada,133,Lulanda,,0.0,,,,1.4,2.1,3.5,23,1,24
Iringa,Mufindi,Mufindi DC,Mufindi Kaskazini,Igumbavanu,Makongomi,134,Mtitu,,1.4,1,,,1.4,2.0,3.4,43,2,45
Iringa,Mufindi,Mufindi DC,Mufindi Kaskazini,Igumbavanu,Uhambila,135,Lungemba,,0.0,,,,1.4,2.2,3.6,43,2,45
Iringa,Mufindi,Mufindi DC,Mufindi Kaskazini,Igumbavanu,Mapogoro,136,Mtagwaa,,0.0,,,,1.4,2.0,3.4,32,2,34
Iringa,Mufindi,Mufindi DC,Mufindi Kaskazini,Igumbavanu,Mapogoro,137,Mbuga,,0.0,,,,1.2,1.8,3.0,22,1,23
Iringa,Mufindi,Mufindi DC,Mufindi Kaskazini,Igumbavanu,Mapogoro,138,Ukemele,,1.7,1,,,1.6,2.4,4.0,34,2,36
Iringa,Mufindi,Mufindi DC,Mufindi Kaskazini,Igumbavanu,Mapogoro,139,Materefu,,4.1,1,,,1.2,1.8,3.0,45,2,47
Iringa,Mufindi,Mufindi DC,Mufindi Kaskazini,Igumbavanu,Igombavanu,140,Welela,,0.0,1,,,0.9,1.3,2.2,46,2,48
Iringa,Mufindi,Mufindi DC,Mufindi Kaskazini,Igumbavanu,Igombavanu,141,Isela,,0.0,,,,0.8,1.2,2.0,22,1,23
Iringa,Mufindi,Mufindi DC,Mufindi Kaskazini,Igumbavanu,Igombavanu,142,Igombavanu,,0.0,,,,0.8,1.2,2.0,24,1,25
Iringa,Mufindi,Mufindi DC,Mufindi Kaskazini,Igumbavanu,Igombavanu,143,Luga,,0.0,,,,0.6,0.9,1.5,24,1,25
Iringa,Mufindi,Mufindi DC,Mufindi Kaskazini,Mdabulo,Mwitikilwa,144,Malunda,,4.2,1,,,1.2,1.8,3.0,43,2,45
Iringa,Mufindi,Mufindi DC,Mufindi Kaskazini,Ikongosi ,Itulavanu,145,Igangilonga,,0.0,1,,,1.6,2.4,4.0,43,2,45
Iringa,Mufindi,Mufindi DC,Mufindi Kaskazini,Mpangatazara,Mpangatazara,146,Kimbwe station ,,11.0,1,,,0.8,1.2,2.0,16,1,17
Iringa,Mufindi,Mufindi DC,Mufindi Kaskazini,Mpangatazara,Mpangatazara,147,Mkomaga,,15.6,1,,,0.8,1.2,2.0,11,1,12
JUMLA NDOGO,,,,,,147,,0.0,226.8,93,21,0,204.3,306.5,510.8,"5,870",309,"6,179"
JUMLA KUU,,,,,,620,,48.3,"1,215.4",466,56,2,745.9,"1,118.9","1,864.8","23,629","1,243","24,862"
