MKOA WA KATAVI,,,,,,,,Scope of works,,,,,,,,,,
,,,,,,,,,,,,,,,,,,
,,,,,,,,MV Lines (Km),,Distribution Transformers (kVA),,,Low Voltage Lines (km),,,Initial Customers,,
Mkoa,Wilaya,Halmashauri,Jimbo,Kata,Kijiji,Na,Kitongoji,11kV,33kV,50,100,200,4x95 sq.mm,4x50 sq.mm,LV Total (km),Single Phase,Three Phase,Total
Katavi,Tanganyika,Mpanda DC,Mpanda Vijijini,Karema,Karema,1,Kusini A,,0.0,1,,,1.6,1.1,2.7,50,3,53
Katavi,Tanganyika,Mpanda DC,Mpanda Vijijini,Karema,Karema,2,Kaskazini B,,0.0,1,,,1.6,1.1,2.7,50,3,53
Katavi,Tanganyika,Mpanda DC,Mpanda Vijijini,Karema,Karema,3,Kaskazini A,,0.0,1,,,1.6,1.1,2.7,50,3,53
Katavi,Tanganyika,Mpanda DC,Mpanda Vijijini,Karema,Karema,4,Kijiweni,,0.0,1,,,1.6,1.1,2.7,50,3,53
Katavi,Tanganyika,Mpanda DC,Mpanda Vijijini,Karema,Karema,5,Kamazile,,1.0,1,,,1.6,1.1,2.7,50,3,53
Katavi,Tanganyika,Mpanda DC,Mpanda Vijijini,Karema,Itetemya,6,Ifume,,0.0,1,,,1.6,1.1,2.7,50,3,53
Katavi,Tanganyika,Mpanda DC,Mpanda Vijijini,Karema,Itetemya,7,Sumbwa,,2.0,1,,,1.6,1.1,2.7,50,3,53
Katavi,Tanganyika,Mpanda DC,Mpanda Vijijini,Karema,Itetemya,8,Igalukilo A.,,0.2,1,,,1.6,1.1,2.7,50,3,53
Katavi,Tanganyika,Mpanda DC,Mpanda Vijijini,Kapalamsenga,Songambele,9, Songambele,,0.0,1,,,1.6,1.1,2.7,50,3,53
Katavi,Tanganyika,Mpanda DC,Mpanda Vijijini,Kapalamsenga,Songambele,10,Mtakuja,,0.0,1,,,1.6,1.1,2.7,50,3,53
Katavi,Tanganyika,Mpanda DC,Mpanda Vijijini,Kapalamsenga,Songambele,11,Majengo A,,0.0,1,,,1.6,1.1,2.7,50,3,53
Katavi,Tanganyika,Mpanda DC,Mpanda Vijijini,Kapalamsenga,Songambele,12, Milundumo,,1.0,1,,,1.6,1.1,2.7,50,3,53
Katavi,Tanganyika,Mpanda DC,Mpanda Vijijini,Kapalamsenga,Kapalamsenga,13,Mji mwema,,0.0,1,,,1.6,1.1,2.7,50,3,53
Katavi,Tanganyika,Mpanda DC,Mpanda Vijijini,Kapalamsenga,Kapalamsenga,14,Msasani,,0.0,1,,,1.6,1.1,2.7,50,3,53
Katavi,Tanganyika,Mpanda DC,Mpanda Vijijini,Kapalamsenga,Kapalamsenga,15, Kamalamansa,,0.2,1,,,1.6,1.1,2.7,50,3,53
Katavi,Tanganyika,Mpanda DC,Mpanda Vijijini,Kapalamsenga,Kapalamsenga,16,Majengo B,,0.0,1,,,1.6,1.1,2.7,50,3,53
Katavi,Tanganyika,Mpanda DC,Mpanda Vijijini,Kapalamsenga,Itunya,17,Nkuswe ,,0.0,1,,,1.6,1.1,2.7,50,3,53
Katavi,Tanganyika,Mpanda DC,Mpanda Vijijini,Kapalamsenga,Itunya,18,Nsango,,5.0,1,,,1.6,1.1,2.7,50,3,53
Katavi,Tanganyika,Mpanda DC,Mpanda Vijijini,Kapalamsenga,Itunya,19,Kamitobo,,4.0,1,,,1.6,1.1,2.7,50,3,53
Katavi,Tanganyika,Mpanda DC,Mpanda Vijijini,Kapalamsenga,Itunya,20, Migungani,,0.0,1,,,1.6,1.1,2.7,50,3,53
Katavi,Tanganyika,Mpanda DC,Mpanda Vijijini,Kapalamsenga,Itunya,21,Mnyundwe,,5.5,1,,,1.6,1.1,2.7,50,3,53
Katavi,Tanganyika,Mpanda DC,Mpanda Vijijini,Ikola,Ikola,22,Isigo,,0.0,1,,,1.6,1.1,2.7,50,3,53
Katavi,Tanganyika,Mpanda DC,Mpanda Vijijini,Ikola,Ikola,23,Bujombe,,0.0,1,,,1.6,1.1,2.7,50,3,53
Katavi,Tanganyika,Mpanda DC,Mpanda Vijijini,Ikola,Ikola,24,Utinta A.,,0.0,1,,,1.6,1.1,2.7,50,3,53
Katavi,Tanganyika,Mpanda DC,Mpanda Vijijini,Ikola,Ikola,25,Utinta B,,0.0,1,,,1.6,1.1,2.7,50,3,53
Katavi,Tanganyika,Mpanda DC,Mpanda Vijijini,Ikola,Ikola,26,Ikola Stoo,,0.0,1,,,1.6,1.1,2.7,50,3,53
Katavi,Tanganyika,Mpanda DC,Mpanda Vijijini,Ikola,Ikola,27,Mpalamawe  A,,0.0,1,,,1.6,1.1,2.7,50,3,53
Katavi,Tanganyika,Mpanda DC,Mpanda Vijijini,Ikola,Ikola,28,Kalumbi,,5.0,1,,,1.6,1.1,2.7,50,3,53
Katavi,Tanganyika,Mpanda DC,Mpanda Vijijini,Ikola,Mchangani,29,Kalilangwena,,0.0,1,,,1.6,1.1,2.7,50,3,53
Katavi,Tanganyika,Mpanda DC,Mpanda Vijijini,Ikola,Mchangani,30,Mzambarauni,,0.0,1,,,1.6,1.1,2.7,50,3,53
Katavi,Tanganyika,Mpanda DC,Mpanda Vijijini,Ikola,Mchangani,31,Mchangani,,0.0,1,,,1.6,1.1,2.7,50,3,53
Katavi,Tanganyika,Mpanda DC,Mpanda Vijijini,Ikola,Mchangani,32,Mzabwela,,0.0,1,,,1.6,1.1,2.7,50,3,53
Katavi,Tanganyika,Mpanda DC,Mpanda Vijijini,Ikola,Mchangani,33,Sokoni,,0.0,1,,,1.6,1.1,2.7,50,3,53
Katavi,Tanganyika,Mpanda DC,Mpanda Vijijini,Ikola,Mchangani,34,Sumbwa,,0.0,1,,,1.6,1.1,2.7,50,3,53
Katavi,Tanganyika,Mpanda DC,Mpanda Vijijini,Ikola,Mchangani,35,Forodhani.,,0.2,1,,,1.6,1.1,2.7,50,3,53
Katavi,Tanganyika,Mpanda DC,Mpanda Vijijini,Ikola,Mchangani,36,Kajinga,,0.0,1,,,1.6,1.1,2.7,50,3,53
Katavi,Tanganyika,Mpanda DC,Mpanda Vijijini,Ikola,Kafisha,37,Ngala,,0.0,1,,,1.6,1.1,2.7,50,3,53
Katavi,Tanganyika,Mpanda DC,Mpanda Vijijini,Ikola,Kafisha,38,kafisha Kati,,0.0,1,,,1.6,1.1,2.7,50,3,53
Katavi,Tanganyika,Mpanda DC,Mpanda Vijijini,Ikola,Kafisha,39,Katambo,,0.0,1,,,1.6,1.1,2.7,50,3,53
Katavi,Tanganyika,Mpanda DC,Mpanda Vijijini,Ikola,Kafisha,40,Isigo,,0.0,1,,,1.6,1.1,2.7,50,3,53
Katavi,Tanganyika,Mpanda DC,Mpanda Vijijini,Isengule,Isengule,41, Isengula Magharibi,,0.0,1,,,1.6,1.1,2.7,50,3,53
Katavi,Tanganyika,Mpanda DC,Mpanda Vijijini,Isengule,Isengule,42, Laela,,0.0,1,,,1.6,1.1,2.7,50,3,53
Katavi,Tanganyika,Mpanda DC,Mpanda Vijijini,Isengule,Isengule,43, Isengule Mashariki,,0.0,1,,,1.6,1.1,2.7,50,3,53
Katavi,Tanganyika,Mpanda DC,Mpanda Vijijini,Isengule,Isengule,44,Mchangani,,0.0,1,,,1.6,1.1,2.7,50,3,53
Katavi,Tanganyika,Mpanda DC,Mpanda Vijijini,Isengule,Shukula,45,Shukula,,4.0,1,,,1.6,1.1,2.7,50,3,53
Katavi,Tanganyika,Mpanda DC,Mpanda Vijijini,Isengule,Shukula,46,Kenfungwa,,1.5,1,,,1.6,1.1,2.7,50,3,53
Katavi,Tanganyika,Mpanda DC,Mpanda Vijijini,Isengule,Shukula,47,Igoma,,0.0,1,,,1.6,1.1,2.7,50,3,53
Katavi,Tanganyika,Mpanda DC,Mpanda Vijijini,Isengule,Shukula,48,Kamuhama,,0.0,1,,,1.6,1.1,2.7,50,3,53
Katavi,Tanganyika,Mpanda DC,Mpanda Vijijini,Isengule,Shukula,49,Ipakomatana’B',,2.0,1,,,1.6,1.1,2.7,50,3,53
Katavi,Tanganyika,Mpanda DC,Mpanda Vijijini,Isengule,Kasangantongwe,50,Isimwa,,3.0,1,,,1.6,1.1,2.7,50,3,53
Katavi,Tanganyika,Mpanda DC,Mpanda Vijijini,Isengule,Kasangantongwe,51,Kasulamnyaga,,0.0,1,,,1.6,1.1,2.7,50,3,53
Katavi,Tanganyika,Mpanda DC,Mpanda Vijijini,Isengule,Kasangantongwe,52,Tupondogolo,,1.5,1,,,1.6,1.1,2.7,50,3,53
Katavi,Tanganyika,Mpanda DC,Mpanda Vijijini,Isengule,Kasangantongwe,53,Kasangantongwe,,1.5,1,,,1.6,1.1,2.7,50,3,53
Katavi,Tanganyika,Mpanda DC,Mpanda Vijijini,Katuma,Katuma,54,Majengo,,1.0,1,,,1.6,1.1,2.7,50,3,53
Katavi,Tanganyika,Mpanda DC,Mpanda Vijijini,Katuma,Katuma,55,Mashineni,,0.0,1,,,1.6,1.1,2.7,50,3,53
Katavi,Tanganyika,Mpanda DC,Mpanda Vijijini,Katuma,Katuma,56,Shuleni,,0.0,1,,,1.6,1.1,2.7,50,3,53
Katavi,Tanganyika,Mpanda DC,Mpanda Vijijini,Katuma,Katuma,57,Mwikang'ombe,,3.0,1,,,1.6,1.1,2.7,50,3,53
Katavi,Tanganyika,Mpanda DC,Mpanda Vijijini,Katuma,Kamilala,58,Kayenze A,,0.0,1,,,1.6,1.1,2.7,50,3,53
Katavi,Tanganyika,Mpanda DC,Mpanda Vijijini,Katuma,Kamilala,59,Kamlenga,,0.0,1,,,1.6,1.1,2.7,50,3,53
Katavi,Tanganyika,Mpanda DC,Mpanda Vijijini,Katuma,Kamilala,60,Mzoga wa Fisi,,1.0,1,,,1.6,1.1,2.7,50,3,53
Katavi,Tanganyika,Mpanda DC,Mpanda Vijijini,Katuma,Kapanga,61,Msikitini,,0.0,1,,,1.6,1.1,2.7,50,3,53
Katavi,Tanganyika,Mpanda DC,Mpanda Vijijini,Katuma,Kapanga,62,Mlimani,,1.0,1,,,1.6,1.1,2.7,50,3,53
Katavi,Tanganyika,Mpanda DC,Mpanda Vijijini,Katuma,Kapanga,63,Nsimbo,,3.0,1,,,1.6,1.1,2.7,50,3,53
Katavi,Tanganyika,Mpanda DC,Mpanda Vijijini,Katuma,Mpembe,64,Mpembe,,0.0,1,,,1.6,1.1,2.7,50,3,53
Katavi,Tanganyika,Mpanda DC,Mpanda Vijijini,Katuma,Mpembe,65,Ibulamasi Mashariki,,1.0,1,,,1.6,1.1,2.7,50,3,53
Katavi,Tanganyika,Mpanda DC,Mpanda Vijijini,Katuma,Mpembe,66,Ibulamasi Magharibi,,0.0,1,,,1.6,1.1,2.7,50,3,53
Katavi,Tanganyika,Mpanda DC,Mpanda Vijijini,Katuma,Mpembe,67,Mlinda,,4.0,1,,,1.6,1.1,2.7,50,3,53
Katavi,Tanganyika,Mpanda DC,Mpanda Vijijini,Katuma,Mpembe,68,Kahelele,,3.0,1,,,1.6,1.1,2.7,50,3,53
Katavi,Tanganyika,Mpanda DC,Mpanda Vijijini,Katuma,Mpembe,69,Kabatini,,5.0,1,,,1.6,1.1,2.7,50,3,53
Katavi,Tanganyika,Mpanda DC,Mpanda Vijijini,Mwese,Lwega,70,Lwega Namba 8A,,0.0,1,,,1.6,1.1,2.7,50,3,53
Katavi,Tanganyika,Mpanda DC,Mpanda Vijijini,Mwese,Lwega,71,Lwega Namba 7A,,0.0,1,,,1.6,1.1,2.7,50,3,53
Katavi,Tanganyika,Mpanda DC,Mpanda Vijijini,Mwese,Lwega,72,Lwega Namba 1,,0.0,1,,,1.6,1.1,2.7,50,3,53
Katavi,Tanganyika,Mpanda DC,Mpanda Vijijini,Mwese,Lwega,73,Igalula,,0.0,1,,,1.6,1.1,2.7,50,3,53
Katavi,Tanganyika,Mpanda DC,Mpanda Vijijini,Mwese,Bujombe,74,Mabwensofu,,0.0,1,,,1.6,1.1,2.7,50,3,53
Katavi,Tanganyika,Mpanda DC,Mpanda Vijijini,Mwese,Bujombe,75,Matimba,,0.0,1,,,1.6,1.1,2.7,50,3,53
Katavi,Tanganyika,Mpanda DC,Mpanda Vijijini,Mwese,Bujombe,76,Kasangasi,,4.0,1,,,1.6,1.1,2.7,50,3,53
Katavi,Tanganyika,Mpanda DC,Mpanda Vijijini,Mwese,Bujombe,77,Katente,,0.0,1,,,1.6,1.1,2.7,50,3,53
Katavi,Tanganyika,Mpanda DC,Mpanda Vijijini,Mwese,Bujombe,78,Kasunga,,0.0,1,,,1.6,1.1,2.7,50,3,53
Katavi,Tanganyika,Mpanda DC,Mpanda Vijijini,Mwese,  Lugonesi,79, Kitongoji Na 4a,,0.0,1,,,1.6,1.1,2.7,50,3,53
Katavi,Tanganyika,Mpanda DC,Mpanda Vijijini,Mwese,  Lugonesi,80, Kitongoji Na.4b,,0.0,1,,,1.6,1.1,2.7,50,3,53
Katavi,Tanganyika,Mpanda DC,Mpanda Vijijini,Mwese,  Lugonesi,81, Kitongoji Na. 5a,,1.0,1,,,1.6,1.1,2.7,50,3,53
Katavi,Tanganyika,Mpanda DC,Mpanda Vijijini,Mwese,  Lugonesi,82, Kitongoji Na.5b,,2.0,1,,,1.6,1.1,2.7,50,3,53
Katavi,Tanganyika,Mpanda DC,Mpanda Vijijini,Mwese,Mwese,83,Namba 2,,0.0,1,,,1.6,1.1,2.7,50,3,53
Katavi,Tanganyika,Mpanda DC,Mpanda Vijijini,Mwese,Mwese,84,Namba 3A,,3.0,1,,,1.6,1.1,2.7,50,3,53
Katavi,Tanganyika,Mpanda DC,Mpanda Vijijini,Mwese,Mwese,85,Namba 3B,,0.5,1,,,1.6,1.1,2.7,50,3,53
Katavi,Tanganyika,Mpanda DC,Mpanda Vijijini,Kasekese,Kasekese,86,Kasekese A,,0.0,1,,,1.6,1.1,2.7,50,3,53
Katavi,Tanganyika,Mpanda DC,Mpanda Vijijini,Kasekese,Kasekese,87,Kasekese B,,0.0,1,,,1.6,1.1,2.7,50,3,53
Katavi,Tanganyika,Mpanda DC,Mpanda Vijijini,Kasekese,Kasekese,88,Mlango mmoja,,0.0,1,,,1.6,1.1,2.7,50,3,53
Katavi,Tanganyika,Mpanda DC,Mpanda Vijijini,Kasekese,Kasekese,89,Itwanga,,1.0,1,,,1.6,1.1,2.7,50,3,53
Katavi,Tanganyika,Mpanda DC,Mpanda Vijijini,Kasekese,Kasekese,90,Misisi.,,2.5,1,,,1.6,1.1,2.7,50,3,53
Katavi,Tanganyika,Mpanda DC,Mpanda Vijijini,Kasekese,Kagunga,91,Kagunga ‘A’,,0.0,1,,,1.6,1.1,2.7,50,3,53
Katavi,Tanganyika,Mpanda DC,Mpanda Vijijini,Kasekese,Kagunga,92,Kamkola ,,1.5,1,,,1.6,1.1,2.7,50,3,53
Katavi,Tanganyika,Mpanda DC,Mpanda Vijijini,Kasekese,Kagunga,93,Mantena,,3.0,1,,,1.6,1.1,2.7,50,3,53
Katavi,Tanganyika,Mpanda DC,Mpanda Vijijini,Kasekese,Kaseganyama,94,Kaseganyama A,,0.0,1,,,1.6,1.1,2.7,50,3,53
Katavi,Tanganyika,Mpanda DC,Mpanda Vijijini,Kasekese,Kaseganyama,95,Kaseganyama B,,0.0,1,,,1.6,1.1,2.7,50,3,53
Katavi,Tanganyika,Mpanda DC,Mpanda Vijijini,Sibwesa,Nkungwi,96,Nkungwi,,0.0,1,,,1.6,1.1,2.7,50,3,53
Katavi,Tanganyika,Mpanda DC,Mpanda Vijijini,Sibwesa,Nkungwi,97,Iloba A,,2.0,1,,,1.6,1.1,2.7,50,3,53
Katavi,Tanganyika,Mpanda DC,Mpanda Vijijini,Sibwesa,Nkungwi,98,Iloba B,,0.0,1,,,1.6,1.1,2.7,50,3,53
Katavi,Tanganyika,Mpanda DC,Mpanda Vijijini,Sibwesa,Nkungwi,99,Rutuba,,7.0,1,,,1.6,1.1,2.7,50,3,53
Katavi,Tanganyika,Mpanda DC,Mpanda Vijijini,Sibwesa, Sibwesa,100,Mtapenda,,5.0,1,,,1.6,1.1,2.7,50,3,53
Katavi,Tanganyika,Mpanda DC,Mpanda Vijijini,Sibwesa, Sibwesa,101,Sibwesa Mashariki,,0.0,1,,,1.6,1.1,2.7,50,3,53
Katavi,Tanganyika,Mpanda DC,Mpanda Vijijini,Sibwesa, Sibwesa,102,Magogo,,0.0,1,,,1.6,1.1,2.7,50,3,53
Katavi,Tanganyika,Mpanda DC,Mpanda Vijijini,Sibwesa, Sibwesa,103,Kamlenga,,0.0,1,,,1.6,1.1,2.7,50,3,53
Katavi,Tanganyika,Mpanda DC,Mpanda Vijijini,Sibwesa, Sibwesa,104,Sibwesa Magharibi,,0.0,1,,,1.6,1.1,2.7,50,3,53
Katavi,Tanganyika,Mpanda DC,Mpanda Vijijini,Sibwesa,Kabage,105,Kabage A,,0.0,1,,,1.6,1.1,2.7,50,3,53
Katavi,Tanganyika,Mpanda DC,Mpanda Vijijini,Sibwesa,Kabage,106,Kabage B,,0.0,1,,,1.6,1.1,2.7,50,3,53
Katavi,Tanganyika,Mpanda DC,Mpanda Vijijini,Sibwesa,Kabage,107,Mwamapuli A,,0.0,1,,,1.6,1.1,2.7,50,3,53
Katavi,Tanganyika,Mpanda DC,Mpanda Vijijini,Sibwesa,Kabage,108,Mwamapuli B,,0.0,1,,,1.6,1.1,2.7,50,3,53
Katavi,Tanganyika,Mpanda DC,Mpanda Vijijini,Sibwesa,Kabage,109,Kabage Mashariki,,1.0,1,,,1.6,1.1,2.7,50,3,53
Katavi,Tanganyika,Mpanda DC,Mpanda Vijijini,Kabungu,Kabungu,110,Imalausinga,,0.0,1,,,1.6,1.1,2.7,50,3,53
Katavi,Tanganyika,Mpanda DC,Mpanda Vijijini,Kabungu,Kabungu,111,Kagwila,,0.0,1,,,1.6,1.1,2.7,50,3,53
Katavi,Tanganyika,Mpanda DC,Mpanda Vijijini,Kabungu,Kabungu,112,Ikulu,,0.0,1,,,1.6,1.1,2.7,50,3,53
Katavi,Tanganyika,Mpanda DC,Mpanda Vijijini,Kabungu,Kabungu,113,Songotupendane,,0.0,1,,,1.6,1.1,2.7,50,3,53
Katavi,Tanganyika,Mpanda DC,Mpanda Vijijini,Kabungu,Kabungu,114,Sijonga ,,0.0,1,,,1.6,1.1,2.7,50,3,53
Katavi,Tanganyika,Mpanda DC,Mpanda Vijijini,Kabungu,Kabungu,115,Mbogwe ,,1.5,1,,,1.6,1.1,2.7,50,3,53
Katavi,Tanganyika,Mpanda DC,Mpanda Vijijini,Kabungu,Kabungu,116,Wazo jema,,0.5,1,,,1.6,1.1,2.7,50,3,53
Katavi,Tanganyika,Mpanda DC,Mpanda Vijijini,Kabungu,Kabungu,117,Ibambye,,0.0,1,,,1.6,1.1,2.7,50,3,53
Katavi,Tanganyika,Mpanda DC,Mpanda Vijijini,Kabungu,Kabungu,118,Kamuluguju,,0.0,1,,,1.6,1.1,2.7,50,3,53
Katavi,Tanganyika,Mpanda DC,Mpanda Vijijini,Kabungu,Kasinde,119,Kasinde,,0.0,1,,,1.6,1.1,2.7,50,3,53
Katavi,Tanganyika,Mpanda DC,Mpanda Vijijini,Kabungu,Kasinde,120,Ikaka,,0.0,1,,,1.6,1.1,2.7,50,3,53
Katavi,Tanganyika,Mpanda DC,Mpanda Vijijini,Kabungu,Kasinde,121,Shakoma,,0.0,1,,,1.6,1.1,2.7,50,3,53
Katavi,Tanganyika,Mpanda DC,Mpanda Vijijini,Kabungu,Kasinde,122,Kafulu,,4.0,1,,,1.6,1.1,2.7,50,3,53
Katavi,Tanganyika,Mpanda DC,Mpanda Vijijini,Kabungu,Kasinde,123,Tupendane,,1.3,1,,,1.6,1.1,2.7,50,3,53
Katavi,Tanganyika,Mpanda DC,Mpanda Vijijini,Kabungu,Kasinde,124,Ikombasogo,,2.5,1,,,1.6,1.1,2.7,50,3,53
Katavi,Tanganyika,Mpanda DC,Mpanda Vijijini,Kabungu,Kasinde,125,Kagala,,3.0,1,,,1.6,1.1,2.7,50,3,53
Katavi,Tanganyika,Mpanda DC,Mpanda Vijijini,Kabungu,Kasinde,126,Butiki,,2.0,1,,,1.6,1.1,2.7,50,3,53
Katavi,Tanganyika,Mpanda DC,Mpanda Vijijini,Kabungu,Kasinde,127,Mapambano,,0.5,1,,,1.6,1.1,2.7,50,3,53
Katavi,Tanganyika,Mpanda DC,Mpanda Vijijini,Kabungu,Kasinde,128,Katonyaga,,6.0,1,,,1.6,1.1,2.7,50,3,53
Katavi,Tanganyika,Mpanda DC,Mpanda Vijijini,Mnyagala, Mnyagala,129,Ntumba,,2.0,1,,,1.6,1.1,2.7,50,3,53
Katavi,Tanganyika,Mpanda DC,Mpanda Vijijini,Mnyagala, Mnyagala,130,Ming’ong’oni,,3.0,1,,,1.6,1.1,2.7,50,3,53
Katavi,Tanganyika,Mpanda DC,Mpanda Vijijini,Mnyagala, Mnyagala,131,Iloba,,0.0,1,,,1.6,1.1,2.7,50,3,53
Katavi,Tanganyika,Mpanda DC,Mpanda Vijijini,Mnyagala, Mnyagala,132,Mnyagala A,,0.0,1,,,1.6,1.1,2.7,50,3,53
Katavi,Tanganyika,Mpanda DC,Mpanda Vijijini,Mnyagala, Mnyagala,133,Mnyagala B,,0.0,1,,,1.6,1.1,2.7,50,3,53
Katavi,Tanganyika,Mpanda DC,Mpanda Vijijini,Mnyagala,Kamsanga,134,Ilebula B,,0.0,1,,,1.6,1.1,2.7,50,3,53
Katavi,Tanganyika,Mpanda DC,Mpanda Vijijini,Mnyagala,Kamsanga,135,Mlimani,,0.0,1,,,1.6,1.1,2.7,50,3,53
Katavi,Tanganyika,Mpanda DC,Mpanda Vijijini,Mnyagala,Kamsanga,136,Kamsanga,,0.0,1,,,1.6,1.1,2.7,50,3,53
Katavi,Tanganyika,Mpanda DC,Mpanda Vijijini,Mnyagala,Kamsanga,137,Kamsanga B,,0.0,1,,,1.6,1.1,2.7,50,3,53
Katavi,Tanganyika,Mpanda DC,Mpanda Vijijini,Mnyagala,Ikaka,138,Ikaka Gengeni,,0.0,1,,,1.6,1.1,2.7,50,3,53
Katavi,Tanganyika,Mpanda DC,Mpanda Vijijini,Mnyagala,Ikaka,139,Ikaka ‘B’,,0.0,1,,,1.6,1.1,2.7,50,3,53
Katavi,Tanganyika,Mpanda DC,Mpanda Vijijini,Mnyagala,Ikaka,140,Vumilia,,0.0,1,,,1.6,1.1,2.7,50,3,53
Katavi,Tanganyika,Mpanda DC,Mpanda Vijijini,Mnyagala,Ikaka,141,Ilebula ‘A’,,0.0,1,,,1.6,1.1,2.7,50,3,53
Katavi,Tanganyika,Mpanda DC,Mpanda Vijijini,Tongwe,Vikonge,142,Vikonge,,0.0,1,,,1.6,1.1,2.7,50,3,53
Katavi,Tanganyika,Mpanda DC,Mpanda Vijijini,Tongwe,Vikonge,143,Mnyamasi A,,8.0,1,,,1.6,1.1,2.7,50,3,53
Katavi,Tanganyika,Mpanda DC,Mpanda Vijijini,Tongwe,Vikonge,144,Mnyamasi B.,,0.0,1,,,1.6,1.1,2.7,50,3,53
Katavi,Tanganyika,Mpanda DC,Mpanda Vijijini,Tongwe,Vikonge,145,Mnyamasi,,0.0,1,,,1.6,1.1,2.7,50,3,53
Katavi,Tanganyika,Mpanda DC,Mpanda Vijijini,Tongwe,Ngomalusambo,146,Ntinti ,,0.0,1,,,1.6,1.1,2.7,50,3,53
Katavi,Tanganyika,Mpanda DC,Mpanda Vijijini,Tongwe,Ngomalusambo,147,Ijenje,,2.0,1,,,1.6,1.1,2.7,50,3,53
Katavi,Tanganyika,Mpanda DC,Mpanda Vijijini,Tongwe,Ngomalusambo,148,Ngomalusambo,,0.0,1,,,1.6,1.1,2.7,50,3,53
Katavi,Tanganyika,Mpanda DC,Mpanda Vijijini,Tongwe,Ngomalusambo,149,Ivungwe,,3.0,1,,,1.6,1.1,2.7,50,3,53
Katavi,Tanganyika,Mpanda DC,Mpanda Vijijini,Tongwe,Bugwe,150,Bugwe A,,0.0,1,,,1.6,1.1,2.7,50,3,53
Katavi,Tanganyika,Mpanda DC,Mpanda Vijijini,Tongwe,Bugwe,151,Bugwe B,,0.0,1,,,1.6,1.1,2.7,50,3,53
Katavi,Tanganyika,Mpanda DC,Mpanda Vijijini,Tongwe,Majalila,152,Masemba,,0.0,1,,,1.6,1.1,2.7,50,3,53
Katavi,Tanganyika,Mpanda DC,Mpanda Vijijini,Tongwe,Majalila,153,Inyantambo,,2.0,1,,,1.6,1.1,2.7,50,3,53
Katavi,Tanganyika,Mpanda DC,Mpanda Vijijini,Tongwe,Majalila,154,Ibenga,,0.0,1,,,1.6,1.1,2.7,50,3,53
Katavi,Tanganyika,Mpanda DC,Mpanda Vijijini,Tongwe,Majalila,155,Majalila,,0.0,1,,,1.6,1.1,2.7,50,3,53
Katavi,Tanganyika,Mpanda DC,Mpanda Vijijini,Tongwe,Majalila,156,Mpandandogo,,0.0,1,,,1.6,1.1,2.7,50,3,53
Katavi,Tanganyika,Mpanda DC,Mpanda Vijijini,Mpandandogo,Mchakamchaka,157,Chemka,,0.0,1,,,1.6,1.1,2.7,50,3,53
Katavi,Tanganyika,Mpanda DC,Mpanda Vijijini,Mpandandogo,Mchakamchaka,158,Achatuone,,0.0,1,,,1.6,1.1,2.7,50,3,53
Katavi,Tanganyika,Mpanda DC,Mpanda Vijijini,Mpandandogo,Mchakamchaka,159,Kamsemkwa,,0.0,1,,,1.6,1.1,2.7,50,3,53
Katavi,Tanganyika,Mpanda DC,Mpanda Vijijini,Mpandandogo,Mchakamchaka,160,Kumekucha,,0.0,1,,,1.6,1.1,2.7,50,3,53
Katavi,Tanganyika,Mpanda DC,Mpanda Vijijini,Mpandandogo,Katobo,161,Katobo A,,3.0,1,,,1.6,1.1,2.7,50,3,53
Katavi,Tanganyika,Mpanda DC,Mpanda Vijijini,Mpandandogo,Katobo,162,Katobo B,,0.5,1,,,1.6,1.1,2.7,50,3,53
Katavi,Tanganyika,Mpanda DC,Mpanda Vijijini,Mpandandogo,Katobo,163,Ng’ambo A,,5.0,1,,,1.6,1.1,2.7,50,3,53
Katavi,Tanganyika,Mpanda DC,Mpanda Vijijini,Mpandandogo,Katobo,164,Ng'ambo B,,0.5,1,,,1.6,1.1,2.7,50,3,53
Katavi,Tanganyika,Mpanda DC,Mpanda Vijijini,Mpandandogo,Igalula,165,Itofu,,4.0,1,,,1.6,1.1,2.7,50,3,53
Katavi,Tanganyika,Mpanda DC,Mpanda Vijijini,Mpandandogo,Igalula,166,Magunga B,,0.0,1,,,1.6,1.1,2.7,50,3,53
Katavi,Tanganyika,Mpanda DC,Mpanda Vijijini,Mpandandogo,Igalula,167,Magunga A,,0.0,1,,,1.6,1.1,2.7,50,3,53
Katavi,Tanganyika,Mpanda DC,Mpanda Vijijini,Mpandandogo,Igalula,168,Migombani,,0.0,1,,,1.6,1.1,2.7,50,3,53
Katavi,Tanganyika,Mpanda DC,Mpanda Vijijini,Mpandandogo,Igalula,169,Kasisi,,0.0,1,,,1.6,1.1,2.7,50,3,53
Katavi,Tanganyika,Mpanda DC,Mpanda Vijijini,Mpandandogo,Igagala,170,Igagala A,,0.0,1,,,1.6,1.1,2.7,50,3,53
Katavi,Tanganyika,Mpanda DC,Mpanda Vijijini,Mpandandogo,Igagala,171,Igagala B,,0.0,1,,,1.6,1.1,2.7,50,3,53
Katavi,Tanganyika,Mpanda DC,Mpanda Vijijini,Mpandandogo,Igagala,172,Kamanonge,,0.0,1,,,1.6,1.1,2.7,50,3,53
Katavi,Tanganyika,Mpanda DC,Mpanda Vijijini,Mpandandogo,Ifukutwa,173,Kamtimbo,,1.7,1,,,1.6,1.1,2.7,50,3,53
Katavi,Tanganyika,Mpanda DC,Mpanda Vijijini,Mpandandogo,Ifukutwa,174,Misunkumilo B,,0.0,1,,,1.6,1.1,2.7,50,3,53
Katavi,Tanganyika,Mpanda DC,Mpanda Vijijini,Mpandandogo,Ifukutwa,175,Misunkumilo A,,0.0,1,,,1.6,1.1,2.7,50,3,53
Katavi,Tanganyika,Mpanda DC,Mpanda Vijijini,Mpandandogo,Ifukutwa,176,Ifukutwa B,,0.0,1,,,1.6,1.1,2.7,50,3,53
Katavi,Tanganyika,Mpanda DC,Mpanda Vijijini,Mpandandogo,Ifukutwa,177,Ifukutwa A,,0.0,1,,,1.6,1.1,2.7,50,3,53
Katavi,Tanganyika,Mpanda DC,Mpanda Vijijini,Mpandandogo,Ifukutwa,178,Bunyolwe,,1.0,1,,,1.6,1.1,2.7,50,3,53
Katavi,Tanganyika,Mpanda DC,Mpanda Vijijini,Mishamo,Isenga,179,Ijenda A,,3.0,1,,,1.6,1.1,2.7,50,3,53
Katavi,Tanganyika,Mpanda DC,Mpanda Vijijini,Mishamo,Isenga,180,Ijenda B,,0.5,1,,,1.6,1.1,2.7,50,3,53
Katavi,Tanganyika,Mpanda DC,Mpanda Vijijini,Mishamo,Isenga,181,Kabwika,,0.0,1,,,1.6,1.1,2.7,50,3,53
Katavi,Tanganyika,Mpanda DC,Mpanda Vijijini,Mishamo,Isenga,182,Migombani,,1.0,1,,,1.6,1.1,2.7,50,3,53
Katavi,Tanganyika,Mpanda DC,Mpanda Vijijini,Mishamo,Isenga,183,Mapambano,,2.0,1,,,1.6,1.1,2.7,50,3,53
Katavi,Tanganyika,Mpanda DC,Mpanda Vijijini,Mishamo,Isenga,184,Juhudi,,0.5,1,,,1.6,1.1,2.7,50,3,53
Katavi,Tanganyika,Mpanda DC,Mpanda Vijijini,Mishamo,Isenga,185,Isenga,,0.0,1,,,1.6,1.1,2.7,50,3,53
Katavi,Tanganyika,Mpanda DC,Mpanda Vijijini,Mishamo,Isenga,186,Msikitini,,1.5,1,,,1.6,1.1,2.7,50,3,53
Katavi,Tanganyika,Mpanda DC,Mpanda Vijijini,Mishamo,Ifumbula,187,Ifumbula,,0.0,1,,,1.6,1.1,2.7,50,3,53
Katavi,Tanganyika,Mpanda DC,Mpanda Vijijini,Mishamo,Ifumbula,188,Mlimani,,1.0,1,,,1.6,1.1,2.7,50,3,53
Katavi,Tanganyika,Mpanda DC,Mpanda Vijijini,Mishamo,Ifumbula,189,Mtakuja,,1.0,1,,,1.6,1.1,2.7,50,3,53
Katavi,Tanganyika,Mpanda DC,Mpanda Vijijini,Mishamo,Ifumbula,190,Uzunguni,,1.0,1,,,1.6,1.1,2.7,50,3,53
Katavi,Tanganyika,Mpanda DC,Mpanda Vijijini,Mishamo,Ifumbula,191,Msufini,,0.0,1,,,1.6,1.1,2.7,50,3,53
Katavi,Tanganyika,Mpanda DC,Mpanda Vijijini,Mishamo,Ifumbula,192,Lebanoni,,1.0,1,,,1.6,1.1,2.7,50,3,53
Katavi,Tanganyika,Mpanda DC,Mpanda Vijijini,Mishamo,Ifumbula,193,Kazaroho,,1.0,1,,,1.6,1.1,2.7,50,3,53
Katavi,Tanganyika,Mpanda DC,Mpanda Vijijini,Mishamo,Ifumbula,194,Mjimwema,,0.0,1,,,1.6,1.1,2.7,50,3,53
Katavi,Tanganyika,Mpanda DC,Mpanda Vijijini,Mishamo,Ifumbula,195,Kisiwani,,1.0,1,,,1.6,1.1,2.7,50,3,53
Katavi,Tanganyika,Mpanda DC,Mpanda Vijijini,Mishamo,Ifumbula,196,Kichangani,,0.0,1,,,1.6,1.1,2.7,50,3,53
Katavi,Tanganyika,Mpanda DC,Mpanda Vijijini,Mishamo,Kapemba,197,Kapemba,,0.0,1,,,1.6,1.1,2.7,50,3,53
Katavi,Tanganyika,Mpanda DC,Mpanda Vijijini,Mishamo,Kapemba,198,Mlenga,,0.0,1,,,1.6,1.1,2.7,50,3,53
Katavi,Tanganyika,Mpanda DC,Mpanda Vijijini,Mishamo,Kapemba,199,Kamnembe,,1.0,1,,,1.6,1.1,2.7,50,3,53
Katavi,Tanganyika,Mpanda DC,Mpanda Vijijini,Mishamo,Kapemba,200,Mpinga,,2.5,1,,,1.6,1.1,2.7,50,3,53
Katavi,Tanganyika,Mpanda DC,Mpanda Vijijini,Mishamo,Kapemba,201,Umoja,,1.0,1,,,1.6,1.1,2.7,50,3,53
Katavi,Tanganyika,Mpanda DC,Mpanda Vijijini,Mishamo,Isumbwe,202,Isumbwe,,0.0,1,,,1.6,1.1,2.7,50,3,53
Katavi,Tanganyika,Mpanda DC,Mpanda Vijijini,Mishamo,Isumbwe,203,Center,,0.0,1,,,1.6,1.1,2.7,50,3,53
Katavi,Tanganyika,Mpanda DC,Mpanda Vijijini,Mishamo,Isumbwe,204,Barabara  1,,1.0,1,,,1.6,1.1,2.7,50,3,53
Katavi,Tanganyika,Mpanda DC,Mpanda Vijijini,Mishamo,Isumbwe,205,Barabara  3,,1.5,1,,,1.6,1.1,2.7,50,3,53
Katavi,Tanganyika,Mpanda DC,Mpanda Vijijini,Ilangu,Ilangu,206,Alfa,,2.0,1,,,1.6,1.1,2.7,50,3,53
Katavi,Tanganyika,Mpanda DC,Mpanda Vijijini,Ilangu,Ilangu,207,Bondeni,,1.5,1,,,1.6,1.1,2.7,50,3,53
Katavi,Tanganyika,Mpanda DC,Mpanda Vijijini,Ilangu,Ilangu,208,Amani,,1.5,1,,,1.6,1.1,2.7,50,3,53
Katavi,Tanganyika,Mpanda DC,Mpanda Vijijini,Ilangu,Ilangu,209,Nyerere,,0.0,1,,,1.6,1.1,2.7,50,3,53
Katavi,Tanganyika,Mpanda DC,Mpanda Vijijini,Ilangu,Ilangu,210,Ilangu,,0.0,1,,,1.6,1.1,2.7,50,3,53
Katavi,Tanganyika,Mpanda DC,Mpanda Vijijini,Ilangu,Ilangu,211,Mapambazuko,,3.0,1,,,1.6,1.1,2.7,50,3,53
Katavi,Tanganyika,Mpanda DC,Mpanda Vijijini,Ilangu,Ilangu,212,Msebesa,,3.5,1,,,1.6,1.1,2.7,50,3,53
Katavi,Tanganyika,Mpanda DC,Mpanda Vijijini,Ilangu,Ilangu,213,Kileleni,,3.0,1,,,1.6,1.1,2.7,50,3,53
Katavi,Tanganyika,Mpanda DC,Mpanda Vijijini,Ilangu,Kabanga,214,Kabanga,,0.0,1,,,1.6,1.1,2.7,50,3,53
Katavi,Tanganyika,Mpanda DC,Mpanda Vijijini,Ilangu,Kabanga,215,Mshikamano,,2.0,1,,,1.6,1.1,2.7,50,3,53
Katavi,Tanganyika,Mpanda DC,Mpanda Vijijini,Ilangu,Kabanga,216,Mtakuja,,1.0,1,,,1.6,1.1,2.7,50,3,53
Katavi,Tanganyika,Mpanda DC,Mpanda Vijijini,Ilangu,Kabanga,217,Jazanatwende,,2.0,1,,,1.6,1.1,2.7,50,3,53
Katavi,Tanganyika,Mpanda DC,Mpanda Vijijini,Ilangu,Kabanga,218,Mikocheni,,2.3,1,,,1.6,1.1,2.7,50,3,53
Katavi,Tanganyika,Mpanda DC,Mpanda Vijijini,Ilangu,Kabanga,219,Uhuru,,1.8,1,,,1.6,1.1,2.7,50,3,53
Katavi,Tanganyika,Mpanda DC,Mpanda Vijijini,Ilangu,Isubangala,220,Kilimahewa,,0.0,1,,,1.6,1.1,2.7,50,3,53
Katavi,Tanganyika,Mpanda DC,Mpanda Vijijini,Ilangu,Isubangala,221,utegama,,2.0,1,,,1.6,1.1,2.7,50,3,53
Katavi,Tanganyika,Mpanda DC,Mpanda Vijijini,Ilangu,Isubangala,222,kazimoto,,1.3,1,,,1.6,1.1,2.7,50,3,53
Katavi,Tanganyika,Mpanda DC,Mpanda Vijijini,Ilangu,Isubangala,223,Azimio,,1.5,1,,,1.6,1.1,2.7,50,3,53
Katavi,Tanganyika,Mpanda DC,Mpanda Vijijini,Ilangu,Isubangala,224,Mandela,,1.7,1,,,1.6,1.1,2.7,50,3,53
Katavi,Tanganyika,Mpanda DC,Mpanda Vijijini,Ilangu,Isubangala,225,Finga,,1.5,1,,,1.6,1.1,2.7,50,3,53
Katavi,Tanganyika,Mpanda DC,Mpanda Vijijini,Ilangu,Isubangala,226,Muungano,,2.0,1,,,1.6,1.1,2.7,50,3,53
Katavi,Tanganyika,Mpanda DC,Mpanda Vijijini,Ilangu,Isubangala,227,Masha,,2.2,1,,,1.6,1.1,2.7,50,3,53
Katavi,Tanganyika,Mpanda DC,Mpanda Vijijini,Ilangu,Mgansa,228,Kesenga A,,0.0,1,,,1.6,1.1,2.7,50,3,53
Katavi,Tanganyika,Mpanda DC,Mpanda Vijijini,Ilangu,Mgansa,229,Kesenga B,,0.0,1,,,1.6,1.1,2.7,50,3,53
Katavi,Tanganyika,Mpanda DC,Mpanda Vijijini,Ilangu,Mgansa,230,Kilosa,,0.0,1,,,1.6,1.1,2.7,50,3,53
Katavi,Tanganyika,Mpanda DC,Mpanda Vijijini,Ilangu,Mgansa,231,Mzizima,,1.5,1,,,1.6,1.1,2.7,50,3,53
Katavi,Tanganyika,Mpanda DC,Mpanda Vijijini,Ilangu,Mgansa,232,Kalyakoo,,0.0,1,,,1.6,1.1,2.7,50,3,53
Katavi,Tanganyika,Mpanda DC,Mpanda Vijijini,Ilangu,Mgansa,233,Msombwe,,0.0,1,,,1.6,1.1,2.7,50,3,53
Katavi,Tanganyika,Mpanda DC,Mpanda Vijijini,Ilangu,Mgansa,234,Kabeba,,1.0,1,,,1.6,1.1,2.7,50,3,53
Katavi,Tanganyika,Mpanda DC,Mpanda Vijijini,Ilangu,Mgansa,235,Nkamba,,1.0,1,,,1.6,1.1,2.7,50,3,53
Katavi,Tanganyika,Mpanda DC,Mpanda Vijijini,Bulamata,Bulamata,236,Magomeni,,0.0,1,,,1.6,1.1,2.7,50,3,53
Katavi,Tanganyika,Mpanda DC,Mpanda Vijijini,Bulamata,Bulamata,237,Busongola A,,0.0,1,,,1.6,1.1,2.7,50,3,53
Katavi,Tanganyika,Mpanda DC,Mpanda Vijijini,Bulamata,Bulamata,238,Mweta,,2.0,1,,,1.6,1.1,2.7,50,3,53
Katavi,Tanganyika,Mpanda DC,Mpanda Vijijini,Bulamata,Bulamata,239,Mzalendo,,0.0,1,,,1.6,1.1,2.7,50,3,53
Katavi,Tanganyika,Mpanda DC,Mpanda Vijijini,Bulamata,Bulamata,240,Busongola B,,2.5,1,,,1.6,1.1,2.7,50,3,53
Katavi,Tanganyika,Mpanda DC,Mpanda Vijijini,Bulamata,Bulamata,241,Nyaruka,,0.4,1,,,1.6,1.1,2.7,50,3,53
Katavi,Tanganyika,Mpanda DC,Mpanda Vijijini,Bulamata,Bulamata,242,Mwitunde,,0.0,1,,,1.6,1.1,2.7,50,3,53
Katavi,Tanganyika,Mpanda DC,Mpanda Vijijini,Bulamata,Kamjela,243,Kamjela,,0.0,1,,,1.6,1.1,2.7,50,3,53
Katavi,Tanganyika,Mpanda DC,Mpanda Vijijini,Bulamata,Kamjela,244,Ipole,,2.3,1,,,1.6,1.1,2.7,50,3,53
Katavi,Tanganyika,Mpanda DC,Mpanda Vijijini,Bulamata,Kamjela,245,Amani,,0.5,1,,,1.6,1.1,2.7,50,3,53
Katavi,Tanganyika,Mpanda DC,Mpanda Vijijini,Bulamata,Kamjela,246,Chemichemi,,0.0,1,,,1.6,1.1,2.7,50,3,53
Katavi,Tanganyika,Mpanda DC,Mpanda Vijijini,Bulamata,Kamjela,247,Azimio,,0.3,1,,,1.6,1.1,2.7,50,3,53
Katavi,Tanganyika,Mpanda DC,Mpanda Vijijini,Bulamata,Kamjela,248,Upendo,,0.0,1,,,1.6,1.1,2.7,50,3,53
Katavi,Tanganyika,Mpanda DC,Mpanda Vijijini,Bulamata,Kamjela,249,Mnarani,,0.0,1,,,1.6,1.1,2.7,50,3,53
Katavi,Tanganyika,Mpanda DC,Mpanda Vijijini,Bulamata,Kamjela,250,Mtapenda,,0.5,1,,,1.6,1.1,2.7,50,3,53
Katavi,Tanganyika,Mpanda DC,Mpanda Vijijini,Bulamata,Kusi,251,Mkwepu,,0.0,1,,,1.6,1.1,2.7,50,3,53
Katavi,Tanganyika,Mpanda DC,Mpanda Vijijini,Bulamata,Kusi,252,Rozi kona,,0.0,1,,,1.6,1.1,2.7,50,3,53
Katavi,Tanganyika,Mpanda DC,Mpanda Vijijini,Bulamata,Kusi,253,Mbozi,,0.0,1,,,1.6,1.1,2.7,50,3,53
Katavi,Tanganyika,Mpanda DC,Mpanda Vijijini,Bulamata,Kusi,254,Mzizima,,0.4,1,,,1.6,1.1,2.7,50,3,53
Katavi,Tanganyika,Mpanda DC,Mpanda Vijijini,Bulamata,Kusi,255,Uhuru,,1.7,1,,,1.6,1.1,2.7,50,3,53
Katavi,Tanganyika,Mpanda DC,Mpanda Vijijini,Bulamata,Kusi,256,Mafya,,2.0,1,,,1.6,1.1,2.7,50,3,53
Katavi,Tanganyika,Mpanda DC,Mpanda Vijijini,Bulamata,Kusi,257,Usukuma,,0.0,1,,,1.6,1.1,2.7,50,3,53
Katavi,Tanganyika,Mpanda DC,Mpanda Vijijini,Bulamata,Kusi,258,Mfilisi,,1.5,1,,,1.6,1.1,2.7,50,3,53
Katavi,Tanganyika,Mpanda DC,Mpanda Vijijini,Bulamata,Kusi,259,Kusi,,0.0,1,,,1.6,1.1,2.7,50,3,53
Katavi,Tanganyika,Mpanda DC,Mpanda Vijijini,Bulamata,Busongola,260,Busongola,,0.0,1,,,1.6,1.1,2.7,50,3,53
Katavi,Tanganyika,Mpanda DC,Mpanda Vijijini,Bulamata,Busongola,261,Kibaoni,,0.0,1,,,1.6,1.1,2.7,50,3,53
Katavi,Tanganyika,Mpanda DC,Mpanda Vijijini,Bulamata,Busongola,262,Shukurani,,0.0,1,,,1.6,1.1,2.7,50,3,53
Katavi,Tanganyika,Mpanda DC,Mpanda Vijijini,Bulamata,Busongola,263,Kimwaga,,0.0,1,,,1.6,1.1,2.7,50,3,53
Katavi,Tanganyika,Mpanda DC,Mpanda Vijijini,Bulamata,Busongola,264,Gezaulole,,3.0,1,,,1.6,1.1,2.7,50,3,53
Katavi,Tanganyika,Mpanda DC,Mpanda Vijijini,Bulamata,Busongola,265,Mwembeni,,1.0,1,,,1.6,1.1,2.7,50,3,53
Katavi,Tanganyika,Mpanda DC,Mpanda Vijijini,Bulamata,Busongola,266,Buhoro,,0.0,1,,,1.6,1.1,2.7,50,3,53
Katavi,Tanganyika,Mpanda DC,Mpanda Vijijini,Bulamata,Busongola,267,Kilosa,,1.0,1,,,1.6,1.1,2.7,50,3,53
Katavi,Tanganyika,Mpanda DC,Mpanda Vijijini,Bulamata,Busongola,268,Moronko,,0.0,1,,,1.6,1.1,2.7,50,3,53
Katavi,Tanganyika,Mpanda DC,Mpanda Vijijini,Bulamata,Busongola,269,Amani,,0.0,1,,,1.6,1.1,2.7,50,3,53
Katavi,Tanganyika,Mpanda DC,Mpanda Vijijini,Ipwaga,Mazwe,270,Mazwe,,0.0,1,,,1.6,1.1,2.7,50,3,53
Katavi,Tanganyika,Mpanda DC,Mpanda Vijijini,Ipwaga,Mazwe,271,Mwenge,,0.0,1,,,1.6,1.1,2.7,50,3,53
Katavi,Tanganyika,Mpanda DC,Mpanda Vijijini,Ipwaga,Mazwe,272,Songambele,,0.0,1,,,1.6,1.1,2.7,50,3,53
Katavi,Tanganyika,Mpanda DC,Mpanda Vijijini,Ipwaga,Mazwe,273,Kakongolo,,0.0,1,,,1.6,1.1,2.7,50,3,53
Katavi,Tanganyika,Mpanda DC,Mpanda Vijijini,Ipwaga,Mazwe,274,Kalenge,,0.0,1,,,1.6,1.1,2.7,50,3,53
Katavi,Tanganyika,Mpanda DC,Mpanda Vijijini,Ipwaga,Mazwe,275,Kilimahewa,,0.5,1,,,1.6,1.1,2.7,50,3,53
Katavi,Tanganyika,Mpanda DC,Mpanda Vijijini,Ipwaga,Mazwe,276,Kondamoyo,,0.0,1,,,1.6,1.1,2.7,50,3,53
Katavi,Tanganyika,Mpanda DC,Mpanda Vijijini,Ipwaga,Mazwe,277,Keranda,,0.0,1,,,1.6,1.1,2.7,50,3,53
Katavi,Tanganyika,Mpanda DC,Mpanda Vijijini,Ipwaga,Mlibansi,278,Kazaroho,,1.0,1,,,1.6,1.1,2.7,50,3,53
Katavi,Tanganyika,Mpanda DC,Mpanda Vijijini,Ipwaga,Mlibansi,279,Rutumbe,,1.0,1,,,1.6,1.1,2.7,50,3,53
Katavi,Tanganyika,Mpanda DC,Mpanda Vijijini,Ipwaga,Mlibansi,280,Mlibansi,,0.0,1,,,1.6,1.1,2.7,50,3,53
Katavi,Tanganyika,Mpanda DC,Mpanda Vijijini,Ipwaga,Mlibansi,281,Songambele,,0.2,1,,,1.6,1.1,2.7,50,3,53
Katavi,Tanganyika,Mpanda DC,Mpanda Vijijini,Ipwaga,Mlibansi,282,Mwangaza,,1.0,1,,,1.6,1.1,2.7,50,3,53
Katavi,Tanganyika,Mpanda DC,Mpanda Vijijini,Ipwaga,Mlibansi,283,Kazamwendo,,1.0,1,,,1.6,1.1,2.7,50,3,53
Katavi,Tanganyika,Mpanda DC,Mpanda Vijijini,Ipwaga,Lugufu,284,Barabara ya 1,,0.5,1,,,1.6,1.1,2.7,50,3,53
Katavi,Tanganyika,Mpanda DC,Mpanda Vijijini,Ipwaga,Lugufu,285,Barabara ya 2,,0.0,1,,,1.6,1.1,2.7,50,3,53
Katavi,Tanganyika,Mpanda DC,Mpanda Vijijini,Ipwaga,Lugufu,286,Barabara ya 3,,1.0,1,,,1.6,1.1,2.7,50,3,53
Katavi,Tanganyika,Mpanda DC,Mpanda Vijijini,Ipwaga,Lugufu,287,Barabara ya 4,,1.0,1,,,1.6,1.1,2.7,50,3,53
Katavi,Tanganyika,Mpanda DC,Mpanda Vijijini,Ipwaga,Lugufu,288,Barabara ya 5,,0.5,1,,,1.6,1.1,2.7,50,3,53
Katavi,Tanganyika,Mpanda DC,Mpanda Vijijini,Ipwaga,Lugufu,289,Barabara ya 6,,0.0,1,,,1.6,1.1,2.7,50,3,53
Katavi,Tanganyika,Mpanda DC,Mpanda Vijijini,Ipwaga,Lugufu,290,Barabara ya 7,,1.0,1,,,1.6,1.1,2.7,50,3,53
Katavi,Tanganyika,Mpanda DC,Mpanda Vijijini,Ipwaga,Lugufu,291,Barabara ya 8,,0.5,1,,,1.6,1.1,2.7,50,3,53
Katavi,Tanganyika,Mpanda DC,Mpanda Vijijini,Ipwaga,Lugufu,292,Barabara ya 9,,0.0,1,,,1.6,1.1,2.7,50,3,53
Katavi,Tanganyika,Mpanda DC,Mpanda Vijijini,Ipwaga,Lugufu,293,Barabara ya 10,,1.0,1,,,1.6,1.1,2.7,50,3,53
Katavi,Tanganyika,Mpanda DC,Mpanda Vijijini,Ipwaga,Lugufu,294,Barabara ya 11,,1.0,1,,,1.6,1.1,2.7,50,3,53
Katavi,Tanganyika,Mpanda DC,Mpanda Vijijini,Ipwaga,Ipwaga,295,Barabara ya 1,,1.0,1,,,1.6,1.1,2.7,50,3,53
Katavi,Tanganyika,Mpanda DC,Mpanda Vijijini,Ipwaga,Ipwaga,296,Barabara ya 2,,1.0,1,,,1.6,1.1,2.7,50,3,53
Katavi,Tanganyika,Mpanda DC,Mpanda Vijijini,Ipwaga,Ipwaga,297,Barabara ya 3,,0.5,1,,,1.6,1.1,2.7,50,3,53
Katavi,Tanganyika,Mpanda DC,Mpanda Vijijini,Ipwaga,Ipwaga,298,Barabara ya 4,,0.0,1,,,1.6,1.1,2.7,50,3,53
Katavi,Tanganyika,Mpanda DC,Mpanda Vijijini,Ipwaga,Ipwaga,299,Barabara ya 5 ,,0.0,1,,,1.6,1.1,2.7,50,3,53
Katavi,Tanganyika,Mpanda DC,Mpanda Vijijini,Ipwaga,Ipwaga,300,Barabara ya 6,,0.5,1,,,1.6,1.1,2.7,50,3,53
Katavi,Tanganyika,Mpanda DC,Mpanda Vijijini,Ipwaga,Ipwaga,301,Barabara ya 7,,1.0,1,,,1.6,1.1,2.7,50,3,53
Katavi,Tanganyika,Mpanda DC,Mpanda Vijijini,Ipwaga,Ipwaga,302,Barabara ya 8,,0.4,1,,,1.6,1.1,2.7,50,3,53
Katavi,Tanganyika,Mpanda DC,Mpanda Vijijini,Ipwaga,Ipwaga,303,Barabara ya 9,,1.0,1,,,1.6,1.1,2.7,50,3,53
Katavi,Tanganyika,Mpanda DC,Mpanda Vijijini,Ipwaga,Ipwaga,304,Barabara ya 10,,0.5,1,,,1.6,1.1,2.7,50,3,53
Katavi,Tanganyika,Mpanda DC,Mpanda Vijijini,Ipwaga,Ipwaga,305,Barabara ya 11,,1.0,1,,,1.6,1.1,2.7,50,3,53
JUMLA NDOGO,,,,,,305,,0.0,248.1,305,0,0,484.9,323.3,808.2,"15,250",915,"16,165"
Katavi,Mpanda,Nsimbo DC,Nsimbo,Nsimbo,Isanjandugu ,1,Mapinduzi,,1.8,1,,,1.6,1.1,2.7,50,3,53
Katavi,Mpanda,Nsimbo DC,Nsimbo,Nsimbo,Isanjandugu ,2,Isanjandugu,,0.0,1,,,1.6,1.1,2.7,50,3,53
Katavi,Mpanda,Nsimbo DC,Nsimbo,Nsimbo,Isanjandugu ,3,Muungano,,0.0,1,,,1.6,1.1,2.7,50,3,53
Katavi,Mpanda,Nsimbo DC,Nsimbo,Nsimbo,Kanoge,4,Kanoge A,,5.5,1,,,1.6,1.1,2.7,50,3,53
Katavi,Mpanda,Nsimbo DC,Nsimbo,Nsimbo,Kanoge,5,Kanoge B,,0.0,1,,,1.6,1.1,2.7,50,3,53
Katavi,Mpanda,Nsimbo DC,Nsimbo,Nsimbo,Kanoge,6,Tupindo,,3.3,1,,,1.6,1.1,2.7,50,3,53
Katavi,Mpanda,Nsimbo DC,Nsimbo,Nsimbo,Kanoge,7,Kavikonge A,,1.5,1,,,1.6,1.1,2.7,50,3,53
Katavi,Mpanda,Nsimbo DC,Nsimbo,Nsimbo,Mwenge ,8,Filimule,,0.0,1,,,1.6,1.1,2.7,50,3,53
Katavi,Mpanda,Nsimbo DC,Nsimbo,Nsimbo,Mwenge ,9,Mwenge,,0.0,1,,,1.6,1.1,2.7,50,3,53
Katavi,Mpanda,Nsimbo DC,Nsimbo,Nsimbo,Mwenge ,10,Legezamwendo,,0.0,1,,,1.6,1.1,2.7,50,3,53
Katavi,Mpanda,Nsimbo DC,Nsimbo,Kapalala,Kapalala,11,Ikulu,,0.0,1,,,1.6,1.1,2.7,50,3,53
Katavi,Mpanda,Nsimbo DC,Nsimbo,Kapalala,Kapalala,12,Kapalala A,,0.0,1,,,1.6,1.1,2.7,50,3,53
Katavi,Mpanda,Nsimbo DC,Nsimbo,Kapalala,Kapalala,13,Kapalala B,,0.0,1,,,1.6,1.1,2.7,50,3,53
Katavi,Mpanda,Nsimbo DC,Nsimbo,Kapalala,Mtakuja,14,Bombani,,0.0,1,,,1.6,1.1,2.7,50,3,53
Katavi,Mpanda,Nsimbo DC,Nsimbo,Kapalala,Mtakuja,15,Mlimani,,0.0,1,,,1.6,1.1,2.7,50,3,53
Katavi,Mpanda,Nsimbo DC,Nsimbo,Kapalala,Mtakuja,16,Mbugani,,1.5,1,,,1.6,1.1,2.7,50,3,53
Katavi,Mpanda,Nsimbo DC,Nsimbo,Kapalala,Mtakuja,17,Igonda,,0.5,1,,,1.6,1.1,2.7,50,3,53
Katavi,Mpanda,Nsimbo DC,Nsimbo,Kapalala,Mtakuja,18,Tankini,,0.0,1,,,1.6,1.1,2.7,50,3,53
Katavi,Mpanda,Nsimbo DC,Nsimbo,Kapalala,Songambele,19,Songambele Kaskazini.,,0.0,1,,,1.6,1.1,2.7,50,3,53
Katavi,Mpanda,Nsimbo DC,Nsimbo,Kapalala,Songambele,20,Songambele Mashariki.,,0.0,1,,,1.6,1.1,2.7,50,3,53
Katavi,Mpanda,Nsimbo DC,Nsimbo,Kapalala,Songambele,21,Songambele Magharibi.,,0.0,1,,,1.6,1.1,2.7,50,3,53
Katavi,Mpanda,Nsimbo DC,Nsimbo,Kapalala,Songambele,22,Songambele Kati,,0.0,1,,,1.6,1.1,2.7,50,3,53
Katavi,Mpanda,Nsimbo DC,Nsimbo,Kapalala,Songambele,23,Mkumbi,,0.0,1,,,1.6,1.1,2.7,50,3,53
Katavi,Mpanda,Nsimbo DC,Nsimbo,Mtapenda,Isinde,24,Ikulu,,0.5,1,,,1.6,1.1,2.7,50,3,53
Katavi,Mpanda,Nsimbo DC,Nsimbo,Mtapenda,Isinde,25,Kabatini,,2.5,1,,,1.6,1.1,2.7,50,3,53
Katavi,Mpanda,Nsimbo DC,Nsimbo,Mtapenda,Isinde,26,Kawe,,0.0,1,,,1.6,1.1,2.7,50,3,53
Katavi,Mpanda,Nsimbo DC,Nsimbo,Mtapenda,Isinde,27,Wachawaseme,,0.0,1,,,1.6,1.1,2.7,50,3,53
Katavi,Mpanda,Nsimbo DC,Nsimbo,Mtapenda,Isinde,28,Igulungu,,0.0,1,,,1.6,1.1,2.7,50,3,53
Katavi,Mpanda,Nsimbo DC,Nsimbo,Mtapenda,Isinde,29,Kamtambike,,3.0,1,,,1.6,1.1,2.7,50,3,53
Katavi,Mpanda,Nsimbo DC,Nsimbo,Mtapenda,Mtapenda,30,Shelesi,,3.0,1,,,1.6,1.1,2.7,50,3,53
Katavi,Mpanda,Nsimbo DC,Nsimbo,Mtapenda,Mtapenda,31,Tankini,,1.3,1,,,1.6,1.1,2.7,50,3,53
Katavi,Mpanda,Nsimbo DC,Nsimbo,Mtapenda,Mtapenda,32,Mwenge,,0.0,1,,,1.6,1.1,2.7,50,3,53
Katavi,Mpanda,Nsimbo DC,Nsimbo,Mtapenda,Mtapenda,33,Kariakoo,,0.0,1,,,1.6,1.1,2.7,50,3,53
Katavi,Mpanda,Nsimbo DC,Nsimbo,Mtapenda,Mtapenda,34,Mtapenda C,,0.0,1,,,1.6,1.1,2.7,50,3,53
Katavi,Mpanda,Nsimbo DC,Nsimbo,Mtapenda,Mtapenda,35,Blakeye,,0.0,1,,,1.6,1.1,2.7,50,3,53
Katavi,Mpanda,Nsimbo DC,Nsimbo,Mtapenda,Mtapenda,36,Majengo,,0.7,1,,,1.6,1.1,2.7,50,3,53
Katavi,Mpanda,Nsimbo DC,Nsimbo,Mtapenda,Mtapenda,37,Ndurumo,,1.5,1,,,1.6,1.1,2.7,50,3,53
Katavi,Mpanda,Nsimbo DC,Nsimbo,Mtapenda,Ikolongo ,38,Kabega,,0.0,1,,,1.6,1.1,2.7,50,3,53
Katavi,Mpanda,Nsimbo DC,Nsimbo,Mtapenda,Ikolongo ,39,Kamenge,,0.0,1,,,1.6,1.1,2.7,50,3,53
Katavi,Mpanda,Nsimbo DC,Nsimbo,Mtapenda,Ikolongo ,40,Kibila,,0.0,1,,,1.6,1.1,2.7,50,3,53
Katavi,Mpanda,Nsimbo DC,Nsimbo,Mtapenda,Ikolongo ,41,Nazaleth,,0.0,1,,,1.6,1.1,2.7,50,3,53
Katavi,Mpanda,Nsimbo DC,Nsimbo,Mtapenda,Ikolongo ,42,Mjimwema,,0.0,1,,,1.6,1.1,2.7,50,3,53
Katavi,Mpanda,Nsimbo DC,Nsimbo,Mtapenda,Ikolongo ,43,Misufini,,0.0,1,,,1.6,1.1,2.7,50,3,53
Katavi,Mpanda,Nsimbo DC,Nsimbo,Mtapenda,Ndurumo ,44,Amani,,0.0,1,,,1.6,1.1,2.7,50,3,53
Katavi,Mpanda,Nsimbo DC,Nsimbo,Mtapenda,Ndurumo ,45,Kivulini,,0.0,1,,,1.6,1.1,2.7,50,3,53
Katavi,Mpanda,Nsimbo DC,Nsimbo,Mtapenda,Ndurumo ,46,Matarajio,,0.0,1,,,1.6,1.1,2.7,50,3,53
Katavi,Mpanda,Nsimbo DC,Nsimbo,Mtapenda,Ndurumo ,47,Kikwete,,0.0,1,,,1.6,1.1,2.7,50,3,53
Katavi,Mpanda,Nsimbo DC,Nsimbo,Machimboni,Katisunga,48,Mlimani,,0.0,1,,,1.6,1.1,2.7,50,3,53
Katavi,Mpanda,Nsimbo DC,Nsimbo,Machimboni,Katisunga,49,Masongwa,,0.0,1,,,1.6,1.1,2.7,50,3,53
Katavi,Mpanda,Nsimbo DC,Nsimbo,Machimboni,Katisunga,50,Katisunga A,,0.0,1,,,1.6,1.1,2.7,50,3,53
Katavi,Mpanda,Nsimbo DC,Nsimbo,Machimboni,Kapanda,51,Sikitiko A,,0.0,1,,,1.6,1.1,2.7,50,3,53
Katavi,Mpanda,Nsimbo DC,Nsimbo,Machimboni,Kapanda,52,Magomamoto,,0.0,1,,,1.6,1.1,2.7,50,3,53
Katavi,Mpanda,Nsimbo DC,Nsimbo,Machimboni,Kapanda,53,Kapanda Maweni,,0.0,1,,,1.6,1.1,2.7,50,3,53
Katavi,Mpanda,Nsimbo DC,Nsimbo,Machimboni,Kapanda,54,Stamiko,,0.0,1,,,1.6,1.1,2.7,50,3,53
Katavi,Mpanda,Nsimbo DC,Nsimbo,Machimboni,Kapanda,55,Kayawe,,0.0,1,,,1.6,1.1,2.7,50,3,53
Katavi,Mpanda,Nsimbo DC,Nsimbo,Machimboni,Kapanda,56,Kapanda chini,,0.0,1,,,1.6,1.1,2.7,50,3,53
Katavi,Mpanda,Nsimbo DC,Nsimbo,Ibindi,Muungano,57,Mbugani,,2.2,1,,,1.6,1.1,2.7,50,3,53
Katavi,Mpanda,Nsimbo DC,Nsimbo,Ibindi,Muungano,58,Kashelami A.,,0.0,1,,,1.6,1.1,2.7,50,3,53
Katavi,Mpanda,Nsimbo DC,Nsimbo,Ibindi,Muungano,59,Kasisiwe,,0.0,1,,,1.6,1.1,2.7,50,3,53
Katavi,Mpanda,Nsimbo DC,Nsimbo,Ibindi,Masewela,60,Kambanga,,1.5,1,,,1.6,1.1,2.7,50,3,53
Katavi,Mpanda,Nsimbo DC,Nsimbo,Ibindi,Masewela,61,Isengule,,0.0,1,,,1.6,1.1,2.7,50,3,53
Katavi,Mpanda,Nsimbo DC,Nsimbo,Ibindi,Masewela,62,Manemba A,,0.3,1,,,1.6,1.1,2.7,50,3,53
Katavi,Mpanda,Nsimbo DC,Nsimbo,Ibindi,Masewela,63,Mbagala,,1.3,1,,,1.6,1.1,2.7,50,3,53
Katavi,Mpanda,Nsimbo DC,Nsimbo,Ibindi,Ibindi Kusini,64,Ibindi A,,0.0,1,,,1.6,1.1,2.7,50,3,53
Katavi,Mpanda,Nsimbo DC,Nsimbo,Ibindi,Ibindi Kusini,65,Ipililo,,3.0,1,,,1.6,1.1,2.7,50,3,53
Katavi,Mpanda,Nsimbo DC,Nsimbo,Ibindi,Ibindi Kusini,66,Mguu wa Tembo,,0.0,1,,,1.6,1.1,2.7,50,3,53
Katavi,Mpanda,Nsimbo DC,Nsimbo,Ibindi,Ibindi Kusini,67,Kapanda Wenyeji,,1.5,1,,,1.6,1.1,2.7,50,3,53
Katavi,Mpanda,Nsimbo DC,Nsimbo,Itenka,Tumaini ,68,Imilamate A,,0.0,1,,,1.6,1.1,2.7,50,3,53
Katavi,Mpanda,Nsimbo DC,Nsimbo,Itenka,Tumaini ,69,Songambele A,,3.0,1,,,1.6,1.1,2.7,50,3,53
Katavi,Mpanda,Nsimbo DC,Nsimbo,Itenka,Tumaini ,70,Tulieni,,0.0,1,,,1.6,1.1,2.7,50,3,53
Katavi,Mpanda,Nsimbo DC,Nsimbo,Itenka,Itenka ‘A’ ,71,Mpalang’ombe A,,0.0,1,,,1.6,1.1,2.7,50,3,53
Katavi,Mpanda,Nsimbo DC,Nsimbo,Itenka,Itenka ‘A’ ,72,Itenka Kati,,0.0,1,,,1.6,1.1,2.7,50,3,53
Katavi,Mpanda,Nsimbo DC,Nsimbo,Itenka,Itenka ‘A’ ,73,Mbugani,,0.0,1,,,1.6,1.1,2.7,50,3,53
Katavi,Mpanda,Nsimbo DC,Nsimbo,Itenka,Itenka ‘B’,74,Maendeleo,,0.0,1,,,1.6,1.1,2.7,50,3,53
Katavi,Mpanda,Nsimbo DC,Nsimbo,Itenka,Itenka ‘B’,75,Muungano,,0.0,1,,,1.6,1.1,2.7,50,3,53
Katavi,Mpanda,Nsimbo DC,Nsimbo,Itenka,Itenka ‘B’,76,Nsimbo,,4.0,1,,,1.6,1.1,2.7,50,3,53
Katavi,Mpanda,Nsimbo DC,Nsimbo,Itenka,Itenka ‘B’,77,Kasanga,,0.5,1,,,1.6,1.1,2.7,50,3,53
Katavi,Mpanda,Nsimbo DC,Nsimbo,Itenka,Itenka ‘B’,78,Kantonga,,3.0,1,,,1.6,1.1,2.7,50,3,53
Katavi,Mpanda,Nsimbo DC,Nsimbo,Itenka,Jilabela ,79,Mkwajuni,,0.5,1,,,1.6,1.1,2.7,50,3,53
Katavi,Mpanda,Nsimbo DC,Nsimbo,Itenka,Jilabela ,80,Miembeni,,1.5,1,,,1.6,1.1,2.7,50,3,53
Katavi,Mpanda,Nsimbo DC,Nsimbo,Itenka,Jilabela ,81,Makutanio,,0.0,1,,,1.6,1.1,2.7,50,3,53
Katavi,Mpanda,Nsimbo DC,Nsimbo,Itenka,Jilabela ,82,Imalaupina ,,0.0,1,,,1.6,1.1,2.7,50,3,53
Katavi,Mpanda,Nsimbo DC,Nsimbo,Itenka,Jilabela ,83,Mbagala,,0.0,1,,,1.6,1.1,2.7,50,3,53
Katavi,Mpanda,Nsimbo DC,Nsimbo,Itenka,Tukoma,84,Makambu,,3.5,1,,,1.6,1.1,2.7,50,3,53
Katavi,Mpanda,Nsimbo DC,Nsimbo,Itenka,Tukoma,85,Mjimwema,,1.5,1,,,1.6,1.1,2.7,50,3,53
Katavi,Mpanda,Nsimbo DC,Nsimbo,Itenka,Tukoma,86,Milangale,,1.7,1,,,1.6,1.1,2.7,50,3,53
Katavi,Mpanda,Nsimbo DC,Nsimbo,Itenka,Tukoma,87,Kadelema,,1.0,1,,,1.6,1.1,2.7,50,3,53
Katavi,Mpanda,Nsimbo DC,Nsimbo,Itenka,Tukoma,88,Tukoma Kati,,0.0,1,,,1.6,1.1,2.7,50,3,53
Katavi,Mpanda,Nsimbo DC,Nsimbo,Sitalike,Mtisi ,89,Mtisi A,,0.0,1,,,1.6,1.1,2.7,50,3,53
Katavi,Mpanda,Nsimbo DC,Nsimbo,Sitalike,Mtisi ,90,Mwenge,,0.0,1,,,1.6,1.1,2.7,50,3,53
Katavi,Mpanda,Nsimbo DC,Nsimbo,Sitalike,Mtisi ,91,Mwongozo,,0.7,1,,,1.6,1.1,2.7,50,3,53
Katavi,Mpanda,Nsimbo DC,Nsimbo,Sitalike,Mtisi ,92,Msasani,,0.0,1,,,1.6,1.1,2.7,50,3,53
Katavi,Mpanda,Nsimbo DC,Nsimbo,Sitalike,Mtisi ,93,Muungano,,0.3,1,,,1.6,1.1,2.7,50,3,53
Katavi,Mpanda,Nsimbo DC,Nsimbo,Sitalike,Mtisi ,94,Magula,,0.0,1,,,1.6,1.1,2.7,50,3,53
Katavi,Mpanda,Nsimbo DC,Nsimbo,Sitalike,Mtisi ,95,Mjimwema,,0.0,1,,,1.6,1.1,2.7,50,3,53
Katavi,Mpanda,Nsimbo DC,Nsimbo,Sitalike,Sitalike ,96,Igalukilo,,0.0,1,,,1.6,1.1,2.7,50,3,53
Katavi,Mpanda,Nsimbo DC,Nsimbo,Sitalike,Sitalike ,97,Ilangasika,,0.0,1,,,1.6,1.1,2.7,50,3,53
Katavi,Mpanda,Nsimbo DC,Nsimbo,Sitalike,Sitalike ,98,Kabenga,,0.0,1,,,1.6,1.1,2.7,50,3,53
Katavi,Mpanda,Nsimbo DC,Nsimbo,Sitalike,Sitalike ,99,Kiloleni,,0.0,1,,,1.6,1.1,2.7,50,3,53
Katavi,Mpanda,Nsimbo DC,Nsimbo,Sitalike,Igongwe,100,Kasongwa,,0.7,1,,,1.6,1.1,2.7,50,3,53
Katavi,Mpanda,Nsimbo DC,Nsimbo,Sitalike,Igongwe,101,Mkombozi,,0.3,1,,,1.6,1.1,2.7,50,3,53
Katavi,Mpanda,Nsimbo DC,Nsimbo,Sitalike,Igongwe,102,Kazima,,0.0,1,,,1.6,1.1,2.7,50,3,53
Katavi,Mpanda,Nsimbo DC,Nsimbo,Sitalike,Igongwe,103,Kambula,,0.0,1,,,1.6,1.1,2.7,50,3,53
Katavi,Mpanda,Nsimbo DC,Nsimbo,Sitalike,Igongwe,104,Igongwe,,0.3,1,,,1.6,1.1,2.7,50,3,53
Katavi,Mpanda,Nsimbo DC,Nsimbo,Sitalike,Matandalani ,105,Zimamoto,,0.0,1,,,1.6,1.1,2.7,50,3,53
Katavi,Mpanda,Nsimbo DC,Nsimbo,Sitalike,Matandalani ,106,Mtakuja,,3.0,1,,,1.6,1.1,2.7,50,3,53
Katavi,Mpanda,Nsimbo DC,Nsimbo,Sitalike,Matandalani ,107,Majengo,,0.0,1,,,1.6,1.1,2.7,50,3,53
Katavi,Mpanda,Nsimbo DC,Nsimbo,Sitalike,Matandalani ,108,Matandalani,,0.0,1,,,1.6,1.1,2.7,50,3,53
Katavi,Mpanda,Nsimbo DC,Nsimbo,Sitalike,Matandalani ,109,Kashelami,,0.0,1,,,1.6,1.1,2.7,50,3,53
Katavi,Mpanda,Nsimbo DC,Nsimbo,Urwira,Urwira,110,Isagala,,0.0,1,,,1.6,1.1,2.7,50,3,53
Katavi,Mpanda,Nsimbo DC,Nsimbo,Urwira,Urwira,111,Misheni A,,0.0,1,,,1.6,1.1,2.7,50,3,53
Katavi,Mpanda,Nsimbo DC,Nsimbo,Urwira,Urwira,112,Majengo,,0.0,1,,,1.6,1.1,2.7,50,3,53
Katavi,Mpanda,Nsimbo DC,Nsimbo,Urwira,Urwira,113,Ngulu,,0.0,1,,,1.6,1.1,2.7,50,3,53
Katavi,Mpanda,Nsimbo DC,Nsimbo,Urwira,Ikondamoyo ,114,Sikolomo,,0.0,1,,,1.6,1.1,2.7,50,3,53
Katavi,Mpanda,Nsimbo DC,Nsimbo,Urwira,Ikondamoyo ,115,Kalungu A,,4.0,1,,,1.6,1.1,2.7,50,3,53
Katavi,Mpanda,Nsimbo DC,Nsimbo,Urwira,Ikondamoyo ,116,Kaninka,,0.0,1,,,1.6,1.1,2.7,50,3,53
Katavi,Mpanda,Nsimbo DC,Nsimbo,Urwira,Ikondamoyo ,117,Mwalu,,0.0,1,,,1.6,1.1,2.7,50,3,53
Katavi,Mpanda,Nsimbo DC,Nsimbo,Urwira,Ikondamoyo ,118,Jitegemee,,0.0,1,,,1.6,1.1,2.7,50,3,53
Katavi,Mpanda,Nsimbo DC,Nsimbo,Urwira,Usense ,119,Kanembela A,,0.0,1,,,1.6,1.1,2.7,50,3,53
Katavi,Mpanda,Nsimbo DC,Nsimbo,Urwira,Usense ,120,Kamulongwe,,0.0,1,,,1.6,1.1,2.7,50,3,53
Katavi,Mpanda,Nsimbo DC,Nsimbo,Urwira,Usense ,121,Izugumulole,,1.0,1,,,1.6,1.1,2.7,50,3,53
Katavi,Mpanda,Nsimbo DC,Nsimbo,Ugalla,Katambike,122,Vigaeni,,0.0,1,,,1.6,1.1,2.7,50,3,53
Katavi,Mpanda,Nsimbo DC,Nsimbo,Ugalla,Katambike,123,Mjimwema,,0.7,1,,,1.6,1.1,2.7,50,3,53
Katavi,Mpanda,Nsimbo DC,Nsimbo,Ugalla,Katambike,124,Uvuvini A,,0.0,1,,,1.6,1.1,2.7,50,3,53
Katavi,Mpanda,Nsimbo DC,Nsimbo,Ugalla,Katambike,125,Kasulu,,1.5,1,,,1.6,1.1,2.7,50,3,53
Katavi,Mpanda,Nsimbo DC,Nsimbo,Ugalla,Katambike,126,Simanjilo,,0.0,1,,,1.6,1.1,2.7,50,3,53
Katavi,Mpanda,Nsimbo DC,Nsimbo,Ugalla,Katambike,127,Kamini A,,0.0,1,,,1.6,1.1,2.7,50,3,53
Katavi,Mpanda,Nsimbo DC,Nsimbo,Ugalla,Katambike,128,Mtambo,,8.0,1,,,1.6,1.1,2.7,50,3,53
Katavi,Mpanda,Nsimbo DC,Nsimbo,Ugalla,Katambike,129,Kawakosha,,0.0,1,,,1.6,1.1,2.7,50,3,53
Katavi,Mpanda,Nsimbo DC,Nsimbo,Ugalla,Katambike,130,Kalele,,10.0,1,,,1.6,1.1,2.7,50,3,53
Katavi,Mpanda,Nsimbo DC,Nsimbo,Ugalla,Mnyamasi ,131,Mnyamasi A,,0.0,1,,,1.6,1.1,2.7,50,3,53
Katavi,Mpanda,Nsimbo DC,Nsimbo,Ugalla,Mnyamasi ,132,Kankosha,,0.0,1,,,1.6,1.1,2.7,50,3,53
Katavi,Mpanda,Nsimbo DC,Nsimbo,Ugalla,Mnyamasi ,133,Sikwisi,,1.0,1,,,1.6,1.1,2.7,50,3,53
Katavi,Mpanda,Nsimbo DC,Nsimbo,Ugalla,Kasisi,134,Kasisi Senta,,0.0,1,,,1.6,1.1,2.7,50,3,53
Katavi,Mpanda,Nsimbo DC,Nsimbo,Ugalla,Kasisi,135,Iseka,,0.0,1,,,1.6,1.1,2.7,50,3,53
Katavi,Mpanda,Nsimbo DC,Nsimbo,Ugalla,Kasisi,136,Lyogelo,,1.0,1,,,1.6,1.1,2.7,50,3,53
Katavi,Mpanda,Nsimbo DC,Nsimbo,Ugalla,Kasisi,137,Simanjilo,,0.0,1,,,1.6,1.1,2.7,50,3,53
Katavi,Mpanda,Nsimbo DC,Nsimbo,Ugalla,Kasisi,138,Mtambalala,,2.0,1,,,1.6,1.1,2.7,50,3,53
Katavi,Mpanda,Nsimbo DC,Nsimbo,Litapunga,"Kaboroge ""A"" ",139,Kaburonge,,0.0,1,,,1.6,1.1,2.7,50,3,53
Katavi,Mpanda,Nsimbo DC,Nsimbo,Litapunga,"Kaboroge ""A"" ",140,Tumaini,,0.0,1,,,1.6,1.1,2.7,50,3,53
Katavi,Mpanda,Nsimbo DC,Nsimbo,Litapunga,"Kaboroge ""A"" ",141,Maendeleo,,0.0,1,,,1.6,1.1,2.7,50,3,53
Katavi,Mpanda,Nsimbo DC,Nsimbo,Litapunga,"Kaburonge ""B"" ",142,Barabara ya 4,,0.0,1,,,1.6,1.1,2.7,50,3,53
Katavi,Mpanda,Nsimbo DC,Nsimbo,Litapunga,"Kaburonge ""B"" ",143,Mikocheni,,4.0,1,,,1.6,1.1,2.7,50,3,53
Katavi,Mpanda,Nsimbo DC,Nsimbo,Litapunga,"Kaburonge ""B"" ",144,Karume,,0.0,1,,,1.6,1.1,2.7,50,3,53
Katavi,Mpanda,Nsimbo DC,Nsimbo,Litapunga,"Kaburonge ""B"" ",145,Rulenke,,6.0,1,,,1.6,1.1,2.7,50,3,53
Katavi,Mpanda,Nsimbo DC,Nsimbo,Litapunga,Kambuzi 'A' ,146,Upendo,,3.0,1,,,1.6,1.1,2.7,50,3,53
Katavi,Mpanda,Nsimbo DC,Nsimbo,Litapunga,Kambuzi 'A' ,147,Mirambo,,0.0,1,,,1.6,1.1,2.7,50,3,53
Katavi,Mpanda,Nsimbo DC,Nsimbo,Litapunga,Kambuzi 'A' ,148,Kazamwendo,,0.0,1,,,1.6,1.1,2.7,50,3,53
Katavi,Mpanda,Nsimbo DC,Nsimbo,Litapunga,Kambuzi 'B' ,149,Mwongozo,,0.0,1,,,1.6,1.1,2.7,50,3,53
Katavi,Mpanda,Nsimbo DC,Nsimbo,Litapunga,Kambuzi 'B' ,150,Furaha,,2.7,1,,,1.6,1.1,2.7,50,3,53
Katavi,Mpanda,Nsimbo DC,Nsimbo,Litapunga,Kambuzi 'B' ,151,Mlole,,1.0,1,,,1.6,1.1,2.7,50,3,53
Katavi,Mpanda,Nsimbo DC,Nsimbo,Litapunga,Kambuzi 'B' ,152,Ilembo,,1.0,1,,,1.6,1.1,2.7,50,3,53
Katavi,Mpanda,Nsimbo DC,Nsimbo,Litapunga,Kambuzi 'B' ,153,Utengule,,2.0,1,,,1.6,1.1,2.7,50,3,53
Katavi,Mpanda,Nsimbo DC,Nsimbo,Litapunga,Litapunga,154,Litapunga 'A',,0.0,1,,,1.6,1.1,2.7,50,3,53
Katavi,Mpanda,Nsimbo DC,Nsimbo,Litapunga,Litapunga,155,"Litapunga 'B""",,0.0,1,,,1.6,1.1,2.7,50,3,53
Katavi,Mpanda,Nsimbo DC,Nsimbo,Litapunga,Litapunga,156,Jitegemee,,5.0,1,,,1.6,1.1,2.7,50,3,53
Katavi,Mpanda,Nsimbo DC,Nsimbo,Litapunga,Litapunga,157,Majengo,,0.0,1,,,1.6,1.1,2.7,50,3,53
Katavi,Mpanda,Nsimbo DC,Nsimbo,Litapunga,Kambuzi Halt,158,Kambuzi Mashariki,,0.0,1,,,1.6,1.1,2.7,50,3,53
Katavi,Mpanda,Nsimbo DC,Nsimbo,Litapunga,Kambuzi Halt,159,Kambuzi ,,0.0,1,,,1.6,1.1,2.7,50,3,53
Katavi,Mpanda,Nsimbo DC,Nsimbo,Litapunga,Kambuzi Halt,160,Lusiha,,0.0,1,,,1.6,1.1,2.7,50,3,53
Katavi,Mpanda,Nsimbo DC,Nsimbo,Litapunga,Kambuzi Halt,161,Nsanda,,0.0,1,,,1.6,1.1,2.7,50,3,53
Katavi,Mpanda,Nsimbo DC,Nsimbo,Litapunga,Kambuzi Halt,162,Motomoto,,0.0,1,,,1.6,1.1,2.7,50,3,53
Katavi,Mpanda,Nsimbo DC,Nsimbo,Litapunga,Kambuzi Halt,163,Muungano,,5.0,1,,,1.6,1.1,2.7,50,3,53
Katavi,Mpanda,Nsimbo DC,Nsimbo,Litapunga,Bulembo,164,Songambele,,0.0,1,,,1.6,1.1,2.7,50,3,53
Katavi,Mpanda,Nsimbo DC,Nsimbo,Litapunga,Bulembo,165,Tuungane,,0.0,1,,,1.6,1.1,2.7,50,3,53
Katavi,Mpanda,Nsimbo DC,Nsimbo,Litapunga,Bulembo,166,Jamhuri,,0.0,1,,,1.6,1.1,2.7,50,3,53
Katavi,Mpanda,Nsimbo DC,Nsimbo,Litapunga,Bulembo,167,Kosovo,,0.0,1,,,1.6,1.1,2.7,50,3,53
Katavi,Mpanda,Nsimbo DC,Nsimbo,Litapunga,Lukama,168,Lukama Mashariki,,1.6,1,,,1.6,1.1,2.7,50,3,53
Katavi,Mpanda,Nsimbo DC,Nsimbo,Litapunga,Lukama,169,Upendo,,0.0,1,,,1.6,1.1,2.7,50,3,53
Katavi,Mpanda,Nsimbo DC,Nsimbo,Litapunga,Lukama,170,Ujamaa,,1.0,1,,,1.6,1.1,2.7,50,3,53
Katavi,Mpanda,Nsimbo DC,Nsimbo,Litapunga,Lukama,171,Umoja,,0.0,1,,,1.6,1.1,2.7,50,3,53
Katavi,Mpanda,Nsimbo DC,Nsimbo,Litapunga,Lukama,172,Centre,,0.0,1,,,1.6,1.1,2.7,50,3,53
Katavi,Mpanda,Nsimbo DC,Nsimbo,Kanoge,Kanoge Laini ,173,Bulangwa,,3.1,1,,,1.6,1.1,2.7,50,3,53
Katavi,Mpanda,Nsimbo DC,Nsimbo,Kanoge,Kanoge Laini ,174,Kaloleni,,0.0,1,,,1.6,1.1,2.7,50,3,53
Katavi,Mpanda,Nsimbo DC,Nsimbo,Kanoge,Kanoge Laini ,175,Msenga,,0.0,1,,,1.6,1.1,2.7,50,3,53
Katavi,Mpanda,Nsimbo DC,Nsimbo,Kanoge,Kanoge Laini ,176,Uhuru,,3.6,1,,,1.6,1.1,2.7,50,3,53
Katavi,Mpanda,Nsimbo DC,Nsimbo,Kanoge,Kanoge Laini ,177,Kanoge Center,,0.0,1,,,1.6,1.1,2.7,50,3,53
Katavi,Mpanda,Nsimbo DC,Nsimbo,Kanoge,Kanoge Laini ,178,Tazara,,0.0,1,,,1.6,1.1,2.7,50,3,53
Katavi,Mpanda,Nsimbo DC,Nsimbo,Kanoge,Kanoge Laini ,179,Ukumbusho,,0.0,1,,,1.6,1.1,2.7,50,3,53
Katavi,Mpanda,Nsimbo DC,Nsimbo,Kanoge,Kanoge Laini ,180,Amani,,3.0,1,,,1.6,1.1,2.7,50,3,53
Katavi,Mpanda,Nsimbo DC,Nsimbo,Kanoge,Kanoge Laini ,181,Mchakamchaka,,0.0,1,,,1.6,1.1,2.7,50,3,53
Katavi,Mpanda,Nsimbo DC,Nsimbo,Kanoge,Kanoge Laini ,182,Mshikamano,,0.0,1,,,1.6,1.1,2.7,50,3,53
Katavi,Mpanda,Nsimbo DC,Nsimbo,Kanoge,Kabuga,183,Kana,,0.0,1,,,1.6,1.1,2.7,50,3,53
Katavi,Mpanda,Nsimbo DC,Nsimbo,Kanoge,Kabuga,184,Karume,,0.0,1,,,1.6,1.1,2.7,50,3,53
Katavi,Mpanda,Nsimbo DC,Nsimbo,Kanoge,Kabuga,185,Kabuga Kijiweni,,0.0,1,,,1.6,1.1,2.7,50,3,53
Katavi,Mpanda,Nsimbo DC,Nsimbo,Kanoge,Kabuga,186,Msompola,,1.0,1,,,1.6,1.1,2.7,50,3,53
Katavi,Mpanda,Nsimbo DC,Nsimbo,Kanoge,Kajeje ,187,Kajeje Centre,,0.0,1,,,1.6,1.1,2.7,50,3,53
Katavi,Mpanda,Nsimbo DC,Nsimbo,Kanoge,Kajeje ,188,Tupendane,,0.0,1,,,1.6,1.1,2.7,50,3,53
Katavi,Mpanda,Nsimbo DC,Nsimbo,Kanoge,Kajeje ,189,Kabega,,0.0,1,,,1.6,1.1,2.7,50,3,53
Katavi,Mpanda,Nsimbo DC,Nsimbo,Kanoge,Kajeje ,190,Mkapa,,0.0,1,,,1.6,1.1,2.7,50,3,53
Katavi,Mpanda,Nsimbo DC,Nsimbo,Kanoge,Kajeje ,191,Nyerere,,0.0,1,,,1.6,1.1,2.7,50,3,53
Katavi,Mpanda,Nsimbo DC,Nsimbo,Kanoge,Kajeje ,192,Maganda,,0.0,1,,,1.6,1.1,2.7,50,3,53
Katavi,Mpanda,Nsimbo DC,Nsimbo,Katumba,Tambazi,193,Kilimanjaro,,0.0,1,,,1.6,1.1,2.7,50,3,53
Katavi,Mpanda,Nsimbo DC,Nsimbo,Katumba,Tambazi,194,Sayuni,,0.0,1,,,1.6,1.1,2.7,50,3,53
Katavi,Mpanda,Nsimbo DC,Nsimbo,Katumba,Tambazi,195,Ujamaa,,0.0,1,,,1.6,1.1,2.7,50,3,53
Katavi,Mpanda,Nsimbo DC,Nsimbo,Katumba,Tambazi,196,Umoja,,0.0,1,,,1.6,1.1,2.7,50,3,53
Katavi,Mpanda,Nsimbo DC,Nsimbo,Katumba,Tambazi,197,Mjimwema,,0.0,1,,,1.6,1.1,2.7,50,3,53
Katavi,Mpanda,Nsimbo DC,Nsimbo,Katumba,Katumba ,198,Kariakoo,,0.0,1,,,1.6,1.1,2.7,50,3,53
Katavi,Mpanda,Nsimbo DC,Nsimbo,Katumba,Katumba ,199,Vodacom,,0.5,1,,,1.6,1.1,2.7,50,3,53
Katavi,Mpanda,Nsimbo DC,Nsimbo,Katumba,Katumba ,200,Uhuru,,1.2,1,,,1.6,1.1,2.7,50,3,53
Katavi,Mpanda,Nsimbo DC,Nsimbo,Katumba,Sokoine ,201,Head Quarter,,0.0,1,,,1.6,1.1,2.7,50,3,53
Katavi,Mpanda,Nsimbo DC,Nsimbo,Katumba,Sokoine ,202,Kenswa,,0.0,1,,,1.6,1.1,2.7,50,3,53
Katavi,Mpanda,Nsimbo DC,Nsimbo,Katumba,Sokoine ,203,Msaginya,,0.0,1,,,1.6,1.1,2.7,50,3,53
Katavi,Mpanda,Nsimbo DC,Nsimbo,Katumba,Sokoine ,204,Getini,,0.0,1,,,1.6,1.1,2.7,50,3,53
Katavi,Mpanda,Nsimbo DC,Nsimbo,Katumba,Sokoine ,205,Kenswa Mtoni,,3.2,1,,,1.6,1.1,2.7,50,3,53
Katavi,Mpanda,Nsimbo DC,Nsimbo,Katumba,Mnyaki 'A' ,206,Kasomangala,,0.0,1,,,1.6,1.1,2.7,50,3,53
Katavi,Mpanda,Nsimbo DC,Nsimbo,Katumba,Mnyaki 'A' ,207,Nyerere,,0.0,1,,,1.6,1.1,2.7,50,3,53
Katavi,Mpanda,Nsimbo DC,Nsimbo,Katumba,Mnyaki 'A' ,208,Mjimwema,,0.0,1,,,1.6,1.1,2.7,50,3,53
Katavi,Mpanda,Nsimbo DC,Nsimbo,Katumba,Mnyaki 'A' ,209,Mhagama,,0.0,1,,,1.6,1.1,2.7,50,3,53
Katavi,Mpanda,Nsimbo DC,Nsimbo,Katumba,Mnyaki 'A' ,210,Mnyaki A. Center,,0.0,1,,,1.6,1.1,2.7,50,3,53
Katavi,Mpanda,Nsimbo DC,Nsimbo,Katumba,"Mnyaki 'B"" ",211,Tambuka Reli,,0.0,1,,,1.6,1.1,2.7,50,3,53
Katavi,Mpanda,Nsimbo DC,Nsimbo,Katumba,"Mnyaki 'B"" ",212,Mnazi Mmoja,,0.0,1,,,1.6,1.1,2.7,50,3,53
Katavi,Mpanda,Nsimbo DC,Nsimbo,Katumba,"Mnyaki 'B"" ",213,Baruti,,0.0,1,,,1.6,1.1,2.7,50,3,53
Katavi,Mpanda,Nsimbo DC,Nsimbo,Katumba,"Mnyaki 'B"" ",214,Magufuli,,0.0,1,,,1.6,1.1,2.7,50,3,53
Katavi,Mpanda,Nsimbo DC,Nsimbo,Katumba,Nduwi Station ,215,Nduwi stesheni,,0.0,1,,,1.6,1.1,2.7,50,3,53
Katavi,Mpanda,Nsimbo DC,Nsimbo,Katumba,Nduwi Station ,216,Msasani ,,0.0,1,,,1.6,1.1,2.7,50,3,53
Katavi,Mpanda,Nsimbo DC,Nsimbo,Katumba,Nduwi Station ,217,Tambuka Reli,,0.0,1,,,1.6,1.1,2.7,50,3,53
Katavi,Mpanda,Nsimbo DC,Nsimbo,Katumba,Nduwi Station ,218,Muungano,,0.7,1,,,1.6,1.1,2.7,50,3,53
Katavi,Mpanda,Nsimbo DC,Nsimbo,Katumba,Nduwi Station ,219,Umoja,,0.0,1,,,1.6,1.1,2.7,50,3,53
Katavi,Mpanda,Nsimbo DC,Nsimbo,Katumba,Nduwi Station ,220,Tumaini,,0.0,1,,,1.6,1.1,2.7,50,3,53
Katavi,Mpanda,Nsimbo DC,Nsimbo,Katumba,kaminula,221,Jorodani,,0.0,1,,,1.6,1.1,2.7,50,3,53
Katavi,Mpanda,Nsimbo DC,Nsimbo,Katumba,kaminula,222,Umoja,,0.0,1,,,1.6,1.1,2.7,50,3,53
Katavi,Mpanda,Nsimbo DC,Nsimbo,Katumba,kaminula,223,Mulibasi,,0.0,1,,,1.6,1.1,2.7,50,3,53
Katavi,Mpanda,Nsimbo DC,Nsimbo,Katumba,Nzaga ,224,Nzawila,,0.0,1,,,1.6,1.1,2.7,50,3,53
Katavi,Mpanda,Nsimbo DC,Nsimbo,Katumba,Nzaga ,225,Uhuru,,0.0,1,,,1.6,1.1,2.7,50,3,53
Katavi,Mpanda,Nsimbo DC,Nsimbo,Katumba,Nzaga ,226,Umoja,,0.0,1,,,1.6,1.1,2.7,50,3,53
Katavi,Mpanda,Nsimbo DC,Nsimbo,Katumba,Mtambo ,227,Uhuru,,2.9,1,,,1.6,1.1,2.7,50,3,53
Katavi,Mpanda,Nsimbo DC,Nsimbo,Katumba,Mtambo ,228,Majengo,,5.0,1,,,1.6,1.1,2.7,50,3,53
Katavi,Mpanda,Nsimbo DC,Nsimbo,Katumba,Mtambo ,229,Mtakuja,,0.0,1,,,1.6,1.1,2.7,50,3,53
Katavi,Mpanda,Nsimbo DC,Nsimbo,Katumba,Ivungwe A,230,Bichi,,0.0,1,,,1.6,1.1,2.7,50,3,53
Katavi,Mpanda,Nsimbo DC,Nsimbo,Katumba,Ivungwe A,231,Amani,,2.5,1,,,1.6,1.1,2.7,50,3,53
Katavi,Mpanda,Nsimbo DC,Nsimbo,Katumba,Ivungwe A,232,Kichangani,,0.0,1,,,1.6,1.1,2.7,50,3,53
Katavi,Mpanda,Nsimbo DC,Nsimbo,Katumba,Ivungwe B,233,Mjimwema,,2.2,1,,,1.6,1.1,2.7,50,3,53
Katavi,Mpanda,Nsimbo DC,Nsimbo,Katumba,Ivungwe B,234,Amani,,0.0,1,,,1.6,1.1,2.7,50,3,53
Katavi,Mpanda,Nsimbo DC,Nsimbo,Katumba,Ivungwe B,235,Posta,,1.0,1,,,1.6,1.1,2.7,50,3,53
Katavi,Mpanda,Nsimbo DC,Nsimbo,Katumba,Iwimbi ,236,Mtakuja,,0.0,1,,,1.6,1.1,2.7,50,3,53
Katavi,Mpanda,Nsimbo DC,Nsimbo,Katumba,Iwimbi ,237,Mshikamano,,0.0,1,,,1.6,1.1,2.7,50,3,53
Katavi,Mpanda,Nsimbo DC,Nsimbo,Katumba,Iwimbi ,238,Bondeni,,5.0,1,,,1.6,1.1,2.7,50,3,53
Katavi,Mpanda,Nsimbo DC,Nsimbo,Katumba,Kalungu ,239,Imani,,0.0,1,,,1.6,1.1,2.7,50,3,53
Katavi,Mpanda,Nsimbo DC,Nsimbo,Katumba,Kalungu ,240,Nyerere,,0.0,1,,,1.6,1.1,2.7,50,3,53
JUMLA NDOGO,,,,,,240,,0.0,158.3,240,0,0,381.6,254.4,636.0,"12,000",720,"12,720"
Katavi,Mlele,Mlele DC,Katavi,Ilunde,Ilunde,1,Kivukoni/ibelamafipa,,2.9,1,,,1.6,1.1,2.7,50,3,53
Katavi,Mlele,Mlele DC,Katavi,Ilunde,Ilunde,2,Ilambwe,,0.0,1,,,1.6,1.1,2.7,50,3,53
Katavi,Mlele,Mlele DC,Katavi,Ilunde,Ilunde,3,Kauye,,0.6,1,,,1.6,1.1,2.7,50,3,53
Katavi,Mlele,Mlele DC,Katavi,Ilunde,Ilunde,4,Kalangali,,0.4,1,,,1.6,1.1,2.7,50,3,53
Katavi,Mlele,Mlele DC,Katavi,Ilunde,Isengenezya,5,Isengenezya,,0.5,1,,,1.6,1.1,2.7,50,3,53
Katavi,Mlele,Mlele DC,Katavi,Ilunde,Isengenezya,6, Mjimwema,,1.5,1,,,1.6,1.1,2.7,50,3,53
Katavi,Mlele,Mlele DC,Katavi,Ilunde,Isengenezya,7, Shama A,,0.0,1,,,1.6,1.1,2.7,50,3,53
Katavi,Mlele,Mlele DC,Katavi,Ilunde,Isengenezya,8,Shama B,,0.0,1,,,1.6,1.1,2.7,50,3,53
Katavi,Mlele,Mlele DC,Katavi,Ilela,Mapili,9, Motomoto,,0.0,1,,,1.6,1.1,2.7,50,3,53
Katavi,Mlele,Mlele DC,Katavi,Ilela,Mapili,10,Kazaroho,,0.7,1,,,1.6,1.1,2.7,50,3,53
Katavi,Mlele,Mlele DC,Katavi,Ilela,Mapili,11,Mapambano,,0.0,1,,,1.6,1.1,2.7,50,3,53
Katavi,Mlele,Mlele DC,Katavi,Ilela,Mapili,12,Mahameni,,0.0,1,,,1.6,1.1,2.7,50,3,53
Katavi,Mlele,Mlele DC,Katavi,Ilela,Mapili,13,Majengo,,0.3,1,,,1.6,1.1,2.7,50,3,53
Katavi,Mlele,Mlele DC,Katavi,Ilela,Mapili,14,Mlogolo,,3.6,1,,,1.6,1.1,2.7,50,3,53
Katavi,Mlele,Mlele DC,Katavi,Ilela,Ipwaga,15,majengo,,0.0,1,,,1.6,1.1,2.7,50,3,53
Katavi,Mlele,Mlele DC,Katavi,Ilela,Ipwaga,16,Mtakumbukwa,,0.6,1,,,1.6,1.1,2.7,50,3,53
Katavi,Mlele,Mlele DC,Katavi,Ilela,Ipwaga,17,Gezaulole,,4.5,1,,,1.6,1.1,2.7,50,3,53
Katavi,Mlele,Mlele DC,Katavi,Ilela,Ipwaga,18, Ilela,,0.6,1,,,1.6,1.1,2.7,50,3,53
Katavi,Mlele,Mlele DC,Katavi,Ilela,Ipwaga,19,Mwongozo,,4.0,1,,,1.6,1.1,2.7,50,3,53
Katavi,Mlele,Mlele DC,Katavi,Ilela,Masigo,20, Kiloleni A,,0.0,1,,,1.6,1.1,2.7,50,3,53
Katavi,Mlele,Mlele DC,Katavi,Ilela,Masigo,21, Songambele,,0.0,1,,,1.6,1.1,2.7,50,3,53
Katavi,Mlele,Mlele DC,Katavi,Ilela,Masigo,22,Chemchemi,,0.0,1,,,1.6,1.1,2.7,50,3,53
Katavi,Mlele,Mlele DC,Katavi,Ilela,Masigo,23, Maendeleo,,0.0,1,,,1.6,1.1,2.7,50,3,53
Katavi,Mlele,Mlele DC,Katavi,Ilela,Masigo,24, Kiloleni B,,0.0,1,,,1.6,1.1,2.7,50,3,53
Katavi,Mlele,Mlele DC,Katavi,Utende,Utende,25, Mageuzi,,3.6,1,,,1.6,1.1,2.7,50,3,53
Katavi,Mlele,Mlele DC,Katavi,Utende,Utende,26, Mshikamano,,0.0,1,,,1.6,1.1,2.7,50,3,53
Katavi,Mlele,Mlele DC,Katavi,Utende,Utende,27, Usalama,,5.5,1,,,1.6,1.1,2.7,50,3,53
Katavi,Mlele,Mlele DC,Katavi,Utende,Utende,28,  Kategile,,0.0,1,,,1.6,1.1,2.7,50,3,53
Katavi,Mlele,Mlele DC,Katavi,Utende,Utende,29, Uzega/Namba moja,,8.0,1,,,1.6,1.1,2.7,50,3,53
Katavi,Mlele,Mlele DC,Katavi,Utende,Utende,30,  Mchakamchaka,,2.0,1,,,1.6,1.1,2.7,50,3,53
Katavi,Mlele,Mlele DC,Katavi,Utende,Mgombe,31, Mapambano,,1.0,1,,,1.6,1.1,2.7,50,3,53
Katavi,Mlele,Mlele DC,Katavi,Utende,Mgombe,32,  Muungano,,0.0,1,,,1.6,1.1,2.7,50,3,53
Katavi,Mlele,Mlele DC,Katavi,Utende,Mgombe,33, Sungusungu,,0.0,1,,,1.6,1.1,2.7,50,3,53
Katavi,Mlele,Mlele DC,Katavi,Utende,Mgombe,34,  Mgombe B,,0.0,1,,,1.6,1.1,2.7,50,3,53
Katavi,Mlele,Mlele DC,Katavi,Utende,Wachawaseme,35, Makao,,0.0,1,,,1.6,1.1,2.7,50,3,53
Katavi,Mlele,Mlele DC,Katavi,Utende,Wachawaseme,36,  Chang’ombe,,2.0,1,,,1.6,1.1,2.7,50,3,53
Katavi,Mlele,Mlele DC,Katavi,Utende,Wachawaseme,37,  Songambele,,0.0,1,,,1.6,1.1,2.7,50,3,53
Katavi,Mlele,Mlele DC,Katavi,Utende,Wachawaseme,38,  Mwenge,,0.0,1,,,1.6,1.1,2.7,50,3,53
Katavi,Mlele,Mlele DC,Katavi,Utende,Wachawaseme,39, Mshikamano,,0.0,1,,,1.6,1.1,2.7,50,3,53
Katavi,Mlele,Mlele DC,Katavi,Utende,Kanoge,40, Kazimoto,,2.0,1,,,1.6,1.1,2.7,50,3,53
Katavi,Mlele,Mlele DC,Katavi,Utende,Kanoge,41, Kusa,,0.0,1,,,1.6,1.1,2.7,50,3,53
Katavi,Mlele,Mlele DC,Katavi,Utende,Kanoge,42, Songambele,,0.0,1,,,1.6,1.1,2.7,50,3,53
Katavi,Mlele,Mlele DC,Katavi,Utende,Kanoge,43, Kanoge,,0.0,1,,,1.6,1.1,2.7,50,3,53
Katavi,Mlele,Mlele DC,Katavi,Utende,Kanoge,44, Chang’ombe,,2.0,1,,,1.6,1.1,2.7,50,3,53
Katavi,Mlele,Mlele DC,Katavi,Inyonga,Inyonga,45, Kayamba A,,0.0,1,,,1.6,1.1,2.7,50,3,53
Katavi,Mlele,Mlele DC,Katavi,Inyonga,Inyonga,46, Kayamba B,,0.0,1,,,1.6,1.1,2.7,50,3,53
Katavi,Mlele,Mlele DC,Katavi,Inyonga,Inyonga,47,  Igombe A,,2.0,1,,,1.6,1.1,2.7,50,3,53
Katavi,Mlele,Mlele DC,Katavi,Inyonga,Inyonga,48,  Igombe B,,0.0,1,,,1.6,1.1,2.7,50,3,53
Katavi,Mlele,Mlele DC,Katavi,Inyonga,Inyonga,49,Uwanja wa Ndege,,0.7,1,,,1.6,1.1,2.7,50,3,53
Katavi,Mlele,Mlele DC,Katavi,Inyonga,Inyonga,50, Isengo A,,0.0,1,,,1.6,1.1,2.7,50,3,53
Katavi,Mlele,Mlele DC,Katavi,Inyonga,Inyonga,51, Isengo B,,0.0,1,,,1.6,1.1,2.7,50,3,53
Katavi,Mlele,Mlele DC,Katavi,Inyonga,Inyonga,52,Kalovya A,,0.0,1,,,1.6,1.1,2.7,50,3,53
Katavi,Mlele,Mlele DC,Katavi,Inyonga,Inyonga,53,Kalovya B,,0.0,1,,,1.6,1.1,2.7,50,3,53
Katavi,Mlele,Mlele DC,Katavi,Inyonga,Inyonga,54,Kalovya C,,0.6,1,,,1.6,1.1,2.7,50,3,53
Katavi,Mlele,Mlele DC,Katavi,Inyonga,Inyonga,55, Shama,,0.0,1,,,1.6,1.1,2.7,50,3,53
Katavi,Mlele,Mlele DC,Katavi,Inyonga,Kamalampaka,56,Kamalampaka A,,0.5,1,,,1.6,1.1,2.7,50,3,53
Katavi,Mlele,Mlele DC,Katavi,Inyonga,Kamalampaka,57,Kamalampaka B,,0.0,1,,,1.6,1.1,2.7,50,3,53
Katavi,Mlele,Mlele DC,Katavi,Inyonga,Kamalampaka,58, Kakunku,,0.0,1,,,1.6,1.1,2.7,50,3,53
Katavi,Mlele,Mlele DC,Katavi,Inyonga,Kamalampaka,59, Shama,,0.7,1,,,1.6,1.1,2.7,50,3,53
Katavi,Mlele,Mlele DC,Katavi,Inyonga,Kamalampaka,60, Turieni,,4.6,1,,,1.6,1.1,2.7,50,3,53
Katavi,Mlele,Mlele DC,Katavi,Kamsisi,Kamsisi,61,Kamsisi/zahanati,,1.5,1,,,1.6,1.1,2.7,50,3,53
Katavi,Mlele,Mlele DC,Katavi,Kamsisi,Kamsisi,62, Maguruwe,,2.5,1,,,1.6,1.1,2.7,50,3,53
Katavi,Mlele,Mlele DC,Katavi,Kamsisi,Kamsisi,63, Shamandume,,0.3,1,,,1.6,1.1,2.7,50,3,53
Katavi,Mlele,Mlele DC,Katavi,Kamsisi,Songambele,64,Songambele,,0.0,1,,,1.6,1.1,2.7,50,3,53
Katavi,Mlele,Mlele DC,Katavi,Kamsisi,Songambele,65, Ilelanda/Docta,,1.4,1,,,1.6,1.1,2.7,50,3,53
Katavi,Mlele,Mlele DC,Katavi,Kamsisi,Songambele,66, Shamara,,0.0,1,,,1.6,1.1,2.7,50,3,53
Katavi,Mlele,Mlele DC,Katavi,Kamsisi,Imalauduki,67,Imalauduki,,0.0,1,,,1.6,1.1,2.7,50,3,53
Katavi,Mlele,Mlele DC,Katavi,Kamsisi,Imalauduki,68, Ilanga,,2.3,1,,,1.6,1.1,2.7,50,3,53
Katavi,Mlele,Mlele DC,Katavi,Kamsisi,Imalauduki,69,kayombo,,0.0,1,,,1.6,1.1,2.7,50,3,53
Katavi,Mlele,Mlele DC,Katavi,Nsenkwa,Nsenkwa,70,Kondamoyo A,,0.0,1,,,1.6,1.1,2.7,50,3,53
Katavi,Mlele,Mlele DC,Katavi,Nsenkwa,Nsenkwa,71,Kondamoyo B,,0.0,1,,,1.6,1.1,2.7,50,3,53
Katavi,Mlele,Mlele DC,Katavi,Nsenkwa,Nsenkwa,72,Kondamoyo C,,0.0,1,,,1.6,1.1,2.7,50,3,53
Katavi,Mlele,Mlele DC,Katavi,Nsenkwa,Nsenkwa,73, Wakereketwa A,,0.0,1,,,1.6,1.1,2.7,50,3,53
Katavi,Mlele,Mlele DC,Katavi,Nsenkwa,Nsenkwa,74, Wakereketwa B,,0.0,1,,,1.6,1.1,2.7,50,3,53
Katavi,Mlele,Mlele DC,Katavi,Nsenkwa,Nsenkwa,75, Shikajembe A,,0.0,1,,,1.6,1.1,2.7,50,3,53
Katavi,Mlele,Mlele DC,Katavi,Nsenkwa,Nsenkwa,76,Shikajembe B,,0.0,1,,,1.6,1.1,2.7,50,3,53
Katavi,Mlele,Mlele DC,Katavi,Nsenkwa,Nsenkwa,77,Lembeli,,6.7,1,,,1.6,1.1,2.7,50,3,53
Katavi,Mlele,Mlele DC,Katavi,Nsenkwa,Kaulolo,78,Kaulolo,,0.0,1,,,1.6,1.1,2.7,50,3,53
Katavi,Mlele,Mlele DC,Katavi,Nsenkwa,Kaulolo,79, Mapinduzi,,0.0,1,,,1.6,1.1,2.7,50,3,53
Katavi,Mlele,Mlele DC,Katavi,Nsenkwa,Kaulolo,80, Maendeleo,,3.6,1,,,1.6,1.1,2.7,50,3,53
Katavi,Mlele,Mlele DC,Katavi,Nsenkwa,Mtakuja,81,Igalula,,0.0,1,,,1.6,1.1,2.7,50,3,53
Katavi,Mlele,Mlele DC,Katavi,Nsenkwa,Mtakuja,82, Songambele,,0.0,1,,,1.6,1.1,2.7,50,3,53
Katavi,Mlele,Mlele DC,Katavi,Nsenkwa,Mtakuja,83, Mandela,,1.5,1,,,1.6,1.1,2.7,50,3,53
Katavi,Mlele,Mlele DC,Katavi,Nsenkwa,Mtakuja,84, Legezamwendo A,,0.0,1,,,1.6,1.1,2.7,50,3,53
Katavi,Mlele,Mlele DC,Katavi,Nsenkwa,Mtakuja,85, Legezamwendo B,,0.0,1,,,1.6,1.1,2.7,50,3,53
Katavi,Mlele,Mpimbwe DC,Kavuu,Mamba,Mamba A,86,Mamba Magharibi,,0.5,1,,,1.6,1.1,2.7,50,3,53
Katavi,Mlele,Mpimbwe DC,Kavuu,Mamba,Mamba A,87,Makongoro,,3.5,1,,,1.6,1.1,2.7,50,3,53
Katavi,Mlele,Mpimbwe DC,Kavuu,Mamba,Mamba A,88,Lusanga,,0.3,1,,,1.6,1.1,2.7,50,3,53
Katavi,Mlele,Mpimbwe DC,Kavuu,Mamba,Mamba A,89,Ilingamila,,0.0,1,,,1.6,1.1,2.7,50,3,53
Katavi,Mlele,Mpimbwe DC,Kavuu,Mamba,Mamba B,90,Mamba Sokoni,,0.5,1,,,1.6,1.1,2.7,50,3,53
Katavi,Mlele,Mpimbwe DC,Kavuu,Mamba,Mamba B,91,Mamba shuleni,,0.0,1,,,1.6,1.1,2.7,50,3,53
Katavi,Mlele,Mpimbwe DC,Kavuu,Mamba,Mamba B,92,Mabambasi,,0.0,1,,,1.6,1.1,2.7,50,3,53
Katavi,Mlele,Mpimbwe DC,Kavuu,Mamba,Mamba B,93,Ntaswa A,,0.0,1,,,1.6,1.1,2.7,50,3,53
Katavi,Mlele,Mpimbwe DC,Kavuu,Mamba,Mamba B,94,Ntaswa B,,0.0,1,,,1.6,1.1,2.7,50,3,53
Katavi,Mlele,Mpimbwe DC,Kavuu,Mamba,Kanindi,95,Kanindi A,,0.0,1,,,1.6,1.1,2.7,50,3,53
Katavi,Mlele,Mpimbwe DC,Kavuu,Mamba,Kanindi,96,Kanindi B,,0.0,1,,,1.6,1.1,2.7,50,3,53
Katavi,Mlele,Mpimbwe DC,Kavuu,Mamba,Kanindi,97,Kade,,0.0,1,,,1.6,1.1,2.7,50,3,53
Katavi,Mlele,Mpimbwe DC,Kavuu,Mamba,Kanindi,98,Mino,,0.0,1,,,1.6,1.1,2.7,50,3,53
Katavi,Mlele,Mpimbwe DC,Kavuu,Mamba,Kanindi,99,Mnyamadi,,0.0,1,,,1.6,1.1,2.7,50,3,53
Katavi,Mlele,Mpimbwe DC,Kavuu,Mamba,Kanindi,100,Chemchem,,0.0,1,,,1.6,1.1,2.7,50,3,53
Katavi,Mlele,Mpimbwe DC,Kavuu,Mamba,Kilida,101,Kilida,,0.0,1,,,1.6,1.1,2.7,50,3,53
Katavi,Mlele,Mpimbwe DC,Kavuu,Mamba,Kilida,102,Lusinga,,0.0,1,,,1.6,1.1,2.7,50,3,53
Katavi,Mlele,Mpimbwe DC,Kavuu,Mamba,Kilida,103,Mwezya,,0.0,1,,,1.6,1.1,2.7,50,3,53
Katavi,Mlele,Mpimbwe DC,Kavuu,Mamba,Kilida,104,Kasisi,,1.0,1,,,1.6,1.1,2.7,50,3,53
Katavi,Mlele,Mpimbwe DC,Kavuu,Mamba,Kilida,105,Masanso,,0.0,1,,,1.6,1.1,2.7,50,3,53
Katavi,Mlele,Mpimbwe DC,Kavuu,Mamba,Kabunde,106,Makuyugu A,,0.0,1,,,1.6,1.1,2.7,50,3,53
Katavi,Mlele,Mpimbwe DC,Kavuu,Mamba,Kabunde,107,Makuyugu B,,4.0,1,,,1.6,1.1,2.7,50,3,53
Katavi,Mlele,Mpimbwe DC,Kavuu,Mamba,Kabunde,108,Kapele A,,3.2,1,,,1.6,1.1,2.7,50,3,53
Katavi,Mlele,Mpimbwe DC,Kavuu,Mamba,Kabunde,109,Kapele B,,2.0,1,,,1.6,1.1,2.7,50,3,53
Katavi,Mlele,Mpimbwe DC,Kavuu,Mamba,Kabunde,110,Tubanane,,1.4,1,,,1.6,1.1,2.7,50,3,53
Katavi,Mlele,Mpimbwe DC,Kavuu,Mamba,Kabunde,111,Mpilipili A,,6.0,1,,,1.6,1.1,2.7,50,3,53
Katavi,Mlele,Mpimbwe DC,Kavuu,Mamba,Kabunde,112,Mpilipili B,,2.0,1,,,1.6,1.1,2.7,50,3,53
Katavi,Mlele,Mpimbwe DC,Kavuu,Mamba,Kabunde,113,Iziwakasha,,3.0,1,,,1.6,1.1,2.7,50,3,53
Katavi,Mlele,Mpimbwe DC,Kavuu,Mamba,Kabunde,114,King’anda,,4.2,1,,,1.6,1.1,2.7,50,3,53
Katavi,Mlele,Mpimbwe DC,Kavuu,Kasansa,Kabunde,115,Igalukilo A,,0.0,1,,,1.6,1.1,2.7,50,3,53
Katavi,Mlele,Mpimbwe DC,Kavuu,Kasansa,Igalukilo,116,Igalukilo B,,0.0,1,,,1.6,1.1,2.7,50,3,53
Katavi,Mlele,Mpimbwe DC,Kavuu,Kasansa,Igalukilo,117,Igalukilo C,,0.0,1,,,1.6,1.1,2.7,50,3,53
Katavi,Mlele,Mpimbwe DC,Kavuu,Kasansa,Igalukilo,118,King’anda A,,0.0,1,,,1.6,1.1,2.7,50,3,53
Katavi,Mlele,Mpimbwe DC,Kavuu,Kasansa,Igalukilo,119,King’anda B,,0.4,1,,,1.6,1.1,2.7,50,3,53
Katavi,Mlele,Mpimbwe DC,Kavuu,Kasansa,Kikonko,120,Kikonko A,,0.0,1,,,1.6,1.1,2.7,50,3,53
Katavi,Mlele,Mpimbwe DC,Kavuu,Kasansa,Kikonko,121,Kikonko B,,0.0,1,,,1.6,1.1,2.7,50,3,53
Katavi,Mlele,Mpimbwe DC,Kavuu,Kasansa,Kikonko,122,Kikonko C,,0.6,1,,,1.6,1.1,2.7,50,3,53
Katavi,Mlele,Mpimbwe DC,Kavuu,Kasansa,Kikonko,123,Kikonko D,,0.0,1,,,1.6,1.1,2.7,50,3,53
Katavi,Mlele,Mpimbwe DC,Kavuu,Kasansa,Kikonko,124,Kikonko E,,0.0,1,,,1.6,1.1,2.7,50,3,53
Katavi,Mlele,Mpimbwe DC,Kavuu,Kasansa,Iziwasungu,125,Ng’ongo,,1.0,1,,,1.6,1.1,2.7,50,3,53
Katavi,Mlele,Mpimbwe DC,Kavuu,Kasansa,Iziwasungu,126,Kavuu,,3.2,1,,,1.6,1.1,2.7,50,3,53
Katavi,Mlele,Mpimbwe DC,Kavuu,Kasansa,Iziwasungu,127,Iziwasungu,,0.0,1,,,1.6,1.1,2.7,50,3,53
Katavi,Mlele,Mpimbwe DC,Kavuu,Kasansa,Iziwasungu,128,Nsimbo,,3.6,1,,,1.6,1.1,2.7,50,3,53
Katavi,Mlele,Mpimbwe DC,Kavuu,Kasansa,Ntibili,129,Ntibili A,,0.0,1,,,1.6,1.1,2.7,50,3,53
Katavi,Mlele,Mpimbwe DC,Kavuu,Kasansa,Ntibili,130,Ntibili B,,0.0,1,,,1.6,1.1,2.7,50,3,53
Katavi,Mlele,Mpimbwe DC,Kavuu,Kasansa,Ntibili,131,Ntibili C,,0.5,1,,,1.6,1.1,2.7,50,3,53
Katavi,Mlele,Mpimbwe DC,Kavuu,Kasansa,Ntibili,132,Kifunda,,0.0,1,,,1.6,1.1,2.7,50,3,53
Katavi,Mlele,Mpimbwe DC,Kavuu,Kasansa,Ntibili,133,Manzintiswe,,0.0,1,,,1.6,1.1,2.7,50,3,53
Katavi,Mlele,Mpimbwe DC,Kavuu,Majimoto,Majimoto,134,Majimoto,,0.0,1,,,1.6,1.1,2.7,50,3,53
Katavi,Mlele,Mpimbwe DC,Kavuu,Majimoto,Majimoto,135,Bhula,,0.0,1,,,1.6,1.1,2.7,50,3,53
Katavi,Mlele,Mpimbwe DC,Kavuu,Majimoto,Majimoto,136,Namanyere,,0.8,1,,,1.6,1.1,2.7,50,3,53
Katavi,Mlele,Mpimbwe DC,Kavuu,Majimoto,Majimoto,137,Changi ,,0.0,1,,,1.6,1.1,2.7,50,3,53
Katavi,Mlele,Mpimbwe DC,Kavuu,Majimoto,Majimoto,138,Katandala,,0.0,1,,,1.6,1.1,2.7,50,3,53
Katavi,Mlele,Mpimbwe DC,Kavuu,Majimoto,Kitupa,139,Kitupa barabarani,,0.0,1,,,1.6,1.1,2.7,50,3,53
Katavi,Mlele,Mpimbwe DC,Kavuu,Majimoto,Kitupa,140,Kitupa Mlimani,,0.6,1,,,1.6,1.1,2.7,50,3,53
Katavi,Mlele,Mpimbwe DC,Kavuu,Majimoto,Mkuyuni,141,Kiwanjani,,0.0,1,,,1.6,1.1,2.7,50,3,53
Katavi,Mlele,Mpimbwe DC,Kavuu,Majimoto,Mkuyuni,142,Kilimahewa,,0.0,1,,,1.6,1.1,2.7,50,3,53
Katavi,Mlele,Mpimbwe DC,Kavuu,Majimoto,Mkuyuni,143,Koledya,,0.4,1,,,1.6,1.1,2.7,50,3,53
Katavi,Mlele,Mpimbwe DC,Kavuu,Majimoto,Migunga,144,Migunga A,,0.0,1,,,1.6,1.1,2.7,50,3,53
Katavi,Mlele,Mpimbwe DC,Kavuu,Majimoto,Migunga,145,Sombo,,0.5,1,,,1.6,1.1,2.7,50,3,53
Katavi,Mlele,Mpimbwe DC,Kavuu,Majimoto,Luchima,146,Luchima A,,0.0,1,,,1.6,1.1,2.7,50,3,53
Katavi,Mlele,Mpimbwe DC,Kavuu,Majimoto,Luchima,147,Masangano,,0.3,1,,,1.6,1.1,2.7,50,3,53
Katavi,Mlele,Mpimbwe DC,Kavuu,Majimoto,Luchima,148,King’anda A,,0.0,1,,,1.6,1.1,2.7,50,3,53
Katavi,Mlele,Mpimbwe DC,Kavuu,Majimoto,Luchima,149,Kiwanjani A,,6.0,1,,,1.6,1.1,2.7,50,3,53
Katavi,Mlele,Mpimbwe DC,Kavuu,Majimoto,Luchima,150,Kawanga,,2.0,1,,,1.6,1.1,2.7,50,3,53
Katavi,Mlele,Mpimbwe DC,Kavuu,Majimoto,Luchima,151,Ilunda,,0.0,1,,,1.6,1.1,2.7,50,3,53
Katavi,Mlele,Mpimbwe DC,Kavuu,Majimoto,Ikulwe,152,Ikulwe A,,0.0,1,,,1.6,1.1,2.7,50,3,53
Katavi,Mlele,Mpimbwe DC,Kavuu,Majimoto,Ikulwe,153,Madulu,,0.0,1,,,1.6,1.1,2.7,50,3,53
Katavi,Mlele,Mpimbwe DC,Kavuu,Majimoto,Ikulwe,154,Isimba,,0.0,1,,,1.6,1.1,2.7,50,3,53
Katavi,Mlele,Mpimbwe DC,Kavuu,Majimoto,Ikulwe,155,Mgoloka,,0.0,1,,,1.6,1.1,2.7,50,3,53
Katavi,Mlele,Mpimbwe DC,Kavuu,Mwamapuli,Mwamapuli,156,Mwamapuli A,,0.0,1,,,1.6,1.1,2.7,50,3,53
Katavi,Mlele,Mpimbwe DC,Kavuu,Mwamapuli,Mwamapuli,157,Itobanilo A,,0.0,1,,,1.6,1.1,2.7,50,3,53
Katavi,Mlele,Mpimbwe DC,Kavuu,Mwamapuli,Mwamapuli,158,Mbuyuni,,3.6,1,,,1.6,1.1,2.7,50,3,53
Katavi,Mlele,Mpimbwe DC,Kavuu,Mwamapuli,Mwamapuli,159,Ntatua,,0.0,1,,,1.6,1.1,2.7,50,3,53
Katavi,Mlele,Mpimbwe DC,Kavuu,Mwamapuli,Ukingwaminzi,160,Ukingwaminzi ,,0.0,1,,,1.6,1.1,2.7,50,3,53
Katavi,Mlele,Mpimbwe DC,Kavuu,Mwamapuli,Ukingwaminzi,161,Itumba ,,2.8,1,,,1.6,1.1,2.7,50,3,53
Katavi,Mlele,Mpimbwe DC,Kavuu,Mwamapuli,Lunguya,162,Lunguya A,,2.0,1,,,1.6,1.1,2.7,50,3,53
Katavi,Mlele,Mpimbwe DC,Kavuu,Mwamapuli,Lunguya,163,Lunguya B,,2.0,1,,,1.6,1.1,2.7,50,3,53
Katavi,Mlele,Mpimbwe DC,Kavuu,Mwamapuli,Lunguya,164,Lunguya C,,2.0,1,,,1.6,1.1,2.7,50,3,53
Katavi,Mlele,Mpimbwe DC,Kavuu,Mwamapuli,Lunguya,165,Madulu A,,2.0,1,,,1.6,1.1,2.7,50,3,53
Katavi,Mlele,Mpimbwe DC,Kavuu,Mwamapuli,Lunguya,166,Madulu B,,1.0,1,,,1.6,1.1,2.7,50,3,53
Katavi,Mlele,Mpimbwe DC,Kavuu,Chamalendi,Chamalendi,167,Chamalendi B,,0.0,1,,,1.6,1.1,2.7,50,3,53
Katavi,Mlele,Mpimbwe DC,Kavuu,Chamalendi,Chamalendi,168,Mabambasi A,,0.0,1,,,1.6,1.1,2.7,50,3,53
Katavi,Mlele,Mpimbwe DC,Kavuu,Chamalendi,Chamalendi,169,Mabambasi B,,0.0,1,,,1.6,1.1,2.7,50,3,53
Katavi,Mlele,Mpimbwe DC,Kavuu,Chamalendi,Chamalendi,170,Maimba,,6.9,1,,,1.6,1.1,2.7,50,3,53
Katavi,Mlele,Mpimbwe DC,Kavuu,Chamalendi,Mkwajuni,171,Mkwajuni,,0.0,1,,,1.6,1.1,2.7,50,3,53
Katavi,Mlele,Mpimbwe DC,Kavuu,Chamalendi,Mkwajuni,172,Manela ,,0.0,1,,,1.6,1.1,2.7,50,3,53
Katavi,Mlele,Mpimbwe DC,Kavuu,Chamalendi,Mkwajuni,173,Msadya ,,0.0,1,,,1.6,1.1,2.7,50,3,53
Katavi,Mlele,Mpimbwe DC,Kavuu,Kibaoni,Kibaoni,174,Ushirika,,0.5,1,,,1.6,1.1,2.7,50,3,53
Katavi,Mlele,Mpimbwe DC,Kavuu,Kibaoni,Kibaoni,175,Isamvu,,0.0,1,,,1.6,1.1,2.7,50,3,53
Katavi,Mlele,Mpimbwe DC,Kavuu,Kibaoni,Kibaoni,176,Ndemanilwa,,0.0,1,,,1.6,1.1,2.7,50,3,53
Katavi,Mlele,Mpimbwe DC,Kavuu,Kibaoni,Kibaoni,177,Kakuni,,0.0,1,,,1.6,1.1,2.7,50,3,53
Katavi,Mlele,Mpimbwe DC,Kavuu,Kibaoni,Kibaoni,178,Kagera,,0.0,1,,,1.6,1.1,2.7,50,3,53
Katavi,Mlele,Mpimbwe DC,Kavuu,Kibaoni,Kibaoni,179,Chongwe,,0.0,1,,,1.6,1.1,2.7,50,3,53
Katavi,Mlele,Mpimbwe DC,Kavuu,Kibaoni,Kibaoni,180,lalanayo,,0.0,1,,,1.6,1.1,2.7,50,3,53
Katavi,Mlele,Mpimbwe DC,Kavuu,Kibaoni,Kibaoni,181,Mirumba,,0.0,1,,,1.6,1.1,2.7,50,3,53
Katavi,Mlele,Mpimbwe DC,Kavuu,Kibaoni,Mirumba,182,Mtukula,,0.0,1,,,1.6,1.1,2.7,50,3,53
Katavi,Mlele,Mpimbwe DC,Kavuu,Kibaoni,Mirumba,183,Kitumba,,3.2,1,,,1.6,1.1,2.7,50,3,53
Katavi,Mlele,Mpimbwe DC,Kavuu,Kibaoni,Mirumba,184,Katete,,0.0,1,,,1.6,1.1,2.7,50,3,53
Katavi,Mlele,Mpimbwe DC,Kavuu,Kibaoni,Mirumba,185,Wampembe,,2.8,1,,,1.6,1.1,2.7,50,3,53
Katavi,Mlele,Mpimbwe DC,Kavuu,Kibaoni,Ilalangulu,186,Ngomeni,,0.0,1,,,1.6,1.1,2.7,50,3,53
Katavi,Mlele,Mpimbwe DC,Kavuu,Kibaoni,Ilalangulu,187,Ilalangulu,,1.5,1,,,1.6,1.1,2.7,50,3,53
Katavi,Mlele,Mpimbwe DC,Kavuu,Kibaoni,Ilalangulu,188,Ngwilo,,1.0,1,,,1.6,1.1,2.7,50,3,53
Katavi,Mlele,Mpimbwe DC,Kavuu,Kibaoni,Ilalangulu,189,Mkwakwa,,1.0,1,,,1.6,1.1,2.7,50,3,53
Katavi,Mlele,Mpimbwe DC,Kavuu,Kibaoni,Ilalangulu,190,Katandala,,0.0,1,,,1.6,1.1,2.7,50,3,53
Katavi,Mlele,Mpimbwe DC,Kavuu,Kibaoni,Ilalangulu,191,Masanja,,5.7,1,,,1.6,1.1,2.7,50,3,53
Katavi,Mlele,Mpimbwe DC,Kavuu,Usevya,Usevya,192,Malibomba,,4.6,1,,,1.6,1.1,2.7,50,3,53
Katavi,Mlele,Mpimbwe DC,Kavuu,Usevya,Usevya,193,Laini,,0.0,1,,,1.6,1.1,2.7,50,3,53
Katavi,Mlele,Mpimbwe DC,Kavuu,Usevya,Usevya,194,Ntompola,,0.8,1,,,1.6,1.1,2.7,50,3,53
Katavi,Mlele,Mpimbwe DC,Kavuu,Usevya,Usevya,195,Mbugani,,0.0,1,,,1.6,1.1,2.7,50,3,53
Katavi,Mlele,Mpimbwe DC,Kavuu,Usevya,Usevya,196,Mkuyuni,,0.0,1,,,1.6,1.1,2.7,50,3,53
Katavi,Mlele,Mpimbwe DC,Kavuu,Usevya,Usevya,197,Kaunyala,,2.6,1,,,1.6,1.1,2.7,50,3,53
Katavi,Mlele,Mpimbwe DC,Kavuu,Usevya,Usevya,198,Kasunzuru,,0.0,1,,,1.6,1.1,2.7,50,3,53
Katavi,Mlele,Mpimbwe DC,Kavuu,Usevya,Usevya,199,Kashamkulo,,0.0,1,,,1.6,1.1,2.7,50,3,53
Katavi,Mlele,Mpimbwe DC,Kavuu,Usevya,Msadya,200,Msadya A,,0.0,1,,,1.6,1.1,2.7,50,3,53
Katavi,Mlele,Mpimbwe DC,Kavuu,Usevya,Msadya,201,Msadya B,,2.0,1,,,1.6,1.1,2.7,50,3,53
Katavi,Mlele,Mpimbwe DC,Kavuu,Usevya,Msadya,202,Manela A and B,,0.0,1,,,1.6,1.1,2.7,50,3,53
Katavi,Mlele,Mpimbwe DC,Kavuu,Usevya,Nyambwe,203,Nyambwe A,,3.0,1,,,1.6,1.1,2.7,50,3,53
Katavi,Mlele,Mpimbwe DC,Kavuu,Usevya,Nyambwe,204,Nyambwe E,,3.0,1,,,1.6,1.1,2.7,50,3,53
Katavi,Mlele,Mpimbwe DC,Kavuu,Ikuba,Ikuba,205,Isenga,,0.0,1,,,1.6,1.1,2.7,50,3,53
Katavi,Mlele,Mpimbwe DC,Kavuu,Ikuba,Ikuba,206,Moba,,6.4,1,,,1.6,1.1,2.7,50,3,53
Katavi,Mlele,Mpimbwe DC,Kavuu,Ikuba,Ikuba,207,Igogwe,,0.0,1,,,1.6,1.1,2.7,50,3,53
Katavi,Mlele,Mpimbwe DC,Kavuu,Ikuba,Ikuba,208,Uzumbula,,0.0,1,,,1.6,1.1,2.7,50,3,53
Katavi,Mlele,Mpimbwe DC,Kavuu,Ikuba,Ikuba,209,Kikulwe,,0.0,1,,,1.6,1.1,2.7,50,3,53
Katavi,Mlele,Mpimbwe DC,Kavuu,Ikuba,Ikuba,210,Ipota,,6.2,1,,,1.6,1.1,2.7,50,3,53
Katavi,Mlele,Mpimbwe DC,Kavuu,Ikuba,Ikuba,211,Mnyakasi,,3.7,1,,,1.6,1.1,2.7,50,3,53
Katavi,Mlele,Mpimbwe DC,Kavuu,Ikuba,Ikuba,212,Ikuba,,0.0,1,,,1.6,1.1,2.7,50,3,53
Katavi,Mlele,Mpimbwe DC,Kavuu,Ikuba,Kashishi,213,Kashishi Kaskazini,,0.0,1,,,1.6,1.1,2.7,50,3,53
Katavi,Mlele,Mpimbwe DC,Kavuu,Ikuba,Kashishi,214,Kashishi Kati,,0.0,1,,,1.6,1.1,2.7,50,3,53
Katavi,Mlele,Mpimbwe DC,Kavuu,Ikuba,Kashishi,215,Kashishi Kusini,,0.0,1,,,1.6,1.1,2.7,50,3,53
Katavi,Mlele,Mpimbwe DC,Kavuu,Ikuba,Kashishi,216,Unyonyi A and B,,2.7,1,,,1.6,1.1,2.7,50,3,53
Katavi,Mlele,Mpimbwe DC,Kavuu,Ikuba,Kashishi,217,Itula,,0.0,1,,,1.6,1.1,2.7,50,3,53
Katavi,Mlele,Mpimbwe DC,Kavuu,Mbede,Mbede,218,Mbede C,,0.0,1,,,1.6,1.1,2.7,50,3,53
Katavi,Mlele,Mpimbwe DC,Kavuu,Mbede,Mbede,219,Mkuswe,,0.0,1,,,1.6,1.1,2.7,50,3,53
Katavi,Mlele,Mpimbwe DC,Kavuu,Mbede,Mbede,220,Misisi,,0.0,1,,,1.6,1.1,2.7,50,3,53
Katavi,Mlele,Mpimbwe DC,Kavuu,Mbede,Mbede,221,Tupindo A,,0.0,1,,,1.6,1.1,2.7,50,3,53
Katavi,Mlele,Mpimbwe DC,Kavuu,Mbede,Mbede,222,Misawala,,4.0,1,,,1.6,1.1,2.7,50,3,53
Katavi,Mlele,Mpimbwe DC,Kavuu,Mbede,Minyoso,223,Minyoso,,4.3,1,,,1.6,1.1,2.7,50,3,53
Katavi,Mlele,Mpimbwe DC,Kavuu,Mbede,Minyoso,224,Kiboko,,4.0,1,,,1.6,1.1,2.7,50,3,53
Katavi,Mlele,Mpimbwe DC,Kavuu,Mbede,Minyoso,225,Chemchem,,0.0,1,,,1.6,1.1,2.7,50,3,53
Katavi,Mlele,Mpimbwe DC,Kavuu,Mbede,Minyoso,226,Katinda,,0.0,1,,,1.6,1.1,2.7,50,3,53
Katavi,Mlele,Mpimbwe DC,Kavuu,Mbede,Minyoso,227,Tupindo B,,0.0,1,,,1.6,1.1,2.7,50,3,53
Katavi,Mlele,Mpimbwe DC,Kavuu,Mbede,Mwamatiga,228,Mwamatiga B,,0.0,1,,,1.6,1.1,2.7,50,3,53
Katavi,Mlele,Mpimbwe DC,Kavuu,Mbede,Mwamatiga,229,Mwamatiga  C,,1.0,1,,,1.6,1.1,2.7,50,3,53
Katavi,Mlele,Mpimbwe DC,Kavuu,Mbede,Mwamatiga,230,Migunga,,1.0,1,,,1.6,1.1,2.7,50,3,53
Katavi,Mlele,Mpimbwe DC,Kavuu,Mbede,Mwamatiga,231,Mbugani,,1.0,1,,,1.6,1.1,2.7,50,3,53
Katavi,Mlele,Mpimbwe DC,Kavuu,Mbede,Mwamatiga,232,Mwamatiga A,,0.0,1,,,1.6,1.1,2.7,50,3,53
JUMLA NDOGO,,,,,,232,,0.0,215.1,232,0,0,368.9,245.9,614.8,"11,600",696,"12,296"
JUMLA KUU,,,,,,777,,0.0,621.4,777,0,0,"1,235.4",823.6,"2,059.0","38,850","2,331","41,181"
,,,,,,,,,,,,,,,,,,
,,,,,,,,,,,,,,,,,,
