MKOA WA KILIMANJARO ,,,,,,,,Scope of works,,,,,,,,,,
,,,,,,,,,,,,,,,,,,
,,,,,,,,Medium Voltage Lines (km),,Distribution Transformers (kVA),,,Low Voltage Lines (km),,,Initial Customers,,
Mkoa,Wilaya,Halmashauri,Jimbo,Kata,Kijiji,Na,Kitongoji,11kV,33kV,50,100,200,4x95 sq.mm,4x50 sq.mm,LV Total (km),Single Phase,Three Phase,Total
Kilimanjaro,Moshi,Moshi DC,Vunjo,Kirua Vunjo Magharibi,Manu,1,Mraembe,,0.5,,,,1.4,0.6,2.0,35,2,37
Kilimanjaro,Moshi,Moshi DC,Vunjo,Kirua Vunjo Magharibi,Manu,2,Lole,,0.0,,1,,2.1,0.9,3.0,60,2,62
Kilimanjaro,Moshi,Moshi DC,Vunjo,Kirua Vunjo Magharibi,Marua,3,Mkonja,,3.0,,1,,1.4,0.6,2.0,30,2,32
Kilimanjaro,Moshi,Moshi DC,Vunjo,Kirua Vunjo Magharibi,Marua,4,Manaenaeni,,2.8,,1,,1.4,0.6,2.0,35,2,37
Kilimanjaro,Moshi,Moshi DC,Vunjo,Kirua Vunjo Mashariki,Nganjoni,5,Nganjoni Chini,,2.2,1,,,1.4,0.6,2.0,53,2,55
Kilimanjaro,Moshi,Moshi DC,Vunjo,Kirua Vunjo Mashariki,Nganjoni,6,Urenga,,3.0,1,,,2.8,1.2,4.0,80,2,82
Kilimanjaro,Moshi,Moshi DC,Vunjo,Kirua Vunjo Mashariki,Mrumeni,7,Mria,,0.0,1,,,1.4,0.6,2.0,53,2,55
Kilimanjaro,Moshi,Moshi DC,Vunjo,Kirua Vunjo Mashariki,Mrumeni,8,Mfiriweni,,1.4,,1,,2.8,1.2,4.0,70,2,72
Kilimanjaro,Moshi,Moshi DC,Vunjo,Kirua Vunjo Mashariki,Mrumeni,9,Leshaku,,0.7,,1,,1.4,0.6,2.0,60,2,62
Kilimanjaro,Moshi,Moshi DC,Vunjo,Kiruavunjo,Yamu,10,Yam Juu,,0.8,1,,,2.1,0.9,3.0,78,2,80
Kilimanjaro,Moshi,Moshi DC,Vunjo,Kiruavunjo,Yamu,11,Kiraracha,,0.5,1,,,2.1,0.9,3.0,92,2,94
Kilimanjaro,Moshi,Moshi DC,Vunjo,Kiruavunjo,Yamu,12,Masia,,2.0,,1,,2.8,1.2,4.0,79,2,81
Kilimanjaro,Moshi,Moshi DC,Vunjo,Kilema Kusini,Leghomulo,13,Ngororomuni,,2.0,,1,,2.8,1.2,4.0,100,2,102
Kilimanjaro,Moshi,Moshi DC,Vunjo,Kilema Kusini,Kilema Chini,14,Mandaka Chini,,0.8,1,,,2.8,1.2,4.0,100,2,102
Kilimanjaro,Moshi,Moshi DC,Vunjo,Kilema Kaskazini,Ruwa,15,Kilai,,0.4,,1,,2.1,0.9,3.0,55,2,57
Kilimanjaro,Moshi,Moshi DC,Vunjo,Mwika Kusini,Mawanjeni,16,Riata A,,0.2,1,,,1.4,0.6,2.0,50,2,52
Kilimanjaro,Moshi,Moshi DC,Vunjo,Mwika Kusini,Mawanjeni,17,Riata B,,0.0,1,,,2.8,1.2,4.0,80,2,82
Kilimanjaro,Moshi,Moshi DC,Vunjo,Makuyuni,Makuyuni,18,Kalemani,,0.8,1,,,2.8,1.2,4.0,200,2,202
Kilimanjaro,Moshi,Moshi DC,Vunjo,Kahe Mashariki,Kochakindo,19,Kochakindo Kati,,0.0,1,,,2.1,0.9,3.0,54,2,56
Kilimanjaro,Moshi,Moshi DC,Vunjo,Kahe Mashariki,Kochakindo,20,Kitivo,,0.7,1,,,1.4,0.6,2.0,45,2,47
Kilimanjaro,Moshi,Moshi DC,Vunjo,Kahe Mashariki,Kochakindo,21,Kambini,,1.3,1,,,1.4,0.6,2.0,50,2,52
Kilimanjaro,Moshi,Moshi DC,Vunjo,Kahe Mashariki,Kochakindo,22,Ngaramtoni,,1.2,1,,,1.4,0.6,2.0,65,2,67
Kilimanjaro,Moshi,Moshi DC,Vunjo,Kahe Mashariki,Mikameni,23,Njoro,,0.0,1,,,1.4,0.6,2.0,45,2,47
Kilimanjaro,Moshi,Moshi DC,Vunjo,Kahe Mashariki,Kyomu,24,Msufini,,2.6,1,,,1.4,0.6,2.0,50,2,52
Kilimanjaro,Moshi,Moshi DC,Vunjo,Kahe Mashariki,Soko,25,Soko,,0.0,1,,,2.1,0.9,3.0,87,2,89
Kilimanjaro,Moshi,Moshi DC,Vunjo,Kahe Mashariki,Soko,26,Dehu,,0.6,1,,,2.1,0.9,3.0,85,2,87
Kilimanjaro,Moshi,Moshi DC,Vunjo,Kahe Mashariki,Soko,27,Mkuyuni,,0.0,1,,,2.1,0.9,3.0,90,2,92
Kilimanjaro,Moshi,Moshi DC,Vunjo,Kahe Magharibi,Mwangaria,28,Kiyaya,,1.8,1,,,2.1,0.9,3.0,78,2,80
Kilimanjaro,Moshi,Moshi DC,Vunjo,Kahe Magharibi,Mwangaria,29,Kimala,,4.5,1,,,2.1,0.9,3.0,90,2,92
Kilimanjaro,Moshi,Moshi DC,Vunjo,Kahe Magharibi,Mwangaria,30,Kimala Relini,,3.4,1,,,2.1,0.9,3.0,78,2,80
Kilimanjaro,Moshi,Moshi DC,Vunjo,Kahe Magharibi,Ngasinyi A,31,Mbeu,,2.0,1,,,2.1,0.9,3.0,90,2,92
Kilimanjaro,Moshi,Moshi DC,Vunjo,Kahe Magharibi,Ngasinyi B,32,Longoni,,1.4,1,,,2.1,0.9,3.0,67,2,69
Kilimanjaro,Moshi,Moshi DC,Vunjo,Kahe Magharibi,Ngasinyi B,33,King'Aroni,,2.0,1,,,2.1,0.9,3.0,78,2,80
Kilimanjaro,Moshi,Moshi DC,Vunjo,Kahe Magharibi,Ngasinyi B,34,Dehu,,1.6,1,,,2.1,0.9,3.0,92,2,94
Kilimanjaro,Moshi,Moshi DC,Vunjo,Kahe Magharibi,Oria,35,Reli B,,1.9,1,,,2.1,0.9,3.0,87,2,89
Kilimanjaro,Moshi,Moshi DC,Vunjo,Kahe Magharibi,Rau River,36,Mkonga,,1.1,1,,,2.1,0.9,3.0,89,2,91
Kilimanjaro,Moshi,Moshi DC,Vunjo,Kahe Magharibi,Mawala,37,Masaini,,1.9,1,,,2.1,0.9,3.0,83,2,85
Kilimanjaro,Moshi,Moshi DC,Vunjo,Kahe Magharibi,Mawala,38,Samachi,,0.5,1,,,3.5,1.5,5.0,64,2,66
Kilimanjaro,Moshi,Moshi DC,Vunjo,Kahe Magharibi,Miwaleni,39,Mkongo Juu,,0.5,,,,2.1,0.9,3.0,74,2,76
Kilimanjaro,Moshi,Moshi DC,Moshi Vijijini,Kimochi,Shia,40,Lamu,,1.8,1,,,2.1,0.9,3.0,78,2,80
Kilimanjaro,Moshi,Moshi DC,Moshi Vijijini,Kimochi,Shia,41,Mpukoni,,1.3,1,,,2.1,0.9,3.0,90,2,92
Kilimanjaro,Moshi,Moshi DC,Moshi Vijijini,Kimochi,Mdawi,42,Kombere,,1.5,1,,,2.1,0.9,3.0,67,2,69
Kilimanjaro,Moshi,Moshi DC,Moshi Vijijini,Kimochi,Mdawi,43,Mkika,,1.4,1,,,2.1,0.9,3.0,78,2,80
Kilimanjaro,Moshi,Moshi DC,Moshi Vijijini,Mabogini,Mji Mpya,44,Ujamaa,,0.7,1,,,2.1,0.9,3.0,206,2,208
Kilimanjaro,Moshi,Moshi DC,Moshi Vijijini,Mabogini,Mabogini,45,Sanya Lina A,,1.0,1,,,2.1,0.9,3.0,100,2,102
Kilimanjaro,Moshi,Moshi DC,Moshi Vijijini,Mabogini,Mabogini,46,Sanya Lina B,,1.0,1,,,2.1,0.9,3.0,220,2,222
Kilimanjaro,Moshi,Moshi DC,Moshi Vijijini,Mabogini,Mtakuja,47,Josho,,0.0,1,,,2.1,0.9,3.0,260,2,262
Kilimanjaro,Moshi,Moshi DC,Moshi Vijijini,Mabogini,Mtakuja,48,Upareni,,0.0,,1,,3.5,1.5,5.0,255,2,257
Kilimanjaro,Moshi,Moshi DC,Moshi Vijijini,Mabogini,Mtakuja,49,Uarushani,,0.8,1,,,2.1,0.9,3.0,78,2,80
Kilimanjaro,Moshi,Moshi DC,Moshi Vijijini,Mabogini,Mji Mpya,50,Shirikisho,,2.0,1,,,2.1,0.9,3.0,76,2,78
Kilimanjaro,Moshi,Moshi DC,Moshi Vijijini,Arusha Chini,Chemchem,51,Miswakini,,1.6,1,,,2.1,0.9,3.0,90,2,92
Kilimanjaro,Moshi,Moshi DC,Moshi Vijijini,Arusha Chini,Kiruani,52,Kiruani A,,0.0,1,,,2.1,0.9,3.0,67,2,69
JUMLA NDOGO,,,,,,52,,0.0,63.2,41,9,0,108.5,46.5,155.0,"4,516",104,"4,620"
Kilimanjaro,Mwanga,Mwanga DC,Mwanga,Mwanga,Mamlaka Ya Mji Mdogo Mwanga,1,Mforo,,4.0,1,,,2.8,1.2,4.0,70,2,72
Kilimanjaro,Mwanga,Mwanga DC,Mwanga,Jipe,Kambi Ya Simba,2,Ubembe,,2.5,1,,,2.1,0.9,3.0,65,2,67
Kilimanjaro,Mwanga,Mwanga DC,Mwanga,Jipe,Kambi Ya Simba,3,Ngeleni,,0.0,1,,,2.1,0.9,3.0,65,2,67
Kilimanjaro,Mwanga,Mwanga DC,Mwanga,Toroha,Ndea,4,,,4.2,1,,,2.8,1.2,4.0,80,2,82
Kilimanjaro,Mwanga,Mwanga DC,Mwanga,Msangeni,Mwai,5,Mwai,0.0,,1,,,2.1,0.9,3.0,80,2,82
Kilimanjaro,Mwanga,Mwanga DC,Mwanga,Msangeni,Mwai,6,Kishengweni,0.0,,1,,,2.1,0.9,3.0,70,2,72
Kilimanjaro,Mwanga,Mwanga DC,Mwanga,Msangeni,Mwai,7,Marughuni,7.0,,1,,,2.1,0.9,3.0,65,2,67
Kilimanjaro,Mwanga,Mwanga DC,Mwanga,Shighatini,Lambo,8,Bureni,,1.0,1,,,2.1,0.9,3.0,70,2,72
Kilimanjaro,Mwanga,Mwanga DC,Mwanga,Shighatini,Lambo,9,Msareni,1.2,,1,,,2.1,0.9,3.0,78,2,80
Kilimanjaro,Mwanga,Mwanga DC,Mwanga,Shighatini,Lambo,10,Kiverenge,0.0,,1,,,2.1,0.9,3.0,65,2,67
Kilimanjaro,Mwanga,Mwanga DC,Mwanga,Shighatini,Lambo,11,Marughuni,3.3,,1,,,2.1,0.9,3.0,60,2,62
Kilimanjaro,Mwanga,Mwanga DC,Mwanga,Lembeni,Kiruru Ibwe Ijewa,12,Vumbeni,,3.5,1,,,2.1,0.9,3.0,65,2,67
Kilimanjaro,Mwanga,Mwanga DC,Mwanga,Lembeni,Mbambua,13,Mkizingo,,1.5,1,,,2.1,0.9,3.0,60,2,62
Kilimanjaro,Mwanga,Mwanga DC,Mwanga,Lembeni,Lembeni,14,Kaili(Reli Chini),,2.4,,1,,4.2,1.8,6.0,135,2,137
Kilimanjaro,Mwanga,Mwanga DC,Mwanga,Lembeni,Kisangara,15,Chanjale B,,0.7,1,,,2.8,1.2,4.0,80,2,82
Kilimanjaro,Mwanga,Mwanga DC,Mwanga,Mgagao,Kiverenge,16,Mbuyuni,,1.3,1,,,2.1,0.9,3.0,74,2,76
Kilimanjaro,Mwanga,Mwanga DC,Mwanga,Mgagao,Mgagao,17,Kijijini A,,0.8,1,,,2.1,0.9,3.0,75,2,77
Kilimanjaro,Mwanga,Mwanga DC,Mwanga,Mgagao,Mgagao,18,Kijijini B,,1.7,1,,,2.1,0.9,3.0,60,2,62
Kilimanjaro,Mwanga,Mwanga DC,Mwanga,Kilomeni,Kilomeni,19,Makokondo,,1.0,1,,,2.1,0.9,3.0,65,2,67
Kilimanjaro,Mwanga,Mwanga DC,Mwanga,Kilomeni,Sofe,20,Shighati A,,0.0,1,,,2.1,0.9,3.0,68,2,70
Kilimanjaro,Mwanga,Mwanga DC,Mwanga,Kilomeni,Sofe,21,Shighati B,,4.0,1,,,2.8,1.2,4.0,70,2,72
Kilimanjaro,Mwanga,Mwanga DC,Mwanga,Kileo,Kivulini,22,Misri,,2.5,1,,,2.5,1.1,3.5,90,2,92
Kilimanjaro,Mwanga,Mwanga DC,Mwanga,Kileo,Kivulini,23,Mbaleni,,0.0,1,,,2.1,0.9,3.0,70,2,72
Kilimanjaro,Mwanga,Mwanga DC,Mwanga,Kileo,Kifaru,24,Tingatinga A,,0.0,1,,,4.9,2.1,7.0,120,2,122
Kilimanjaro,Mwanga,Mwanga DC,Mwanga,Kileo,Kifaru,25,Tingatinga C,,1.0,1,,,2.1,0.9,3.0,45,2,47
Kilimanjaro,Mwanga,Mwanga DC,Mwanga,Kileo,Kituri,26,Kalimani(Kituri Proper),,4.5,1,,,2.1,0.9,3.0,70,2,72
Kilimanjaro,Mwanga,Mwanga DC,Mwanga,Kivisini,Kwa Nyange,27,Kwa Nyange A,,0.0,1,,,2.1,0.9,3.0,80,2,82
Kilimanjaro,Mwanga,Mwanga DC,Mwanga,Kivisini,Kwa Nyange,28,Kwa Nyange B,,2.0,,1,,2.1,0.9,3.0,69,2,71
JUMLA NDOGO,,,,,,28,,11.5,38.6,26,2,0,66.9,28.7,95.5,"2,064",56,"2,120"
Kilimanjaro,Hai,Hai DC,Hai,Weruweru,Mbatakero,1,Kinamiri ,,0.0,2,,,2.8,1.2,4.0,80,2,82
Kilimanjaro,Hai,Hai DC,Hai,Weruweru,Mbatakero,2,Kinamiri ,,1.4,,,,2.8,1.2,4.0,90,2,92
Kilimanjaro,Hai,Hai DC,Hai,Weruweru,Mbatakero,3,Kwambesere,,1.0,2,,,2.1,0.9,3.0,50,2,52
Kilimanjaro,Hai,Hai DC,Hai,Weruweru,Mbatakero,4,Kwambesere,,1.0,,,,3.5,1.5,5.0,70,2,72
Kilimanjaro,Hai,Hai DC,Hai,Weruweru,Mbatakero,5,Mlimafaru,,0.0,,,,4.2,1.8,6.0,120,2,122
Kilimanjaro,Hai,Hai DC,Hai,Weruweru,Longoi,6,Nguzo Moja,,1.3,1,,,4.2,1.8,6.0,70,2,72
Kilimanjaro,Hai,Hai DC,Hai,Weruweru,Longoi,7,Relini,,1.4,1,,,2.8,1.2,4.0,76,2,78
Kilimanjaro,Hai,Hai DC,Hai,Weruweru,Longoi,8,Kirima,,1.7,1,,,4.2,1.8,6.0,135,2,137
Kilimanjaro,Hai,Hai DC,Hai,Weruweru,Longoi,9,Mbuyuni,,0.5,1,,,4.2,1.8,6.0,74,2,76
Kilimanjaro,Hai,Hai DC,Hai,Weruweru,Kikavu Chini,10,Upareni,,0.0,1,,,5.6,2.4,8.0,75,2,77
Kilimanjaro,Hai,Hai DC,Hai,Weruweru,Kikavu Chini,11,Land,,3.5,1,,,2.8,1.2,4.0,60,2,62
Kilimanjaro,Hai,Hai DC,Hai,Weruweru,Kikavu Chini,12,Ngosero,,0.0,,,,2.1,0.9,3.0,50,2,52
Kilimanjaro,Hai,Hai DC,Hai,Weruweru,Ngosero,13,Ngosero,,0.4,1,,,4.2,1.8,6.0,70,2,72
Kilimanjaro,Hai,Hai DC,Hai,Weruweru,Ngosero,14,Madukani,,0.7,1,,,4.2,1.8,6.0,120,2,122
Kilimanjaro,Hai,Hai DC,Hai,Weruweru,Ngosero,15,Jitengeni,,1.0,1,,,4.2,1.8,6.0,70,2,72
Kilimanjaro,Hai,Hai DC,Hai,Weruweru,Ngosero,16,Land,,2.0,1,,,2.8,1.2,4.0,76,2,78
Kilimanjaro,Hai,Hai DC,Hai,Weruweru,Ngosero,17,Kinyalu,,2.0,1,,,4.2,1.8,6.0,74,2,76
Kilimanjaro,Hai,Hai DC,Hai,Weruweru,Ngosero,18,Kiangaa,,1.8,1,,,2.8,1.2,4.0,135,2,137
Kilimanjaro,Hai,Hai DC,Hai,Weruweru,Kwatito,19,Bwawani,,1.0,2,,,2.8,1.2,4.0,74,2,76
Kilimanjaro,Hai,Hai DC,Hai,Weruweru,Kwatito,20,Kasendero,,0.7,1,,,4.2,1.8,6.0,75,2,77
Kilimanjaro,Hai,Hai DC,Hai,Weruweru,Kwatito,21,Juhudi,,2.0,1,,,4.2,1.8,6.0,80,2,82
Kilimanjaro,Hai,Hai DC,Hai,Weruweru,Shirimigungani,22,Bondeni,,0.8,1,,,3.5,1.5,5.0,70,2,72
Kilimanjaro,Hai,Hai DC,Hai,Weruweru,Shirimigungani,23,Makowo,,2.1,1,,,2.1,0.9,3.0,50,2,52
Kilimanjaro,Hai,Hai DC,Hai,Masama Mashariki,Saawe,24,Makowo,,0.8,1,,,4.2,1.8,6.0,76,2,78
Kilimanjaro,Hai,Hai DC,Hai,Masama Mashariki,Saawe,25,Nkwamakuu,,0.8,2,,,3.5,1.5,5.0,70,2,72
Kilimanjaro,Hai,Hai DC,Hai,Masama Kusini,Mungushi,26,Nkwamakuu,,0.0,,,,6.3,2.7,9.0,135,2,137
Kilimanjaro,Hai,Hai DC,Hai,Masama Kusini,Mungushi,27,Matouwo,,1.0,2,,,2.8,1.2,4.0,40,2,42
Kilimanjaro,Hai,Hai DC,Hai,Masama Kusini,Kwasadala,28,Matouwo,,0.5,,,,4.2,1.8,6.0,74,2,76
Kilimanjaro,Hai,Hai DC,Hai,Masama Kusini,Nkwansira,29,Tamaya,,1.4,1,,,6.3,2.7,9.0,80,2,82
Kilimanjaro,Hai,Hai DC,Hai,Masama Rundugai,Chekimaji,30,Jitengeni,,3.8,1,,,4.2,1.8,6.0,70,2,72
Kilimanjaro,Hai,Hai DC,Hai,Masama Rundugai,Chekimaji,31,Magadini,,0.5,1,,,2.8,1.2,4.0,70,2,72
Kilimanjaro,Hai,Hai DC,Hai,Masama Rundugai,Chemka,32,Kambi Ya Chokaa,,0.0,1,,,4.2,1.8,6.0,65,2,67
Kilimanjaro,Hai,Hai DC,Hai,Masama Rundugai,Chemka,33,Tindigani,,0.0,1,,,2.8,1.2,4.0,78,2,80
Kilimanjaro,Hai,Hai DC,Hai,Masama Rundugai,Chemka,34,Ngulu  Juu,,0.0,1,,,2.8,1.2,4.0,65,2,67
Kilimanjaro,Hai,Hai DC,Hai,Masama Rundugai,Mkalama,36,Mlima Mswaki,,1.7,1,,,4.2,1.8,6.0,60,2,62
Kilimanjaro,Hai,Hai DC,Hai,Masama Rundugai,Mkalama,37,Mwasiti,,1.0,1,,,3.5,1.5,5.0,65,2,67
Kilimanjaro,Hai,Hai DC,Hai,Masama Rundugai,Mkalama,38,Mbuguni,,3.8,1,,,4.2,1.8,6.0,60,2,62
Kilimanjaro,Hai,Hai DC,Hai,Masama Rundugai,Mkalama,39,Yamnono,,4.0,1,,,4.2,1.8,6.0,70,2,72
Kilimanjaro,Hai,Hai DC,Hai,Masama Rundugai,Mkalama,40,Longoi Kati,,0.0,1,,,3.5,1.5,5.0,135,2,137
Kilimanjaro,Hai,Hai DC,Hai,Masama Rundugai,Mkalama,41,Njoro,,0.0,2,,,2.1,0.9,3.0,40,2,42
Kilimanjaro,Hai,Hai DC,Hai,Masama Rundugai,Kawaya,42,Njoro,,0.3,,,,4.2,1.8,6.0,80,2,82
Kilimanjaro,Hai,Hai DC,Hai,Masama Rundugai,Kawaya,43,Kituoni,,1.4,,,,5.6,2.4,8.0,120,2,122
Kilimanjaro,Hai,Hai DC,Hai,Masama Rundugai,Kawaya,44,Kisimani,,0.0,1,,,4.2,1.8,6.0,95,2,97
Kilimanjaro,Hai,Hai DC,Hai,Kia,Mtakuja,45,Ukambani,,1.6,1,,,4.2,1.8,6.0,80,2,82
Kilimanjaro,Hai,Hai DC,Hai,Kia,Sanya Station,46,Road Toll,,0.0,2,,,5.6,2.4,8.0,70,2,72
Kilimanjaro,Hai,Hai DC,Hai,Kia,Tindigani,47,Tindigani,,0.0,1,,,2.8,1.2,4.0,65,2,67
Kilimanjaro,Hai,Hai DC,Hai,Kia,Tindigani,48,Bonza,,1.6,1,,,3.5,1.5,5.0,70,2,72
Kilimanjaro,Hai,Hai DC,Hai,Kia,Tindigani,49,Ukambani,,2.0,1,,,4.2,1.8,6.0,78,2,80
Kilimanjaro,Hai,Hai DC,Hai,Kia,Tindigani,50,Umasaini,,1.0,1,,,4.2,1.8,6.0,65,2,67
JUMLA NDOGO,,,,,,50,,0.0,53.5,48,0,0,184.8,79.2,264.0,"3,820",98,"3,918"
Kilimanjaro,Siha,Siha DC,Siha,Garagua,Magadini,1,Leng'Ong,0.0,,1,,,2.0,0.8,2.8,60,2,62
Kilimanjaro,Siha,Siha DC,Siha,Garagua,Magadini,2,Ziwa Magadini,0.0,,1,,,2.1,0.9,3.0,55,2,57
Kilimanjaro,Siha,Siha DC,Siha,Garagua,Mawasiliano,3,Neema,0.0,,,1,,2.8,1.2,4.0,80,2,82
Kilimanjaro,Siha,Siha DC,Siha,Garagua,Mawasiliano,4,Dachi Kona,0.0,,1,,,2.8,1.2,4.0,100,2,102
Kilimanjaro,Siha,Siha DC,Siha,Garagua,Mlangoni,5,Mlangoni,1.0,,,1,,3.5,1.5,5.0,80,2,82
Kilimanjaro,Siha,Siha DC,Siha,Garagua,Mlangoni,6,Kilari,1.0,,,,,2.8,1.2,4.0,50,2,52
Kilimanjaro,Siha,Siha DC,Siha,Karansi,Karansi,7,Mlimani,0.0,,1,,,1.8,0.8,2.5,60,2,62
Kilimanjaro,Siha,Siha DC,Siha,Karansi,Mendai,8,Tauka,0.0,,1,,,2.8,1.2,4.0,50,2,52
Kilimanjaro,Siha,Siha DC,Siha,Karansi,Lekrimuni,9,Orkong,5.0,,,1,,1.4,0.6,2.0,40,2,42
Kilimanjaro,Siha,Siha DC,Siha,Karansi,Ndinyika,10,Kilimashimba,0.7,,1,,,2.8,1.2,4.0,60,2,62
Kilimanjaro,Siha,Siha DC,Siha,Karansi,Ndinyika,11,Kilimashimba,0.0,,1,,,1.8,0.8,2.5,50,2,52
Kilimanjaro,Siha,Siha DC,Siha,Karansi,Kandashi,12,Kandashi,1.0,,1,,,2.1,0.9,3.0,40,2,42
Kilimanjaro,Siha,Siha DC,Siha,Biriri,Majengo,13,Bingati,1.5,,,,,1.4,0.6,2.0,35,2,37
Kilimanjaro,Siha,Siha DC,Siha,Biriri,Naibile,14,Sabuko,0.0,,1,,,1.8,0.8,2.5,32,2,34
Kilimanjaro,Siha,Siha DC,Siha,Biriri,Tindigani,15,Tindigani B,0.0,,,1,,1.4,0.6,2.0,40,2,42
Kilimanjaro,Siha,Siha DC,Siha,Biriri,Tindigani,16,Tindigani Kati,0.0,,1,,,2.1,0.9,3.0,30,2,32
Kilimanjaro,Siha,Siha DC,Siha,Makiwaru,Makiwaru,17,Makiwaru A,0.8,,1,,,2.1,0.9,3.0,20,2,22
Kilimanjaro,Siha,Siha DC,Siha,Makiwaru,Mowara,18,Makiwaru B,0.0,,,1,,1.4,0.6,2.0,30,2,32
Kilimanjaro,Siha,Siha DC,Siha,Makiwaru,Mowara,19,Serengeti,1.0,,1,,,2.8,1.2,4.0,50,2,52
Kilimanjaro,Siha,Siha DC,Siha,Olkolili,Olkolili,20,Olkolili,,1.2,1,,,2.1,0.9,3.0,30,2,32
Kilimanjaro,Siha,Siha DC,Siha,Olkolili,Olkolili,21,Songambele,,0.0,,1,,1.4,0.6,2.0,45,2,47
Kilimanjaro,Siha,Siha DC,Siha,Olkolili,Olkolili,22,Makao Mapya,,0.0,,,,2.5,1.1,3.5,60,2,62
Kilimanjaro,Siha,Siha DC,Siha,Olkolili,Mkombozi,23,Mkombozi B,,1.0,1,,,3.5,1.5,5.0,80,2,82
Kilimanjaro,Siha,Siha DC,Siha,Olkolili,Mkombozi,24,Isinoni,,2.3,,1,,2.8,1.2,4.0,70,2,72
Kilimanjaro,Siha,Siha DC,Siha,Ormelili,Ormelili,25,Mfumuni,,1.0,1,,,2.8,1.2,4.0,70,2,72
Kilimanjaro,Siha,Siha DC,Siha,Donyomurwak ,Donyomurwak ,26,Donyomurwak ,1.5,,1,,,2.1,0.9,3.0,50,2,52
Kilimanjaro,Siha,Siha DC,Siha,Donyomurwak ,Embukoi,27,Lepolosi,,2.8,2,,,2.1,0.9,3.0,40,2,42
Kilimanjaro,Siha,Siha DC,Siha,Donyomurwak ,Embukoi,28,Eng'Aboli,,0.0,2,,,2.1,0.9,3.0,50,2,52
Kilimanjaro,Siha,Siha DC,Siha,Donyomurwak ,Oloiwang,29,Oloiwang,,0.6,1,,,2.1,0.9,3.0,45,2,47
Kilimanjaro,Siha,Siha DC,Siha,Donyomurwak ,Munge,30,Elerai A,,0.0,1,,,2.1,0.9,3.0,65,2,67
Kilimanjaro,Siha,Siha DC,Siha,Donyomurwak ,Munge,31,Elerai B,,1.6,,1,,1.4,0.6,2.0,80,2,82
Kilimanjaro,Siha,Siha DC,Siha,Donyomurwak ,Munge,32,Elerai C,,3.0,1,,,2.1,0.9,3.0,74,2,76
Kilimanjaro,Siha,Siha DC,Siha,Ndumeti,Roselyne,33,Kambini,,0.0,1,,,1.3,0.6,1.9,25,2,27
Kilimanjaro,Siha,Siha DC,Siha,Nasai,Ngiriny,34,Tiriri,,0.0,1,,,2.1,0.9,3.0,78,2,80
Kilimanjaro,Siha,Siha DC,Siha,Nasai,Mae Juu,35,Lomate ,0.0,,1,,,2.1,0.9,3.0,46,2,48
Kilimanjaro,Siha,Siha DC,Siha,Ivaeny,Kishisha,36,Oringa A,0.5,,1,,,2.1,0.9,3.0,58,2,60
Kilimanjaro,Siha,Siha DC,Siha,Kashashi,Kashashi,37,Suhuni,0.0,,1,,,2.1,0.9,3.0,49,2,51
Kilimanjaro,Siha,Siha DC,Siha,Kashashi,Kirisha ,38,Ngasinyi,2.3,,,,,2.1,0.9,3.0,65,2,67
JUMLA NDOGO,,,,,,38,,16.3,13.5,28,8,0,82.4,35.3,117.7,"2,042",76,"2,118"
Kilimanjaro,Rombo,Rombo DC,Rombo,Mamsera,Mamsera Kati,1,Mbengoni,,1.2,,1,,1.4,0.6,2.0,34,2,36
Kilimanjaro,Rombo,Rombo DC,Rombo,Mamsera,Mamsera Kati,2,Kishingoni,,1.7,1,,,1.2,0.5,1.7,44,2,46
Kilimanjaro,Rombo,Rombo DC,Rombo,Mamsera,Mamsera Kati,3,Kwakisuma,,,1,,,1.4,0.6,2.0,25,2,27
Kilimanjaro,Rombo,Rombo DC,Rombo,Ngoyoni,Ngareni,4,Mwekio,,2.0,1,,,1.3,0.5,1.8,25,2,27
Kilimanjaro,Rombo,Rombo DC,Rombo,Aleni,Aleni Chini,5,Kibosou,,0.4,1,,,1.4,0.6,2.0,66,2,68
Kilimanjaro,Rombo,Rombo DC,Rombo,Aleni,Aleni Chini,6,Mandateni,,1.5,1,,,1.3,0.5,1.8,25,2,27
Kilimanjaro,Rombo,Rombo DC,Rombo,Aleni,Aleni Chini,7,Booni,,0.0,1,,,1.4,0.6,2.0,41,2,43
Kilimanjaro,Rombo,Rombo DC,Rombo,Chala,Mamsera Chini,8,Mshoweni,,0.8,1,,,1.5,0.6,2.1,33,2,35
Kilimanjaro,Rombo,Rombo DC,Rombo,Chala,Chala,9,Tanya,,0.5,1,,,1.4,0.6,2.0,25,2,27
Kilimanjaro,Rombo,Rombo DC,Rombo,Chala,Chala,10,Ndini,,1.0,1,,,1.4,0.6,2.0,67,2,69
Kilimanjaro,Rombo,Rombo DC,Rombo,Chala,Kidondoni,11,Witini Makana,,2.1,1,,,1.4,0.6,2.0,25,2,27
Kilimanjaro,Rombo,Rombo DC,Rombo,Chala,Kidondoni,12,Mbononi,,0.5,1,,,1.4,0.6,2.0,25,2,27
Kilimanjaro,Rombo,Rombo DC,Rombo,Shimbi Kwandele,Shimbi Mashariki,13,Mokoro,,0.0,1,,,1.8,0.8,2.5,60,2,62
Kilimanjaro,Rombo,Rombo DC,Rombo,Shimbi Kwandele,Shimbi Mashariki,14,Muunga,,0.0,1,,,1.4,0.6,2.0,28,2,30
Kilimanjaro,Rombo,Rombo DC,Rombo,Mrao Keryo,Ushiri,15,Mkomta,,,,,,1.4,0.6,2.0,25,2,27
Kilimanjaro,Rombo,Rombo DC,Rombo,Mrao Keryo,Mmomwe,16,Monguo,,1.0,1,,,1.5,0.6,2.1,46,2,48
Kilimanjaro,Rombo,Rombo DC,Rombo,Mrao Keryo,Mmomwe,17,Monguo B,,1.2,1,,,2.1,0.9,3.0,80,2,82
Kilimanjaro,Rombo,Rombo DC,Rombo,Kisale Msaranga,Msaranga,18,Kia Maseleki,,1.2,1,,,1.4,0.6,2.0,65,2,67
Kilimanjaro,Rombo,Rombo DC,Rombo,Kisale Msaranga,Msaranga,19,Kwasuva,,1.2,1,,,1.4,0.6,2.0,46,2,48
Kilimanjaro,Rombo,Rombo DC,Rombo,Kisale Msaranga,Msaranga,20,Ikoneni,,,1,,,1.5,0.7,2.2,25,2,27
Kilimanjaro,Rombo,Rombo DC,Rombo,Olele,Kilema,21,Lorio,,0.0,1,,,1.4,0.6,2.0,62,2,64
Kilimanjaro,Rombo,Rombo DC,Rombo,Olele,Kooti,22,Kiruweni,,0.7,1,,,1.1,0.5,1.5,25,2,27
Kilimanjaro,Rombo,Rombo DC,Rombo,Marangu Kitowo,Kitowo,23,Masekini,,2.0,1,,,1.4,0.6,2.0,18,2,20
Kilimanjaro,Rombo,Rombo DC,Rombo,Kirongo Samanga,Kirongo Juu,24,Mlembea,,1.0,1,,,1.3,0.5,1.8,56,2,58
Kilimanjaro,Rombo,Rombo DC,Rombo,Kirongo Samanga,Kirongo Chini ,25,Maweteta,,0.7,1,,,1.4,0.6,2.0,24,2,26
Kilimanjaro,Rombo,Rombo DC,Rombo,Kirongo Samanga,Kiwanda,26,Lotiro,,0.0,1,,,1.8,0.8,2.5,32,2,34
Kilimanjaro,Rombo,Rombo DC,Rombo,Kirongo Samanga,Kiwanda,27,Kiwanda,,1.2,1,,,1.5,0.7,2.2,56,2,58
Kilimanjaro,Rombo,Rombo DC,Rombo,Kitirima,Kwalakamu,28,Wala Juu,,0.4,1,,,1.4,0.6,2.0,40,2,42
Kilimanjaro,Rombo,Rombo DC,Rombo,Kitirima,Lesoroma,29,Charonga,,0.0,1,,,1.1,0.5,1.6,25,2,27
Kilimanjaro,Rombo,Rombo DC,Rombo,Kitirima,Lesoroma,30,Wasi,,0.0,1,,,1.3,0.5,1.8,25,2,27
Kilimanjaro,Rombo,Rombo DC,Rombo,Ubetu/Kahe,Wama,31,Wama  (B),,1.6,1,,,1.4,0.6,2.0,24,2,26
Kilimanjaro,Rombo,Rombo DC,Rombo,Reha,Nesae,32,Mangabolini,,1.2,,1,,1.4,0.6,2.0,57,2,59
Kilimanjaro,Rombo,Rombo DC,Rombo,Reha,Nesae,33,Uruwata,,0.5,1,,,1.7,0.7,2.4,25,2,27
Kilimanjaro,Rombo,Rombo DC,Rombo,Motamburu Kitendeni,Nalemuru,34,Bustani N'Gambo,,5.5,1,,,1.4,0.6,2.0,48,2,50
Kilimanjaro,Rombo,Rombo DC,Rombo,Holili ,Holili Mjini,35,Lotima B,,0.0,,1,,2.8,1.2,4.0,65,2,67
Kilimanjaro,Rombo,Rombo DC,Rombo,Holili ,Holili Vijijini,36,Mbitini,,1.0,1,,,2.1,0.9,3.0,43,2,45
JUMLA NDOGO,,,,,,36,,0.0,31.1,31,2,0,48.3,20.7,69.0,"1,327",68,"1,395"
Kilimanjaro,Same,Same DC,Same Magharibi,Ruvu,Jiungeni,1,Mvungwe,,10.0,1,,,2.1,0.9,3.0,70,2,72
Kilimanjaro,Same,Same DC,Same Magharibi,Ruvu,Jiungeni,2,Miserani,,8.0,1,,,2.1,0.9,3.0,50,2,52
Kilimanjaro,Same,Same DC,Same Magharibi,Ruvu,Jiungeni,3,Kombo,,20.0,1,,,2.1,0.9,3.0,36,2,38
Kilimanjaro,Same,Same DC,Same Magharibi,Ruvu,Jiungeni,4,Chambogo,,5.0,1,,,2.1,0.9,3.0,50,2,52
Kilimanjaro,Same,Same DC,Same Magharibi,Ruvu,Ruvu Mferejini,5,Mkanyeni A,,1.0,1,,,2.1,0.9,3.0,55,2,57
Kilimanjaro,Same,Same DC,Same Magharibi,Ruvu,Ruvu Mferejini,6,Makuruvira,,2.0,1,,,2.1,0.9,3.0,40,2,42
Kilimanjaro,Same,Same DC,Same Magharibi,Ruvu,Ruvu Mferejini,7,Mkanyeni B,,1.5,1,,,2.1,0.9,3.0,46,2,48
Kilimanjaro,Same,Same DC,Same Magharibi,Ruvu,Marwa,8,Lesirwai,1.5,,1,,,2.1,0.9,3.0,60,2,62
Kilimanjaro,Same,Same DC,Same Magharibi,Ruvu,Marwa,9,Njaktai,1.0,,1,,,2.1,0.9,3.0,36,2,38
Kilimanjaro,Same,Same DC,Same Magharibi,Ruvu,Marwa,10,Patel ,1.0,,1,,,2.1,0.9,3.0,58,2,60
Kilimanjaro,Same,Same DC,Same Magharibi,Ruvu,Ruvu Darajani,11,Kishaa ,,2.5,1,,,2.1,0.9,3.0,46,2,48
Kilimanjaro,Same,Same DC,Same Magharibi,Ruvu,Ruvu Darajani,12,Ndilali ,,2.0,1,,,2.1,0.9,3.0,29,2,31
Kilimanjaro,Same,Same DC,Same Magharibi,Njoro,Emuguri,13,Emuguri ,,6.0,1,,,2.1,0.9,3.0,84,2,86
Kilimanjaro,Same,Same DC,Same Magharibi,Njoro,Emuguri,14,Endeves,,5.0,1,,,2.1,0.9,3.0,107,2,109
Kilimanjaro,Same,Same DC,Same Magharibi,Vumari,Kizungo,15,Mghunga,,0.0,1,,,2.1,0.9,3.0,56,2,58
Kilimanjaro,Same,Same DC,Same Magharibi,Vumari,Kizungo,16,Mshewa,,2.0,1,,,2.1,0.9,3.0,89,2,91
Kilimanjaro,Same,Same DC,Same Magharibi,Vumari,Vumari,17,Matongo,,2.0,1,,,2.1,0.9,3.0,74,2,76
Kilimanjaro,Same,Same DC,Same Magharibi,Vumari,Vumari,18,Majevu Juu,,0.0,1,,,2.1,0.9,3.0,46,2,48
Kilimanjaro,Same,Same DC,Same Magharibi,Mwembe,Mwembe,19,Kirinjiko,,0.0,1,,,2.1,0.9,3.0,59,2,61
Kilimanjaro,Same,Same DC,Same Magharibi,Mwembe,Mwembe,20,Miringa ,,0.0,1,,,2.1,0.9,3.0,84,2,86
Kilimanjaro,Same,Same DC,Same Magharibi,Mwembe,Chajo,21,Mareti,,2.0,1,,,2.1,0.9,3.0,56,2,58
Kilimanjaro,Same,Same DC,Same Magharibi,Bangalala,Bangalala,22,Makoreni ,,0.0,1,,,2.1,0.9,3.0,78,2,80
Kilimanjaro,Same,Same DC,Same Magharibi,Bangalala,Bangalala,23,Kirinjiko Juu,,0.0,1,,,2.1,0.9,3.0,57,2,59
Kilimanjaro,Same,Same DC,Same Magharibi,Bangalala,Bangalala,24,Mazameli,,,,,,2.1,0.9,3.0,96,2,98
Kilimanjaro,Same,Same DC,Same Magharibi,Bangalala,Bangalala,25,Makei,,0.0,1,,,2.1,0.9,3.0,108,2,110
Kilimanjaro,Same,Same DC,Same Magharibi,Bangalala,Bangalala,26,Kinyangusi,,8.5,1,,,2.1,0.9,3.0,46,2,48
Kilimanjaro,Same,Same DC,Same Magharibi,Bangalala,Bangalala,27,Kirinjiko Chini,,0.0,1,,,2.1,0.9,3.0,78,2,80
Kilimanjaro,Same,Same DC,Same Magharibi,Bangalala,Mkanyeni,28,Mchikatu,,3.0,1,,,2.1,0.9,3.0,59,2,61
Kilimanjaro,Same,Same DC,Same Magharibi,Bangalala,Mkanyeni,29,Kwandugu,,7.0,1,,,2.1,0.9,3.0,69,2,71
Kilimanjaro,Same,Same DC,Same Magharibi,Bangalala,Mkanyeni,30,Kwanyungu,,0.0,1,,,2.1,0.9,3.0,78,2,80
Kilimanjaro,Same,Same DC,Same Magharibi,Mhezi,Mteke,31,Mwerera,,1.5,1,,,2.1,0.9,3.0,55,2,57
Kilimanjaro,Same,Same DC,Same Magharibi,Mhezi,Mteke,32,Kiramweni,,0.0,1,,,2.1,0.9,3.0,61,2,63
Kilimanjaro,Same,Same DC,Same Magharibi,Mhezi,Mteke,33,Mshasha,,1.0,1,,,2.1,0.9,3.0,57,2,59
Kilimanjaro,Same,Same DC,Same Magharibi,Mhezi,Mteke,34,Mzerembe,,0.0,,1,,2.1,0.9,3.0,49,2,51
Kilimanjaro,Same,Same DC,Same Magharibi,Mhezi,Mtunguja,35,Kwachara ,,,,,,2.1,0.9,3.0,59,2,61
Kilimanjaro,Same,Same DC,Same Magharibi,Mhezi,Mtunguja,36,Chanzae,,3.0,,1,,2.1,0.9,3.0,44,2,46
Kilimanjaro,Same,Same DC,Same Magharibi,Mhezi,Mtunguja,37,Kilingao,,2.0,1,,,2.1,0.9,3.0,40,2,42
Kilimanjaro,Same,Same DC,Same Magharibi,Mhezi,Mhezi,38,Kwasematongo,,1.5,1,,,2.1,0.9,3.0,49,2,51
Kilimanjaro,Same,Same DC,Same Magharibi,Mhezi,Mhezi,39,Kirongaya,,1.5,1,,,2.1,0.9,3.0,89,2,91
Kilimanjaro,Same,Same DC,Same Magharibi,Mhezi,Mhezi,40,Manoo,,0.0,1,,,2.1,0.9,3.0,78,2,80
Kilimanjaro,Same,Same DC,Same Magharibi,Mhezi,Mhezi,41,Mshewa,,0.0,1,,,2.1,0.9,3.0,46,2,48
Kilimanjaro,Same,Same DC,Same Magharibi,Vudee,Vudee,42,Makerani,,2.0,1,,,2.1,0.9,3.0,76,2,78
Kilimanjaro,Same,Same DC,Same Magharibi,Vudee,Vudee,43,Kisingaji Mgambo,,0.0,1,,,2.1,0.9,3.0,105,2,107
Kilimanjaro,Same,Same DC,Same Magharibi,Vudee,Kisesa,44,Kiweni,,1.5,1,,,2.1,0.9,3.0,43,2,45
Kilimanjaro,Same,Same DC,Same Magharibi,Vudee,Kisesa,45,Mwerera,,1.5,,1,,2.1,0.9,3.0,102,2,104
Kilimanjaro,Same,Same DC,Same Magharibi,Vudee,Kisesa,46,Kwakilambo,,,,,,2.1,0.9,3.0,58,2,60
Kilimanjaro,Same,Same DC,Same Magharibi,Vudee,Ndolwa,47,Mjingo,,1.0,1,,,2.1,0.9,3.0,75,2,77
Kilimanjaro,Same,Same DC,Same Magharibi,Vudee,Menam,48,Mpongwe A,,0.0,1,,,2.1,0.9,3.0,151,2,153
Kilimanjaro,Same,Same DC,Same Magharibi,Vudee,Menam,49,Mpinji,,0.0,1,,,2.1,0.9,3.0,49,2,51
Kilimanjaro,Same,Same DC,Same Magharibi,Vudee,Menam,50,Mitini,,1.0,1,,,2.1,0.9,3.0,53,2,55
Kilimanjaro,Same,Same DC,Same Magharibi,Vudee,Menam,51,Nzava A,,1.5,1,,,2.1,0.9,3.0,40,2,42
Kilimanjaro,Same,Same DC,Same Magharibi,Mshewa,Marindi,52,Nzighana,,1.0,1,,,2.1,0.9,3.0,47,2,49
Kilimanjaro,Same,Same DC,Same Magharibi,Mshewa,Mshewa,53,Kitonghoi,,0.0,1,,,2.1,0.9,3.0,95,2,97
Kilimanjaro,Same,Same DC,Same Magharibi,Mshewa,Mshewa,54,Kitubwe,,1.0,1,,,2.1,0.9,3.0,49,2,51
Kilimanjaro,Same,Same DC,Same Magharibi,Msindo,Duma,55,Nguruta ,,2.0,1,,,2.1,0.9,3.0,27,2,29
Kilimanjaro,Same,Same DC,Same Magharibi,Msindo,Msindo,56,Kilombero,,,,,,2.1,0.9,3.0,76,2,78
Kilimanjaro,Same,Same DC,Same Magharibi,Msindo,Msindo,57,Ngurunga,,1.0,,1,,2.1,0.9,3.0,49,2,51
Kilimanjaro,Same,Same DC,Same Magharibi,Msindo,Msindo,58,Mtunguja/Mpungini,,0.0,1,,,2.1,0.9,3.0,58,2,60
Kilimanjaro,Same,Same DC,Same Magharibi,Msindo,Mbakweni,59,Ikongwe A,,1.5,1,,,2.1,0.9,3.0,76,2,78
Kilimanjaro,Same,Same DC,Same Magharibi,Msindo,Mbakweni,60,Ikongwe B,,0.0,1,,,2.1,0.9,3.0,65,2,67
Kilimanjaro,Same,Same DC,Same Magharibi,Msindo,Mbakweni,61,Mkongo,,0.0,1,,,2.1,0.9,3.0,98,2,100
Kilimanjaro,Same,Same DC,Same Magharibi,Msindo,Mbakweni,62,Mbakweni Juu,,2.0,1,,,2.1,0.9,3.0,49,2,51
Kilimanjaro,Same,Same DC,Same Magharibi,Msindo,Mbakweni,63,Ngumba Juu,,0.0,1,,,2.1,0.9,3.0,42,2,44
Kilimanjaro,Same,Same DC,Same Magharibi,Kisiwani,Mkonga –Injinyu,64,Kamorei,,7.5,1,,,2.1,0.9,3.0,78,2,80
Kilimanjaro,Same,Same DC,Same Magharibi,Kisiwani,Kisiwani ,65,Igoma,,4.5,1,,,2.1,0.9,3.0,61,2,63
Kilimanjaro,Same,Same DC,Same Magharibi,Kisiwani,Kisiwani ,66,Bama,,0.0,1,,,2.1,0.9,3.0,95,2,97
Kilimanjaro,Same,Same DC,Same Magharibi,Hedaru,Kijomu,67,Mpatwa   ,,2.8,1,,,2.1,0.9,3.0,48,2,50
Kilimanjaro,Same,Same DC,Same Magharibi,Hedaru,Gunde Sine,68,Gundu,,5.0,1,,,2.1,0.9,3.0,52,2,54
Kilimanjaro,Same,Same DC,Same Magharibi,Hedaru,Gunde Sine,69,Sine,,0.8,1,,,2.1,0.9,3.0,69,2,71
Kilimanjaro,Same,Same DC,Same Magharibi,Hedaru,Gunde Sine,70,Ngongwe,,0.0,1,,,2.1,0.9,3.0,75,2,77
Kilimanjaro,Same,Same DC,Same Magharibi,Hedaru,Gunde Sine,71,Mbukwe,,0.0,1,,,2.1,0.9,3.0,52,2,54
Kilimanjaro,Same,Same DC,Same Magharibi,Gavao - Saweni,Gavao - Ngarito,72,Gavao,,0.0,1,,,2.1,0.9,3.0,61,2,63
Kilimanjaro,Same,Same DC,Same Magharibi,Gavao - Saweni,Gavao - Ngarito,73,Ngarito,,4.0,1,,,2.1,0.9,3.0,45,2,47
Kilimanjaro,Same,Same DC,Same Magharibi,Gavao - Saweni,Gavao - Ngarito,74,Heluhondo,,0.0,1,,,2.1,0.9,3.0,48,2,50
Kilimanjaro,Same,Same DC,Same Magharibi,Gavao - Saweni,Saweni,75,Saweni Juu,,4.0,1,,,2.1,0.9,3.0,72,2,74
Kilimanjaro,Same,Same DC,Same Magharibi,Gavao - Saweni,Saweni,76,Saweni Chini,,0.0,1,,,2.1,0.9,3.0,80,2,82
Kilimanjaro,Same,Same DC,Same Magharibi,Mabilioni,Mabilioni,77,Jitoeni A,,0.0,1,,,2.1,0.9,3.0,54,2,56
Kilimanjaro,Same,Same DC,Same Magharibi,Mabilioni,Mabilioni,78,Jitoeni B,,1.5,1,,,2.1,0.9,3.0,40,2,42
Kilimanjaro,Same,Same DC,Same Magharibi,Mabilioni,Mabilioni,79,Kidundai,,3.6,,1,,2.1,0.9,3.0,64,2,66
Kilimanjaro,Same,Same DC,Same Magharibi,Mabilioni,Chekereni,80,Gama “A”,,0.0,1,,,2.1,0.9,3.0,70,2,72
Kilimanjaro,Same,Same DC,Same Magharibi,Mabilioni,Chekereni,81,Gama “B”    ,,6.0,1,,,2.1,0.9,3.0,58,2,60
Kilimanjaro,Same,Same DC,Same Magharibi,Mabilioni,Chekereni,82,Chekereni ,,0.0,1,,,2.1,0.9,3.0,80,2,82
Kilimanjaro,Same,Same DC,Same Magharibi,Mabilioni,Chekereni,83,Magadi   ,,1.2,1,,,2.1,0.9,3.0,64,2,66
Kilimanjaro,Same,Same DC,Same Magharibi,Mabilioni,Ruvu - Mbuyuni,84,Kivukoni ,,20.0,1,,,2.1,0.9,3.0,76,2,78
Kilimanjaro,Same,Same DC,Same Magharibi,Mabilioni,Ruvu - Mbuyuni,85,Mbuyuni,,8.0,1,,,2.1,0.9,3.0,68,2,70
Kilimanjaro,Same,Same DC,Same Magharibi,Mabilioni,Ruvu - Mbuyuni,86,Malela  ,,10.0,1,,,2.1,0.9,3.0,72,2,74
Kilimanjaro,Same,Same DC,Same Magharibi,Mabilioni,Ruvu - Mbuyuni,87,Kirua,,1.0,1,,,2.1,0.9,3.0,48,2,50
Kilimanjaro,Same,Same DC,Same Magharibi,Mabilioni,Ruvu - Mbuyuni,88,Katahe,,0.0,1,,,2.1,0.9,3.0,52,2,54
Kilimanjaro,Same,Same DC,Same Magharibi,Chome,Marieni,89,Ireti ,,0.7,1,,,2.1,0.9,3.0,66,2,68
Kilimanjaro,Same,Same DC,Same Magharibi,Chome,Mhero,90,Vusini,,1.5,1,,,2.1,0.9,3.0,52,2,54
Kilimanjaro,Same,Same DC,Same Magharibi,Chome,Gwang’A,91,Nyone ,,2.0,1,,,2.1,0.9,3.0,114,2,116
Kilimanjaro,Same,Same DC,Same Magharibi,Makanya,Makanya,92,Kwesasu Makongoro,,4.0,1,,,2.1,0.9,3.0,72,2,74
Kilimanjaro,Same,Same DC,Same Magharibi,Makanya,Makanya,93,Chankoko,,8.5,1,,,2.1,0.9,3.0,82,2,84
Kilimanjaro,Same,Same DC,Same Magharibi,Tae,Tae,94,Mshewa,,0.0,1,,,2.1,0.9,3.0,51,2,53
Kilimanjaro,Same,Same DC,Same Magharibi,Tae,Tae,95,Gombelesa,,4.0,1,,,2.1,0.9,3.0,46,2,48
Kilimanjaro,Same,Same DC,Same Magharibi,Suji,Malindi,96,Ngulu,,0.0,1,,,2.1,0.9,3.0,82,2,84
Kilimanjaro,Same,Same DC,Same Magharibi,Suji,Gonjanza,97,Kitala,,0.0,,1,,2.1,0.9,3.0,56,2,58
Kilimanjaro,Same,Same DC,Same Magharibi,Hedaru,Lungwana,98,Mvumo,,1.0,1,,,2.1,0.9,3.0,62,2,64
Kilimanjaro,Same,Same DC,Same Magharibi,Gonja,Gonja Mpirani,99,Ntalanda,,2.0,1,,,2.1,0.9,3.0,65,2,67
Kilimanjaro,Same,Same DC,Same Magharibi,Saweni,Saweni Juu,100,Kabuku,,1.5,1,,,2.1,0.9,3.0,84,2,86
Kilimanjaro,Same,Same DC,Same Magharibi,Stesheni,Kitamri,101,Kitamri,0.0,,1,,,2.1,0.9,3.0,74,2,76
Kilimanjaro,Same,Same DC,Same Magharibi,Vumari,Minyala,102,Kwamomo-Kirange,,2.0,1,,,2.1,0.9,3.0,102,2,104
Kilimanjaro,Same,Same DC,Same Mashariki,Vunta,Vunta,103,Nkimai,,2.0,1,,,2.1,0.9,3.0,80,2,82
Kilimanjaro,Same,Same DC,Same Mashariki,Kirangare,Kirangare,104,Mteke ,,1.0,1,,,2.1,0.9,3.0,65,2,67
Kilimanjaro,Same,Same DC,Same Mashariki,Kirangare,Makasa,105,Ndungu,,1.0,1,,,2.1,0.9,3.0,58,2,60
Kilimanjaro,Same,Same DC,Same Mashariki,Kirangare,Makasa,106,Rangeni ,,1.5,1,,,2.1,0.9,3.0,49,2,51
Kilimanjaro,Same,Same DC,Same Mashariki,Kirangare,Idaru,107,Bumbuli ,,0.5,1,,,2.1,0.9,3.0,84,2,86
Kilimanjaro,Same,Same DC,Same Mashariki,Kirangare,Idaru,108,Narema ,,2.0,1,,,2.1,0.9,3.0,65,2,67
Kilimanjaro,Same,Same DC,Same Mashariki,Myamba,Goha,109,Manka,,1.0,1,,,2.1,0.9,3.0,54,2,56
Kilimanjaro,Same,Same DC,Same Mashariki,Myamba,Goha,110,Njongo,,1.0,1,,,2.1,0.9,3.0,81,2,83
Kilimanjaro,Same,Same DC,Same Mashariki,Myamba,Goha,111,Ndore ,,0.5,1,,,2.1,0.9,3.0,60,2,62
Kilimanjaro,Same,Same DC,Same Mashariki,Myamba,Goha,112,Chalomba,,0.6,,,,2.1,0.9,3.0,70,2,72
Kilimanjaro,Same,Same DC,Same Mashariki,Myamba,Mang’A,113,Kiranga,,1.0,,1,,2.1,0.9,3.0,72,2,74
Kilimanjaro,Same,Same DC,Same Mashariki,Myamba,Kitubwa,114,Makakara,,1.0,1,,,2.1,0.9,3.0,50,2,52
Kilimanjaro,Same,Same DC,Same Mashariki,Myamba,Kitubwa,115,Kanzara,,,,,,2.1,0.9,3.0,66,2,68
Kilimanjaro,Same,Same DC,Same Mashariki,Myamba,Kitubwa,116,Mramba,,3.0,,1,,2.1,0.9,3.0,54,2,56
Kilimanjaro,Same,Same DC,Same Mashariki,Myamba,Kambeni,117,Mshihwi,,2.5,1,,,2.1,0.9,3.0,62,2,64
Kilimanjaro,Same,Same DC,Same Mashariki,Myamba,Kambeni,118,Miamba,,0.0,,,,2.1,0.9,3.0,50,2,52
Kilimanjaro,Same,Same DC,Same Mashariki,Myamba,Kirore,119,Kirore,,0.0,1,,,2.1,0.9,3.0,49,2,51
Kilimanjaro,Same,Same DC,Same Mashariki,Myamba,Kirore,120,Mlungui,,0.0,1,,,2.1,0.9,3.0,72,2,74
Kilimanjaro,Same,Same DC,Same Mashariki,Myamba,Kirore,121,Parane,,4.0,1,,,2.1,0.9,3.0,84,2,86
Kilimanjaro,Same,Same DC,Same Mashariki,Myamba,Kirore,122,Kwasekinga,,0.0,1,,,2.1,0.9,3.0,48,2,50
Kilimanjaro,Same,Same DC,Same Mashariki,Mpinji,Kirongwe,123,Malumbi,,2.0,1,,,2.1,0.9,3.0,52,2,54
Kilimanjaro,Same,Same DC,Same Mashariki,Mpinji,Kirongwe,124,Mafingiro,,,,,,2.1,0.9,3.0,59,2,61
Kilimanjaro,Same,Same DC,Same Mashariki,Mpinji,Kirongwe,125,Mabweni ,,0.0,1,,,2.1,0.9,3.0,69,2,71
Kilimanjaro,Same,Same DC,Same Mashariki,Mpinji,Kirongwe,126,Matara ,,3.5,,1,,2.1,0.9,3.0,50,2,52
Kilimanjaro,Same,Same DC,Same Mashariki,Mpinji,Sambweni,127,Mlola,,2.0,1,,,2.1,0.9,3.0,54,2,56
Kilimanjaro,Same,Same DC,Same Mashariki,Mpinji,Sambweni,128,Kitala,,0.0,1,,,2.1,0.9,3.0,58,2,60
Kilimanjaro,Same,Same DC,Same Mashariki,Mpinji,Sambweni,129,Myombo ,,0.7,1,,,2.1,0.9,3.0,64,2,66
Kilimanjaro,Same,Same DC,Same Mashariki,Ndungu,Ndungu,130,Migombani,,0.0,1,,,2.1,0.9,3.0,62,2,64
Kilimanjaro,Same,Same DC,Same Mashariki,Ndungu,Misufini,131,Mabatini,,0.7,1,,,2.1,0.9,3.0,48,2,50
Kilimanjaro,Same,Same DC,Same Mashariki,Ndungu,Misufini,132,Masere,,1.0,1,,,2.1,0.9,3.0,54,2,56
Kilimanjaro,Same,Same DC,Same Mashariki,Kalemawe,Kalemawe,133,Bagamoyo,,0.0,1,,,2.1,0.9,3.0,52,2,54
Kilimanjaro,Same,Same DC,Same Mashariki,Kalemawe,Kalemawe,134,Msoroha ,,0.0,1,,,2.1,0.9,3.0,48,2,50
Kilimanjaro,Same,Same DC,Same Mashariki,Kalemawe,Makokane,135,Kongei,,11.0,1,,,2.1,0.9,3.0,66,2,68
Kilimanjaro,Same,Same DC,Same Mashariki,Kalemawe,Makokane,136,Makokane ,,0.0,1,,,2.1,0.9,3.0,48,2,50
Kilimanjaro,Same,Same DC,Same Mashariki,Kalemawe,Makokane,137,Mwerenge,,0.0,1,,,2.1,0.9,3.0,52,2,54
Kilimanjaro,Same,Same DC,Same Mashariki,Kalemawe,Karamba,138,Mabambara,,8.0,1,,,2.1,0.9,3.0,62,2,64
Kilimanjaro,Same,Same DC,Same Mashariki,Kalemawe,Karamba,139,Kalimani,,6.5,1,,,2.1,0.9,3.0,74,2,76
Kilimanjaro,Same,Same DC,Same Mashariki,Kalemawe,Karamba,140,Kagongo,,0.0,,,,2.1,0.9,3.0,56,2,58
Kilimanjaro,Same,Same DC,Same Mashariki,Maore,Mheza,141,Mheza Chini,,0.0,1,,,2.1,0.9,3.0,68,2,70
Kilimanjaro,Same,Same DC,Same Mashariki,Maore,Mheza,142,Nadururu ,,1.5,1,,,2.1,0.9,3.0,54,2,56
Kilimanjaro,Same,Same DC,Same Mashariki,Kihurio,Kankokoro,143,Misheni,,1.0,1,,,2.1,0.9,3.0,70,2,72
Kilimanjaro,Same,Same DC,Same Mashariki,Kihurio,Kongei,144,Ihundi,,5.0,1,,,2.1,0.9,3.0,67,2,69
Kilimanjaro,Same,Same DC,Same Mashariki,Kihurio,Kongei,145,Igulutu ,,0.0,1,,,2.1,0.9,3.0,81,2,83
Kilimanjaro,Same,Same DC,Same Mashariki,Kihurio,Kongei,146,Mabambara ,,0.0,1,,,2.1,0.9,3.0,59,2,61
Kilimanjaro,Same,Same DC,Same Mashariki,Bendera,Majengo,147,Mrango,,1.5,1,,,2.1,0.9,3.0,56,2,58
Kilimanjaro,Same,Same DC,Same Mashariki,Bendera,Majengo,148,Lasa,,2.0,1,,,2.1,0.9,3.0,58,2,60
Kilimanjaro,Same,Same DC,Same Mashariki,Lugulu,Lugulu,149,Lugulu,6.0,,1,,,2.1,0.9,3.0,82,2,84
Kilimanjaro,Same,Same DC,Same Mashariki,Lugulu,Lugulu,150,Mkondogwe ,0.0,,1,,,2.1,0.9,3.0,80,2,82
Kilimanjaro,Same,Same DC,Same Mashariki,Lugulu,Lugulu,151,Masheni ,0.0,,1,,,2.1,0.9,3.0,64,2,66
Kilimanjaro,Same,Same DC,Same Mashariki,Lugulu,Lugulu,152,Ramu ,0.0,,1,,,2.1,0.9,3.0,77,2,79
Kilimanjaro,Same,Same DC,Same Mashariki,Lugulu,Kanza,153,Vuda ,0.0,,1,,,2.1,0.9,3.0,52,2,54
Kilimanjaro,Same,Same DC,Same Mashariki,Lugulu,Kanza,154,Kanza Juu,0.0,,1,,,2.1,0.9,3.0,60,2,62
Kilimanjaro,Same,Same DC,Same Mashariki,Lugulu,Kanza,155,Mlalo ,0.0,,1,,,2.1,0.9,3.0,64,2,66
Kilimanjaro,Same,Same DC,Same Mashariki,Lugulu,Vumba,156,Kalemane,2.0,,1,,,2.1,0.9,3.0,55,2,57
Kilimanjaro,Same,Same DC,Same Mashariki,Lugulu,Vumba,157,Kigone ,1.0,,1,,,2.1,0.9,3.0,56,2,58
Kilimanjaro,Same,Same DC,Same Mashariki,Bombo,Mvaa,158,Luare,0.0,,1,,,2.1,0.9,3.0,59,2,61
Kilimanjaro,Same,Same DC,Same Mashariki,Bombo,Mvaa,159,Mvaa ,3.5,,1,,,2.1,0.9,3.0,62,2,64
Kilimanjaro,Same,Same DC,Same Mashariki,Bombo,Bombo,160,Kwaseijungu,2.0,,1,,,2.1,0.9,3.0,72,2,74
Kilimanjaro,Same,Same DC,Same Mashariki,Vuje,Vuje,161,Kalung'Oyo,2.0,,1,,,2.1,0.9,3.0,49,2,51
Kilimanjaro,Same,Same DC,Same Mashariki,Vuje,Vuje,162,Mbula ,1.5,,1,,,2.1,0.9,3.0,54,2,56
Kilimanjaro,Same,Same DC,Same Mashariki,Vuje,Mvango,163,Mareti ,2.0,,1,,,2.1,0.9,3.0,80,2,82
JUMLA NDOGO,,,,,,163,,23.5,291.1,145,9,0,342.3,146.7,489.0,"10,380",326,"10,706"
JUMLA KUU,,,,,,367,,51.3,491.0,319,30,0,833.1,357.1,"1,190.2","24,149",728,"24,877"
