MKOA WA MBEYA ,,,,,,,,Scope of works,,,,,,,,,,
,,,,,,,,,,,,,,,,,,
,,,,,,,,Medium Voltage Lines (km),,Distribution Transformers (kVA),,,Low Voltage Lines (km),,,Initial Customers,,
Mkoa,Wilaya,Halmashauri,Jimbo,Kata,Kijiji,Na,Kitongoji,11kV,33kV,50,100,200,4x95 sq.mm,4x50 sq.mm,LV Total (km),Single Phase,Three Phase,Total
Mbeya,Rungwe,Rungwe DC,Rungwe,Kisondela,Lutete,1,Bujesi,1.1,,0,2,0,3.4,2.2,5.6,109,3,112
Mbeya,Rungwe,Rungwe DC,Rungwe,Kisondela,Lutete,2,Njela,0.9,,0,2,0,3.7,2.5,6.2,121,2,123
Mbeya,Rungwe,Rungwe DC,Rungwe,Kisondela,Lutete,3,Majengo,2.7,,0,1,0,2.4,1.6,4.0,78,2,80
Mbeya,Rungwe,Rungwe DC,Rungwe,Kisondela,Lutete,4,Ngubati,,4.6,1,1,,1.0,1.0,2.0,30,1,31
Mbeya,Rungwe,Rungwe DC,Rungwe,Kisondela,Lutete,5,Nyamsiki,,2.7,1,1,,1.0,1.0,2.0,30,1,31
Mbeya,Rungwe,Rungwe DC,Rungwe,Kisondela,Isuba,6,Iponjola,1.8,,0,2,0,3.1,2.0,5.1,100,2,102
Mbeya,Rungwe,Rungwe DC,Rungwe,Mpuguso,Isajilo,7,Igembe,,1.7,0,2,0,3.0,2.0,5.1,99,2,101
Mbeya,Rungwe,Rungwe DC,Rungwe,Masoko,Lufumbi,8,Ndobo,2.2,,0,1,0,2.4,1.6,4.0,78,2,80
Mbeya,Rungwe,Rungwe DC,Rungwe,Masoko,Lufumbi,9,Laini,0.7,,0,1,0,2.6,1.8,4.4,86,2,88
Mbeya,Rungwe,Rungwe DC,Rungwe,Masoko,Bujesi,10,Bujinga,,1.0,0,1,0,2.7,1.8,4.5,88,2,90
Mbeya,Rungwe,Rungwe DC,Rungwe,Masoko,Nsyasya,11,Ndwanga,,0.0,0,1,0,2.7,1.8,4.5,88,2,90
Mbeya,Rungwe,Rungwe DC,Rungwe,Masoko,Lupando,12,Ngaseke,,1.9,0,1,0,2.8,1.8,4.6,90,2,92
Mbeya,Rungwe,Rungwe DC,Rungwe,Masoko,Igembe,13,Lukobo,,0.5,0,1,0,2.9,2.0,4.9,96,2,98
Mbeya,Rungwe,Rungwe DC,Rungwe,Masoko,Igembe,14,Ngasya,,0.8,0,1,0,2.7,1.8,4.5,88,2,90
Mbeya,Rungwe,Rungwe DC,Rungwe,Masoko,Ntandabala,15,Mpegele,,0.0,0,2,0,3.0,2.0,5.1,99,2,101
Mbeya,Rungwe,Rungwe DC,Rungwe,Masoko,Ntandabala,16,Segela,,1.2,0,2,0,4.8,3.2,8.0,158,2,160
Mbeya,Rungwe,Rungwe DC,Rungwe,Masukulu,Masukulu,17,Iponjola,0.7,,0,1,0,2.9,2.0,4.9,96,2,98
Mbeya,Rungwe,Rungwe DC,Rungwe,Masukulu,Masukulu,18,Itwatwa,0.7,,0,1,0,2.7,1.8,4.5,88,2,90
Mbeya,Rungwe,Rungwe DC,Rungwe,Masukulu,Kiloba,19,Nazareti,,1.3,0,1,0,2.6,1.7,4.3,84,2,86
Mbeya,Rungwe,Rungwe DC,Rungwe,Masukulu,Kiloba,20,Ileja,,2.0,0,1,0,2.8,1.8,4.6,90,2,92
Mbeya,Rungwe,Rungwe DC,Rungwe,Masukulu,Lyebe,21,Lyebe Chini,,0.8,0,1,0,2.6,1.7,4.4,85,2,87
Mbeya,Rungwe,Rungwe DC,Rungwe,Masukulu,Lyebe,22,Kabula ,,0.0,0,1,0,2.8,1.8,4.6,90,2,92
Mbeya,Rungwe,Rungwe DC,Rungwe,Masukulu,Ijigha,23,Ngeke  ,,0.0,0,1,0,2.7,1.8,4.5,88,2,90
Mbeya,Rungwe,Rungwe DC,Rungwe,Masukulu,Ijigha,24,Ngapoke,,1.7,0,1,0,2.5,1.6,4.1,80,2,82
Mbeya,Rungwe,Rungwe DC,Rungwe,Masukulu,Ijigha,25,Mbangala,,1.6,0,1,0,2.2,1.4,3.6,70,2,72
Mbeya,Rungwe,Rungwe DC,Rungwe,Masukulu,Njugilo,26,Njugilo,,0.8,0,2,0,3.4,2.3,5.7,111,2,113
Mbeya,Rungwe,Rungwe DC,Rungwe,Masukulu,Njugilo,27,Katumba ,,0.0,0,1,0,2.7,1.8,4.5,88,2,90
Mbeya,Rungwe,Rungwe DC,Rungwe,Masukulu,Njugilo,28,Mibula,,1.6,1,0,0,2.0,2.0,4.0,40,2,42
Mbeya,Rungwe,Rungwe DC,Rungwe,Matwebe,Matwebe,29,Kinanasi ,,0.0,0,1,0,3.0,2.0,5.0,98,2,100
Mbeya,Rungwe,Rungwe DC,Rungwe,Matwebe,Mpakani,30,Lusungo,,1.4,0,1,0,3.0,2.0,5.0,98,2,100
Mbeya,Rungwe,Rungwe DC,Rungwe,Matwebe,Mpakani,31,Bujole,,2.4,0,1,0,3.0,2.0,5.0,98,2,100
Mbeya,Rungwe,Rungwe DC,Rungwe,Matwebe,Mpakani,32,Kanunga,,1.6,0,1,0,3.0,2.0,5.0,98,2,100
Mbeya,Rungwe,Rungwe DC,Rungwe,Matwebe,Mpakani,33,Nsige  ,,0.0,0,1,0,3.0,2.0,5.0,98,2,100
Mbeya,Rungwe,Rungwe DC,Rungwe,Matwebe,Mpelangwasi,34,Mbugujo,,2.3,0,1,0,3.0,2.0,5.0,98,2,100
Mbeya,Rungwe,Rungwe DC,Rungwe,Matwebe,Mpelangwasi,35,Mpanda,,3.0,0,1,0,3.0,2.0,5.0,98,2,100
Mbeya,Rungwe,Rungwe DC,Rungwe,Kisiba,Isabula,36,Ikomelo,,4.4,0,1,0,3.0,2.0,5.0,98,2,100
Mbeya,Rungwe,Rungwe DC,Rungwe,Kisiba,Isabula,37,Ikama,,1.2,0,1,0,3.0,2.0,5.0,98,2,100
Mbeya,Rungwe,Rungwe DC,Rungwe,Kisiba,Isabula,38,Isabula Juu,,1.1,0,1,0,3.0,2.0,5.0,98,2,100
Mbeya,Rungwe,Rungwe DC,Rungwe,Kisiba,Isabula,39,Isabula Chini,,1.3,0,1,0,3.0,2.0,5.0,98,2,100
Mbeya,Rungwe,Rungwe DC,Rungwe,Kisiba,Isabula,40,Iseselo,,1.5,0,1,0,3.0,2.0,5.0,98,2,100
Mbeya,Rungwe,Rungwe DC,Rungwe,Kisiba,Mbaka,41,Kibundugulu,,0.8,0,1,0,2.8,1.8,4.6,90,2,92
Mbeya,Rungwe,Rungwe DC,Rungwe,Kisiba,Lwifwa,42,Iseselo Juu,,3.2,0,1,0,2.8,1.8,4.6,90,2,92
Mbeya,Rungwe,Rungwe DC,Rungwe,Kisiba,Busisya,43,Butumba,,2.0,0,1,0,2.9,1.9,4.9,95,2,97
Mbeya,Rungwe,Rungwe DC,Rungwe,Bujela,Bujela,44,Busyala,,0.9,0,1,0,2.9,1.9,4.9,95,2,97
Mbeya,Rungwe,Rungwe DC,Rungwe,Bujela,Nsongola,45,Lupila,,1.6,0,1,0,2.9,1.9,4.9,95,2,97
Mbeya,Rungwe,Rungwe DC,Rungwe,Bujela,Mpombo,46,Salima,,1.8,0,1,0,2.9,1.9,4.9,95,2,97
Mbeya,Rungwe,Rungwe DC,Rungwe,Bujela,Segela,47,Brazil,,0.6,0,1,0,2.9,1.9,4.9,95,2,97
Mbeya,Rungwe,Rungwe DC,Rungwe,Ilima,Itula,48,Ibolelo A,1.5,,0,1,0,2.6,1.7,4.4,85,2,87
Mbeya,Rungwe,Rungwe DC,Rungwe,Ilima,Katundulu,49,Katundulu,,1.8,0,1,0,2.8,1.8,4.6,90,2,92
Mbeya,Rungwe,Rungwe DC,Rungwe,Malindo,Kapugi,50,Kibabala,,1.2,0,1,0,3.0,2.0,5.0,98,2,100
Mbeya,Rungwe,Rungwe DC,Rungwe,Malindo,Kapugi,51,Kapolwe,,1.0,0,1,0,3.0,2.0,5.0,98,2,100
Mbeya,Rungwe,Rungwe DC,Rungwe,Malindo,Kapugi,52,Mbosi,,1.5,0,1,0,3.0,2.0,5.0,98,2,100
Mbeya,Rungwe,Rungwe DC,Rungwe,Malindo,Kapugi,53,Bunyakapeta,,1.0,0,1,0,3.0,2.0,5.0,98,2,100
Mbeya,Rungwe,Rungwe DC,Rungwe,Malindo,Igalamu,54,Lukingi,,0.8,0,1,0,3.0,2.0,5.0,98,2,100
Mbeya,Rungwe,Rungwe DC,Rungwe,Malindo,Igalamu,55,Itebe,,1.0,0,1,0,3.0,2.0,5.0,98,2,100
Mbeya,Rungwe,Rungwe DC,Rungwe,Malindo,Igalamu,56,Segela,,1.0,0,1,0,3.0,2.0,5.0,98,2,100
Mbeya,Rungwe,Rungwe DC,Rungwe,Malindo,Ibungila,57,Malindo Chini,0.7,,0,1,0,2.9,1.9,4.9,95,2,97
Mbeya,Rungwe,Rungwe DC,Rungwe,Malindo,Ibungila,58,Mpunguti,0.7,,0,1,0,2.9,1.9,4.9,95,2,97
Mbeya,Rungwe,Rungwe DC,Rungwe,Malindo,Ibungila,59,Kagwina,1.8,,0,1,0,2.9,1.9,4.9,95,2,97
Mbeya,Rungwe,Rungwe DC,Rungwe,Malindo,Ibungila,60,Kabembe,0.6,,0,1,0,2.9,1.9,4.9,95,2,97
Mbeya,Rungwe,Rungwe DC,Rungwe,Malindo,Ibungila,61,Mibanga,0.6,,0,1,0,2.9,1.9,4.9,95,2,97
Mbeya,Rungwe,Rungwe DC,Rungwe,Lufingo,Itete,62,Kasanda,,1.8,0,1,0,2.8,1.8,4.6,90,2,92
Mbeya,Rungwe,Rungwe DC,Rungwe,Lufingo,Kagwina,63,Masebe ,,0.0,0,1,0,2.8,1.8,4.6,90,2,92
Mbeya,Rungwe,Rungwe DC,Rungwe,Lufingo,Kagwina,64,Kandete,,1.7,0,1,0,2.8,1.8,4.6,90,2,92
Mbeya,Rungwe,Rungwe DC,Rungwe,Lufingo,Simike,65,Majombo,,0.5,0,1,0,2.8,1.8,4.6,90,2,92
Mbeya,Rungwe,Rungwe DC,Rungwe,Lufingo,Simike,66,Kasanga,,0.0,0,1,0,2.8,1.8,4.6,90,2,92
Mbeya,Rungwe,Rungwe DC,Rungwe,Swaya,Swaya,67,Itala,,3.7,0,1,0,2.8,1.8,4.6,90,2,92
Mbeya,Rungwe,Rungwe DC,Rungwe,Swaya,Swaya,68,Itala B,,1.2,0,1,0,2.8,1.8,4.6,90,2,92
Mbeya,Rungwe,Rungwe DC,Rungwe,Swaya,Ishinga,69,Iduda ,,0.0,0,1,0,2.8,1.8,4.6,90,2,92
Mbeya,Rungwe,Rungwe DC,Rungwe,Swaya,Ishinga,70,Ivanga,,1.9,0,1,0,2.8,1.8,4.6,90,2,92
Mbeya,Rungwe,Rungwe DC,Rungwe,Swaya,Ishinga,71,Mbinza,,3.0,0,1,0,2.8,1.8,4.6,90,2,92
Mbeya,Rungwe,Rungwe DC,Rungwe,Swaya,Malangali,72,Tanga,,1.8,0,1,0,2.8,1.8,4.6,90,2,92
Mbeya,Rungwe,Rungwe DC,Rungwe,Swaya,Malangali,73,Nsita,,1.9,0,1,0,2.8,1.8,4.6,90,2,92
Mbeya,Rungwe,Rungwe DC,Rungwe,Swaya,Malangali,74,Takanyambi,,1.0,0,1,0,2.8,1.8,4.6,90,2,92
Mbeya,Rungwe,Rungwe DC,Rungwe,Swaya,Isebelo,75,Ipandanye,,1.8,0,1,0,2.8,1.8,4.6,90,2,92
Mbeya,Rungwe,Rungwe DC,Rungwe,Swaya,Isebelo,76,Nyayola,,1.5,0,1,0,2.8,1.8,4.6,90,2,92
Mbeya,Rungwe,Rungwe DC,Rungwe,Swaya,Isebelo,77,Nyasanga,,2.3,0,1,0,2.8,1.8,4.6,90,2,92
Mbeya,Rungwe,Rungwe DC,Rungwe,Kinyala,Kipande,78,Ilala,0.7,,0,1,0,2.8,1.8,4.6,90,2,92
Mbeya,Rungwe,Rungwe DC,Rungwe,Kinyala,Kipande,79,Chunya,1.4,,0,1,0,2.8,1.8,4.6,90,2,92
Mbeya,Rungwe,Rungwe DC,Rungwe,Kinyala,Kipande,80,Igwila,0.0,,0,1,0,2.8,1.8,4.6,90,2,92
Mbeya,Rungwe,Rungwe DC,Rungwe,Kinyala,Kipande,81,Mbeswe,2.8,,0,1,0,2.8,1.8,4.6,90,2,92
Mbeya,Rungwe,Rungwe DC,Rungwe,Kinyala,Kipande,82,Kilambo,1.1,,0,1,0,2.8,1.8,4.6,90,2,92
Mbeya,Rungwe,Rungwe DC,Rungwe,Kinyala,Kisoko,83,Ngeke,0.6,,0,1,0,2.8,1.8,4.6,90,2,92
Mbeya,Rungwe,Rungwe DC,Rungwe,Kinyala,Kisoko,84,Mete,1.0,,0,1,0,2.8,1.8,4.6,90,2,92
Mbeya,Rungwe,Rungwe DC,Rungwe,Kinyala,Kisoko,85,Ilunga,,2.1,0,1,0,2.8,1.8,4.6,90,2,92
Mbeya,Rungwe,Rungwe DC,Rungwe,Kinyala,Kisoko,86,Salima,1.6,,0,1,0,2.8,1.8,4.6,90,2,92
Mbeya,Rungwe,Rungwe DC,Rungwe,Kinyala,Igembe,87,Kipili,,1.5,0,1,0,2.8,1.8,4.6,90,2,92
Mbeya,Rungwe,Rungwe DC,Rungwe,Kinyala,Igembe,88,Songwe,,0.5,0,1,0,2.8,1.8,4.6,90,2,92
Mbeya,Rungwe,Rungwe DC,Rungwe,Kinyala,Igembe,89,Kinyala,,0.4,0,1,0,2.8,1.8,4.6,90,2,92
Mbeya,Rungwe,Rungwe DC,Rungwe,Kinyala,Igembe,90,Ikuti,,0.9,0,1,0,2.8,1.8,4.6,90,2,92
Mbeya,Rungwe,Rungwe DC,Rungwe,Kinyala,Lubigi,91,Magamba,0.0,,0,1,0,2.8,1.8,4.6,90,2,92
Mbeya,Rungwe,Rungwe DC,Rungwe,Kinyala,Lubigi,92,Itete,1.1,,0,1,0,2.8,1.8,4.6,90,2,92
Mbeya,Rungwe,Rungwe DC,Rungwe,Kinyala,Lubigi,93,Ikukisya,1.4,,0,1,0,2.8,1.8,4.6,90,2,92
Mbeya,Rungwe,Rungwe DC,Rungwe,Kinyala,Lubigi,94,Lubigi,0.7,,0,1,0,2.8,1.8,4.6,90,2,92
Mbeya,Rungwe,Rungwe DC,Rungwe,Kinyala,Lubigi,95,Moto,2.0,,0,1,0,2.8,1.8,4.6,90,2,92
Mbeya,Rungwe,Rungwe DC,Rungwe,Kinyala,Isumba,96,Kibole,1.5,,0,1,0,2.8,1.8,4.6,90,2,92
Mbeya,Rungwe,Rungwe DC,Rungwe,Kinyala,Isumba,97,Igembe,1.6,,0,1,0,2.8,1.8,4.6,90,2,92
Mbeya,Rungwe,Rungwe DC,Rungwe,Kinyala,Lukata,98,Mpombo,0.8,,0,1,0,2.8,1.8,4.6,90,2,92
Mbeya,Rungwe,Rungwe DC,Rungwe,Kinyala,Lukata,99,Kibanja,0.0,,0,1,0,2.8,1.8,4.6,90,2,92
Mbeya,Rungwe,Rungwe DC,Rungwe,Kinyala,Lukata,100,Ikoga,1.6,,0,1,0,2.8,1.8,4.6,90,2,92
Mbeya,Rungwe,Rungwe DC,Rungwe,Kinyala,Lukata,101,Itete,1.8,,0,1,0,2.8,1.8,4.6,90,2,92
Mbeya,Rungwe,Rungwe DC,Rungwe,Nkunga,Isaka,102,Iloto,,1.3,0,1,0,2.8,1.8,4.6,90,2,92
Mbeya,Rungwe,Rungwe DC,Rungwe,Nkunga,Isaka,103,Itolika,,0.0,0,1,0,2.8,1.8,4.6,90,2,92
Mbeya,Rungwe,Rungwe DC,Rungwe,Isongole,Ndwati,104,Igalula,,1.5,0,1,0,2.8,1.8,4.6,90,2,92
Mbeya,Rungwe,Rungwe DC,Rungwe,Isongole,Ndwati,105,Bwawani,,1.3,0,1,0,2.8,1.8,4.6,90,2,92
Mbeya,Rungwe,Rungwe DC,Rungwe,Isongole,Ngumbulu,106,Ipyela A,,0.5,0,1,0,2.8,1.8,4.6,90,2,92
Mbeya,Rungwe,Rungwe DC,Rungwe,Isongole,Ngumbulu,107,Ipyela B,,0.4,0,1,0,2.8,1.8,4.6,90,2,92
Mbeya,Rungwe,Rungwe DC,Rungwe,Isongole,Ngumbulu,108,Ikambaku,,5.8,0,1,0,2.8,1.8,4.6,90,2,92
Mbeya,Rungwe,Rungwe DC,Rungwe,Isongole,Unyamwanga,109,Shoga,,0.0,0,1,0,2.8,1.8,4.6,90,2,92
Mbeya,Rungwe,Rungwe DC,Rungwe,Suma,Kabale,110,Igirimo,,0.0,0,1,0,2.8,1.8,4.6,90,2,92
Mbeya,Rungwe,Rungwe DC,Rungwe,Suma,Kabale,111,Ifukilo,,1.0,0,1,0,2.8,1.8,4.6,90,2,92
Mbeya,Rungwe,Rungwe DC,Rungwe,Suma,Kabale,112,Bunyakyolo,,1.7,0,1,0,2.8,1.8,4.6,90,2,92
Mbeya,Rungwe,Rungwe DC,Rungwe,Suma,Busona,113,Bulyaga,,1.0,0,1,0,2.8,1.8,4.6,90,2,92
Mbeya,Rungwe,Rungwe DC,Rungwe,Suma,Busona,114,Iloto,,0.0,0,1,0,2.8,1.8,4.6,90,2,92
Mbeya,Rungwe,Rungwe DC,Rungwe,Suma,Malamba,115,Mbande,,1.2,0,1,0,2.8,1.8,4.6,90,2,92
Mbeya,Rungwe,Rungwe DC,Rungwe,Suma,Malamba,116,Kisalano,,1.0,0,1,0,2.8,1.8,4.6,90,2,92
Mbeya,Rungwe,Rungwe DC,Rungwe,Suma,Nditu,117,Maasa chini,,2.0,0,1,0,2.8,1.8,4.6,90,2,92
Mbeya,Rungwe,Rungwe DC,Rungwe,Suma,Nditu,118,Kibumba,,3.1,0,1,0,2.8,1.8,4.6,90,2,92
Mbeya,Rungwe,Rungwe DC,Rungwe,Suma,Nditu,119,Lukingi,,0.5,0,1,0,2.8,1.8,4.6,90,2,92
Mbeya,Rungwe,Rungwe DC,Rungwe,Masebe,Masebe,120,Kilalo,,1.3,0,1,0,2.8,1.8,4.6,90,2,92
Mbeya,Rungwe,Rungwe DC,Rungwe,Masebe,Masebe,121,Katumba,,0.0,0,1,0,2.8,1.8,4.6,90,2,92
Mbeya,Rungwe,Rungwe DC,Rungwe,Masebe,Ibumba,122,Nsitu,,2.1,0,1,0,2.8,1.8,4.6,90,2,92
Mbeya,Rungwe,Rungwe DC,Rungwe,Masebe,Ibumba,123,Ndobo,,0.0,0,1,0,2.8,1.8,4.6,90,2,92
Mbeya,Rungwe,Rungwe DC,Rungwe,Masebe,Kituli,124,Kituli,,1.2,0,1,0,2.8,1.8,4.6,90,2,92
Mbeya,Rungwe,Rungwe DC,Rungwe,Masebe,Kituli,125,Lota,,0.8,0,1,0,2.8,1.8,4.6,90,2,92
Mbeya,Rungwe,Rungwe DC,Rungwe,Masebe,Kituli,126,Lupaso,,0.0,0,1,0,2.8,1.8,4.6,90,2,92
Mbeya,Rungwe,Rungwe DC,Rungwe,Masebe,Bunyakikosi,127,Mwale,,0.0,0,1,0,2.8,1.8,4.6,90,2,92
Mbeya,Rungwe,Rungwe DC,Rungwe,Masebe,Bunyakikosi,128,Kagoje,,0.0,0,1,0,2.8,1.8,4.6,90,2,92
Mbeya,Rungwe,Rungwe DC,Rungwe,Masebe,Bunyakikosi,129,Ikama,,1.7,0,1,0,2.8,1.8,4.6,90,2,92
Mbeya,Rungwe,Rungwe DC,Rungwe,Ikuti,Ikuti,130,Kagisa,,0.0,0,1,0,2.8,1.8,4.6,90,2,92
Mbeya,Rungwe,Rungwe DC,Rungwe,Ikuti,Kyobo,131,Matale,,0.0,0,1,0,2.8,1.8,4.6,90,2,92
Mbeya,Rungwe,Rungwe DC,Rungwe,Ikuti,Kyobo,132,Igembe,,0.0,0,1,0,2.8,1.8,4.6,90,2,92
Mbeya,Rungwe,Rungwe DC,Rungwe,Ikuti,Kyobo,133,Kyobo Chini,,0.0,0,1,0,2.8,1.8,4.6,90,2,92
Mbeya,Rungwe,Rungwe DC,Rungwe,Ikuti,Kyobo,134,Isuga,,1.7,0,1,0,2.8,1.8,4.6,90,2,92
Mbeya,Rungwe,Rungwe DC,Rungwe,Ikuti,Kyobo,135,Ng'enge,,0.5,0,1,0,2.8,1.8,4.6,90,2,92
Mbeya,Rungwe,Rungwe DC,Rungwe,Ikuti,Kyobo Juu,136,Kyobo Kati,,0.0,0,1,0,2.8,1.8,4.6,90,2,92
Mbeya,Rungwe,Rungwe DC,Rungwe,Ikuti,Kyobo Juu,137,Lubemba,,2.0,0,1,0,2.8,1.8,4.6,90,2,92
Mbeya,Rungwe,Rungwe DC,Rungwe,Ikuti,Lyenje,138,Ijugwe,,1.4,0,1,0,2.8,1.8,4.6,90,2,92
Mbeya,Rungwe,Rungwe DC,Rungwe,Ikuti,Lyenje,139,Kezalia,,1.2,0,1,0,2.8,1.8,4.6,90,2,92
Mbeya,Rungwe,Rungwe DC,Rungwe,Ikuti,Lyenje,140,Mwantondo,,1.3,0,1,0,2.8,1.8,4.6,90,2,92
Mbeya,Rungwe,Rungwe DC,Rungwe,Ikuti,Lyenje,141,Kimomo,,1.8,0,1,0,2.8,1.8,4.6,90,2,92
Mbeya,Rungwe,Rungwe DC,Rungwe,Ikuti,Lyenje,142,Kitapwa,,2.5,0,1,0,2.8,1.8,4.6,90,2,92
Mbeya,Rungwe,Rungwe DC,Rungwe,Ikuti,Lumbe,143,Nsanga,,0.0,0,1,0,2.8,1.8,4.6,90,2,92
Mbeya,Rungwe,Rungwe DC,Rungwe,Ikuti,Ibungu,144,Kipya,,1.7,0,1,0,2.8,1.8,4.6,90,2,92
Mbeya,Rungwe,Rungwe DC,Rungwe,Ikuti,Ibungu,145,Makata,,0.0,0,1,0,2.8,1.8,4.6,90,2,92
Mbeya,Rungwe,Rungwe DC,Rungwe,Ikuti,Ibungu,146,Meega,,2.3,0,1,0,2.8,1.8,4.6,90,2,92
Mbeya,Rungwe,Rungwe DC,Rungwe,Nkunga,Nkunga,147,Ikama,,1.5,0,1,0,2.8,1.8,4.6,90,2,92
Mbeya,Rungwe,Rungwe DC,Rungwe,Nkunga,Nkunga,148,Kitumba,,0.8,0,1,0,2.8,1.8,4.6,90,2,92
Mbeya,Rungwe,Rungwe DC,Rungwe,Nkunga,Nkunga,149,Masugwa,,1.0,0,1,0,2.8,1.8,4.6,90,2,92
Mbeya,Rungwe,Rungwe DC,Rungwe,Nkunga,Nkunga,150,Ibolelo,,2.4,0,1,0,2.8,1.8,4.6,90,2,92
Mbeya,Rungwe,Rungwe DC,Rungwe,Nkunga,Nkunga,151,Lugombo,,1.3,0,1,0,2.8,1.8,4.6,90,2,92
Mbeya,Rungwe,Rungwe DC,Rungwe,Nkunga,Isaka,152,Kasefuka,,2.3,0,1,0,2.8,1.8,4.6,90,2,92
Mbeya,Rungwe,Rungwe DC,Rungwe,Nkunga,Isaka,153,Matale,,5.3,0,1,0,2.8,1.8,4.6,90,2,92
Mbeya,Rungwe,Rungwe DC,Rungwe,Nkunga,Ibililo,154,Bulale,,0.0,0,1,0,2.8,1.8,4.6,90,2,92
Mbeya,Rungwe,Rungwe DC,Rungwe,Nkunga,Ibililo,155,Lubati,,0.0,0,1,0,2.8,1.8,4.6,90,2,92
Mbeya,Rungwe,Rungwe DC,Rungwe,Nkunga,Ibililo,156,Mahenge,,1.3,0,1,0,2.8,1.8,4.6,90,2,92
Mbeya,Rungwe,Rungwe DC,Rungwe,Nkunga,Ibililo,157,Nsanga,,0.0,0,1,0,2.8,1.8,4.6,90,2,92
Mbeya,Rungwe,Rungwe DC,Rungwe,Nkunga,Ibililo,158,Ibambala,,2.0,0,1,0,2.8,1.8,4.6,90,2,92
Mbeya,Rungwe,Rungwe DC,Rungwe,Nkunga,Ibililo,159,Matweli,,3.6,0,1,0,2.8,1.8,4.6,90,2,92
Mbeya,Rungwe,Rungwe DC,Rungwe,Lupepo,Mpombo,160,Kapiki,,1.0,0,1,0,2.8,1.8,4.6,90,2,92
Mbeya,Rungwe,Rungwe DC,Rungwe,Lupepo,Mpombo,161,Minyala,,1.0,0,1,0,2.8,1.8,4.6,90,2,92
Mbeya,Rungwe,Rungwe DC,Rungwe,Lupepo,Mpombo,162,Mianga,,1.0,0,1,0,2.8,1.8,4.6,90,2,92
Mbeya,Rungwe,Rungwe DC,Rungwe,Lupepo,Lupepo,163,Kigugu,,1.6,0,1,0,2.8,1.8,4.6,90,2,92
Mbeya,Rungwe,Rungwe DC,Rungwe,Lupepo,Lupepo,164,Mabwe,,0.6,0,1,0,2.8,1.8,4.6,90,2,92
Mbeya,Rungwe,Rungwe DC,Rungwe,Lupepo,Lupepo,165,Lyale,,3.0,0,1,0,2.8,1.8,4.6,90,2,92
Mbeya,Rungwe,Rungwe DC,Rungwe,Lupepo,Lupepo,166,Lusungo,,0.5,0,1,0,2.8,1.8,4.6,90,2,92
Mbeya,Rungwe,Rungwe DC,Rungwe,Lupepo,Lupepo,167,Ibunje,,1.0,0,1,0,2.8,1.8,4.6,90,2,92
Mbeya,Rungwe,Rungwe DC,Rungwe,Lupepo,Lupepo,168,Kakindu,,3.5,0,1,0,2.8,1.8,4.6,90,2,92
Mbeya,Rungwe,Rungwe DC,Rungwe,Lupepo,Lupepo,169,Kifumo,,0.6,0,1,0,2.8,1.8,4.6,90,2,92
Mbeya,Rungwe,Rungwe DC,Rungwe,Lupepo,Lupepo,170,Mindolo,,1.1,0,1,0,2.8,1.8,4.6,90,2,92
Mbeya,Rungwe,Rungwe DC,Rungwe,Lupepo,Kyosa,171,Kikando,,0.6,0,1,0,2.8,1.8,4.6,90,2,92
Mbeya,Rungwe,Rungwe DC,Rungwe,Lupepo,Mboyo,172,Mboyo,,0.0,0,1,0,2.8,1.8,4.6,90,2,92
Mbeya,Rungwe,Rungwe DC,Rungwe,Lupepo,Mboyo,173,Butolo,,3.1,0,1,0,2.8,1.8,4.6,90,2,92
Mbeya,Rungwe,Rungwe DC,Rungwe,Lupepo,Mboyo,174,Makandana,,1.6,0,1,0,2.8,1.8,4.6,90,2,92
Mbeya,Rungwe,Rungwe DC,Rungwe,Kiwira,Ilundo,175,Kanyambala,1.9,,0,1,0,2.8,1.8,4.6,90,2,92
JUMLA NDOGO,,,,,,175,,40.4,180.8,3,181,0,487.6,326.4,814.0,"15,875",349,"16,224"
Mbeya,Rungwe,Busokelo DC,Busokelo,Lufilyo,Kikuba ,1,Katumba,,0.8,0,1,0,2.3,1.5,3.9,75,2,77
Mbeya,Rungwe,Busokelo DC,Busokelo,Lufilyo,Kikuba ,2,Kinela,,1.0,0,1,0,2.9,1.9,4.9,95,2,97
Mbeya,Rungwe,Busokelo DC,Busokelo,Lufilyo,Kikuba ,3,Kipangamansi,,1.8,0,1,0,2.6,1.7,4.4,85,2,87
Mbeya,Rungwe,Busokelo DC,Busokelo,Luteba,Ipuguso,4,Ikano,,2.0,0,1,0,2.7,1.8,4.5,88,2,90
Mbeya,Rungwe,Busokelo DC,Busokelo,Luteba,Ikubo,5,Ibungu,,0.6,0,1,0,2.9,1.9,4.9,95,2,97
Mbeya,Rungwe,Busokelo DC,Busokelo,Luteba,Ikubo,6,Igembe,,0.6,0,1,0,2.5,1.5,4.0,50,4,54
Mbeya,Rungwe,Busokelo DC,Busokelo,Luteba,Ikubo,7,Kikwego,,0.0,0,1,0,2.5,1.5,4.0,50,4,54
Mbeya,Rungwe,Busokelo DC,Busokelo,Luteba,Ikubo,8,itebe,,0.9,0,1,0,2.5,1.5,4.0,50,4,54
Mbeya,Rungwe,Busokelo DC,Busokelo,Ntaba,Kapulampunguti,9,Ndengele,,0.0,0,1,0,2.4,1.6,4.0,78,2,80
Mbeya,Rungwe,Busokelo DC,Busokelo,Ntaba,Nsanga,10,Njombe,,1.7,0,1,0,2.3,1.5,3.9,75,2,77
Mbeya,Rungwe,Busokelo DC,Busokelo,Ntaba,Nsanga,11,Lusungo,,0.0,0,1,0,2.3,1.5,3.9,75,2,77
Mbeya,Rungwe,Busokelo DC,Busokelo,Ntaba,Ilamba,12,Lupando,,1.8,0,1,0,2.2,1.4,3.6,70,2,72
Mbeya,Rungwe,Busokelo DC,Busokelo,Ntaba,Ilamba,13,Kilambo,,2.1,0,1,0,2.6,1.8,4.4,86,2,88
Mbeya,Rungwe,Busokelo DC,Busokelo,Lwangwa,Mbigili,14,Bunyakasege,,1.8,0,1,0,2.5,1.6,4.1,80,2,82
Mbeya,Rungwe,Busokelo DC,Busokelo,Isange,Bumbigi,15,Lwangilo A,,0.0,0,1,0,2.5,1.5,4.0,50,4,54
Mbeya,Rungwe,Busokelo DC,Busokelo,Isange,Bumbigi,16,Lwangilo B,,1.8,0,1,0,2.5,1.6,4.1,80,2,82
Mbeya,Rungwe,Busokelo DC,Busokelo,Isange,Bumbigi,17,Kititu,,0.8,0,1,0,2.4,1.6,4.0,78,2,80
Mbeya,Rungwe,Busokelo DC,Busokelo,Itete,Busoka,18,Mbegele,,1.1,0,1,0,2.6,1.7,4.4,85,2,87
Mbeya,Rungwe,Busokelo DC,Busokelo,Itete,Busoka,19,Kandete,,2.5,0,1,0,2.6,1.8,4.4,86,2,88
Mbeya,Rungwe,Busokelo DC,Busokelo,Itete,Busoka,20,Butola,,0.8,0,1,0,2.7,1.8,4.5,87,2,89
Mbeya,Rungwe,Busokelo DC,Busokelo,Itete,Kilugu,21,Lusungo,,0.8,0,1,0,2.9,1.9,4.9,95,2,97
Mbeya,Rungwe,Busokelo DC,Busokelo,Itete,Kilugu,22,Mpanda,,0.8,0,1,0,2.5,1.7,4.2,81,2,83
Mbeya,Rungwe,Busokelo DC,Busokelo,Itete,Kilugu,23,Lukwego,,1.3,0,1,0,2.4,1.6,4.1,79,2,81
Mbeya,Rungwe,Busokelo DC,Busokelo,Itete,Kilugu,24,Lupaso,,0.0,0,1,0,2.5,1.6,4.1,80,2,82
Mbeya,Rungwe,Busokelo DC,Busokelo,Itete,Kilugu,25,Ipyana,,1.6,0,1,0,2.9,1.9,4.8,94,2,96
Mbeya,Rungwe,Busokelo DC,Busokelo,Itete,Kibole,26,Ipyasyo,,0.0,0,1,0,2.4,1.6,4.0,78,2,80
Mbeya,Rungwe,Busokelo DC,Busokelo,Kisegese,Ngeleka,27,Mbuyu,,2.5,0,1,0,2.7,1.8,4.5,87,2,89
Mbeya,Rungwe,Busokelo DC,Busokelo,Kisegese,Ngeleka,28,Isala,,1.6,0,1,0,2.9,1.9,4.9,95,2,97
Mbeya,Rungwe,Busokelo DC,Busokelo,Kisegese,Ngeleka,29,Mwalesi,,0.0,0,1,0,2.9,1.9,4.9,95,2,97
Mbeya,Rungwe,Busokelo DC,Busokelo,Kisegese,Kasyabone,30,Ndobo,,3.0,0,1,0,2.7,1.8,4.6,89,2,91
Mbeya,Rungwe,Busokelo DC,Busokelo,Kabula,Kitema,31,Ipyasyo,,1.5,0,1,0,2.3,1.5,3.9,75,2,77
Mbeya,Rungwe,Busokelo DC,Busokelo,Kabula,Kitema,32,Lwale,,4.0,0,1,0,2.6,1.7,4.4,85,2,87
Mbeya,Rungwe,Busokelo DC,Busokelo,Kabula,Kitema,33,Ngulu,,0.0,0,1,0,2.6,1.7,4.4,85,2,87
Mbeya,Rungwe,Busokelo DC,Busokelo,Kabula,Kanyelele,34,NTangasale,,0.7,0,1,0,3.0,2.0,5.0,98,2,100
Mbeya,Rungwe,Busokelo DC,Busokelo,Mpata,Kilimansanga,35,Isiba,,1.5,0,1,0,2.8,1.8,4.6,90,2,92
Mbeya,Rungwe,Busokelo DC,Busokelo,Mpata,Kilimansanga,36,Kikuyu,,1.6,0,1,0,2.6,1.7,4.4,85,2,87
Mbeya,Rungwe,Busokelo DC,Busokelo,Mpata,Kilimansanga,37,Ipembe,,3.8,0,1,0,2.3,1.5,3.8,74,2,76
Mbeya,Rungwe,Busokelo DC,Busokelo,Lupata,Lupata,38,Kituli,,2.0,0,1,0,2.0,1.3,3.4,65,2,67
Mbeya,Rungwe,Busokelo DC,Busokelo,Lupata,Mpanda,39,Isumba,,2.0,0,1,0,2.1,1.4,3.5,68,2,70
Mbeya,Rungwe,Busokelo DC,Busokelo,Lupata,Nsoso,40,Kikusya,,0.0,0,1,0,2.1,1.4,3.5,68,2,70
Mbeya,Rungwe,Busokelo DC,Busokelo,Lupata,Ntapisi,41,Lembuka,,3.6,0,1,0,2.5,1.6,4.1,80,2,82
Mbeya,Rungwe,Busokelo DC,Busokelo,Kandete,Bujingijila ,42,Malambo,,1.9,0,1,0,2.7,1.8,4.5,87,2,89
Mbeya,Rungwe,Busokelo DC,Busokelo,Kandete,Ndala,43,Kisimba,,0.9,0,1,0,2.5,1.5,4.0,50,4,54
Mbeya,Rungwe,Busokelo DC,Busokelo,Kandete,Ndala,44,Masebe,,1.0,0,1,0,2.5,1.5,4.0,50,4,54
Mbeya,Rungwe,Busokelo DC,Busokelo,Mpombo,Lusanje,45,Nbamba,,0.5,0,1,0,2.5,1.5,4.0,50,4,54
Mbeya,Rungwe,Busokelo DC,Busokelo,Mpombo,Kasanga,46,Kasanga,,0.9,0,1,0,2.7,1.8,4.6,89,2,91
Mbeya,Rungwe,Busokelo DC,Busokelo,Mpombo,Kasanga,47,Kyejo,,1.3,0,1,0,2.7,1.8,4.5,88,2,90
Mbeya,Rungwe,Busokelo DC,Busokelo,Mpombo,Ijoka,48,Nsongola,,1.2,0,1,0,2.5,1.5,4.0,50,4,54
JUMLA NDOGO,,,,,,48,,0.0,61.9,0,48,0,122.2,80.2,202.4,"3,728",112,"3,840"
Mbeya,Kyela,Kyela DC,Kyela,Ikama, Ilopa,1,Bugoloka,,0.9,0,2,0,3.7,2.5,6.2,122,2,124
Mbeya,Kyela,Kyela DC,Kyela,Ikama, Ilopa,2,Kyimo,,0.4,0,2,0,4.5,3.0,7.5,148,2,150
Mbeya,Kyela,Kyela DC,Kyela,Ikama,Fubu,3,Mbwata,,1.6,0,1,0,2.7,1.8,4.5,88,2,90
Mbeya,Kyela,Kyela DC,Kyela,Ikama,Fubu,4,Ndondobya,,1.9,0,1,0,2.7,1.8,4.5,88,2,90
Mbeya,Kyela,Kyela DC,Kyela,Ikama,Fubu,5,Seko,,1.2,0,1,0,2.7,1.8,4.5,88,2,90
Mbeya,Kyela,Kyela DC,Kyela,Ikama,Mpunguti,6,Mpunguti B,,0.9,0,1,0,1.8,1.2,3.0,58,1,59
Mbeya,Kyela,Kyela DC,Kyela,Ikama,Mwambusye,7,Busalano,,1.0,0,2,0,3.3,2.2,5.5,108,2,110
Mbeya,Kyela,Kyela DC,Kyela,Ikama,Mwambusye,8,Itiki,,0.9,0,2,0,5.1,3.4,8.5,168,2,170
Mbeya,Kyela,Kyela DC,Kyela,Talatala,Kyangala,9,Kusini ,,1.7,0,2,0,4.8,3.2,8.0,158,2,160
Mbeya,Kyela,Kyela DC,Kyela,Talatala,Kyangala,10,Kaskazin Kati,,0.0,0,2,0,3.3,2.2,5.5,108,2,110
Mbeya,Kyela,Kyela DC,Kyela,Talatala,Kyangala,11,Kaskazin,,0.9,0,2,0,3.6,2.4,6.0,118,2,120
Mbeya,Kyela,Kyela DC,Kyela,Talatala,Ngolela,12,Mbomboke,,2.2,0,1,0,2.9,2.0,4.9,97,1,98
Mbeya,Kyela,Kyela DC,Kyela,Talatala,Talatala,13,Lyongo,,1.6,0,2,0,6.0,4.0,10.0,198,2,200
Mbeya,Kyela,Kyela DC,Kyela,Talatala,Kagogo,14,Masundo,,1.5,0,1,0,2.4,1.6,4.0,78,1,79
Mbeya,Kyela,Kyela DC,Kyela,Muungano,Mwaigoga,15,Ikulu B,,1.0,0,2,0,3.6,2.4,6.0,118,2,120
Mbeya,Kyela,Kyela DC,Kyela,Ipinda,Ngamanga,16,Mitugutu,,1.1,1,0,0,1.2,0.8,2.0,39,1,40
Mbeya,Kyela,Kyela DC,Kyela,Ipinda,Kanga,17,Kanga B,,0.0,0,1,0,2.4,1.6,4.0,77,2,79
Mbeya,Kyela,Kyela DC,Kyela,Ipinda,Kanga,18,Mwangulu,,0.8,0,2,0,4.6,3.1,7.7,152,2,154
Mbeya,Kyela,Kyela DC,Kyela,Ipinda,Kiingili,19,Kingili B,,0.9,0,2,0,8.7,5.8,14.5,287,3,290
Mbeya,Kyela,Kyela DC,Kyela,Ipinda,Kiingili,20,Lukuju,,0.8,0,1,0,1.9,1.2,3.1,60,2,62
Mbeya,Kyela,Kyela DC,Kyela,Ipinda,Kiingili,21,Mahenge,,0.7,0,1,0,1.9,1.2,3.1,60,2,62
Mbeya,Kyela,Kyela DC,Kyela,Ipinda,Ikumbilo,22,Kalulya,,0.0,0,2,0,3.3,2.2,5.6,109,2,111
Mbeya,Kyela,Kyela DC,Kyela,Ipinda,Mabunga,23,Nsongola,,1.8,0,1,0,9.0,6.0,15.0,298,2,300
Mbeya,Kyela,Kyela DC,Kyela,Lusungo,Kikuba,24,Lufumbi,,1.3,0,1,0,9.0,6.0,15.0,298,2,300
Mbeya,Kyela,Kyela DC,Kyela,Lusungo,Lukama,25,Lukama Chini,,0.0,0,2,0,3.8,2.5,6.4,125,2,127
Mbeya,Kyela,Kyela DC,Kyela,Lusungo,Lukwego,26,Kaposo,,0.0,0,2,0,4.4,2.9,7.3,143,2,145
Mbeya,Kyela,Kyela DC,Kyela,Lusungo,Lusungo,27,Bugema,,0.0,0,1,0,1.8,1.2,3.0,59,1,60
Mbeya,Kyela,Kyela DC,Kyela,Lusungo,Lusungo,28,Bugogo,,1.7,0,2,0,9.6,6.4,16.0,315,4,319
Mbeya,Kyela,Kyela DC,Kyela,Lusungo,Lusungo,29,Mpulo,,0.7,0,1,0,2.8,1.8,4.6,91,1,92
Mbeya,Kyela,Kyela DC,Kyela,Lusungo,Lusungo,30,Ntundumbaka,,2.0,1,0,0,0.4,0.3,0.7,12,1,13
Mbeya,Kyela,Kyela DC,Kyela,Makwale,Makwale,31,Mwalisi,,2.0,0,1,0,2.0,2.0,4.0,60,2,62
Mbeya,Kyela,Kyela DC,Kyela,Ndobo,Ndobo,32,Busoba,,1.5,0,1,0,2.0,2.0,4.0,60,2,62
Mbeya,Kyela,Kyela DC,Kyela,Ndobo,Ndobo,33,Lugombo,,0.7,0,1,0,2.0,2.0,4.0,60,2,62
Mbeya,Kyela,Kyela DC,Kyela,Ndobo,Ndobo,34,Matope,,2.5,0,1,0,2.0,2.0,4.0,60,2,62
Mbeya,Kyela,Kyela DC,Kyela,Ndobo,Isuba,35,Bujesi,,0.0,1,0,0,1.5,1.0,2.5,49,1,50
Mbeya,Kyela,Kyela DC,Kyela,Ndobo,Isuba,36,Mbangamoyo,,0.0,0,2,0,4.5,3.0,7.5,148,2,150
Mbeya,Kyela,Kyela DC,Kyela,Ndobo,Sebe,37,Sebe II,,1.9,0,1,0,2.0,2.0,4.0,60,2,62
Mbeya,Kyela,Kyela DC,Kyela,Ndobo,Sebe,38,Kindingo,,1.2,0,2,0,3.9,2.6,6.5,128,2,130
Mbeya,Kyela,Kyela DC,Kyela,Matema,Ikombe,39,Busisya,,1.0,0,2,0,8.7,5.8,14.6,289,2,291
Mbeya,Kyela,Kyela DC,Kyela,Matema,Ikombe,40,sumba,,1.0,0,1,0,3.0,2.0,5.0,98,2,100
Mbeya,Kyela,Kyela DC,Kyela,Matema,Ikombe,41,Lyulilo,,0.0,0,2,0,6.8,4.5,11.3,222,3,225
Mbeya,Kyela,Kyela DC,Kyela,Matema,Ikombe,42,Ikunda,,0.0,0,2,0,3.6,2.4,6.0,119,1,120
Mbeya,Kyela,Kyela DC,Kyela,Matema,Matema,43,Ibungu,,0.0,0,2,0,4.9,3.3,8.2,163,1,164
Mbeya,Kyela,Kyela DC,Kyela,Mababu,Mababu,44,Katumba,,2.5,0,1,0,2.0,2.0,4.0,60,2,62
Mbeya,Kyela,Kyela DC,Kyela,Mwaya,Ilondo,45, Ikubo,,1.9,0,2,0,3.8,2.5,6.3,123,2,125
Mbeya,Kyela,Kyela DC,Kyela,Mwaya,Ndola,46,Mbegele,,0.0,0,1,0,3.0,2.0,5.0,98,1,99
Mbeya,Kyela,Kyela DC,Kyela,Mwaya,Tenende,47,Tenende Chini,,1.6,0,1,0,2.9,2.0,4.9,96,2,98
Mbeya,Kyela,Kyela DC,Kyela,Mwaya,Masebe,48,Ilembula,,3.6,0,1,0,2.9,2.0,4.9,96,2,98
Mbeya,Kyela,Kyela DC,Kyela,Mwaya,Mwaya,49,Kiputa,,1.4,0,2,0,3.7,2.4,6.1,120,2,122
Mbeya,Kyela,Kyela DC,Kyela,Mwaya,Mwaya,50,Njisi,,1.0,0,1,0,3.7,2.4,6.1,120,2,122
Mbeya,Kyela,Kyela DC,Kyela,Bujonde,Nnyelele,51,Mahenge,,0.8,0,2,0,3.4,2.3,5.7,112,1,113
Mbeya,Kyela,Kyela DC,Kyela,Bujonde,Nnyelele,52,Ndola,,0.0,0,2,0,4.7,3.1,7.8,154,1,155
Mbeya,Kyela,Kyela DC,Kyela,Bujonde,Lubaga,53,Ikumbo,,1.7,0,2,0,3.7,2.5,6.2,120,3,123
Mbeya,Kyela,Kyela DC,Kyela,Busale,Busale,54,Lupakano,,2.4,1,0,0,1.4,1.0,2.4,47,1,48
Mbeya,Kyela,Kyela DC,Kyela,Busale,Busale,55,Sumbi,,0.3,1,0,0,1.2,0.8,2.1,40,1,41
Mbeya,Kyela,Kyela DC,Kyela,Busale,Ikomelo,56,Ikombe,,0.9,0,1,0,2.6,1.7,4.3,84,2,86
Mbeya,Kyela,Kyela DC,Kyela,Busale,Ikomelo,57,Mahenge,,2.3,0,1,0,2.4,1.6,4.0,78,2,80
Mbeya,Kyela,Kyela DC,Kyela,Busale,Ikomelo,58,Busoka,,0.0,0,1,0,1.8,1.2,3.1,60,1,61
Mbeya,Kyela,Kyela DC,Kyela,Ikolo,Muungano,59,Masyabala,,1.7,0,1,0,2.1,1.4,3.5,68,1,69
Mbeya,Kyela,Kyela DC,Kyela,Ikolo,Ikolo,60,Bugoloka,,2.0,0,2,0,4.0,2.7,6.7,132,2,134
Mbeya,Kyela,Kyela DC,Kyela,Katumbasongwe,Isaki,61, Isaki II,,0.0,0,1,0,2.2,1.4,3.6,70,2,72
Mbeya,Kyela,Kyela DC,Kyela,Katumbasongwe,Katumba,62,Ilopa,,1.6,0,1,0,2.9,2.0,4.9,96,2,98
Mbeya,Kyela,Kyela DC,Kyela,Katumbasongwe,Katumba,63,Katumba,,1.5,0,1,0,2.9,2.0,4.9,96,2,98
Mbeya,Kyela,Kyela DC,Kyela,Katumbasongwe,Katumba,64,Masoko I,,1.9,0,2,0,4.5,3.0,7.6,148,3,151
Mbeya,Kyela,Kyela DC,Kyela,Katumbasongwe,Katumba,65,Mbugujo,,0.7,0,1,0,5.3,3.6,8.9,176,2,178
Mbeya,Kyela,Kyela DC,Kyela,Katumbasongwe,Mpunguti,66,Lamya,,2.0,0,1,0,4.1,2.7,6.8,134,2,136
Mbeya,Kyela,Kyela DC,Kyela,Katumbasongwe,Mpunguti,67,Itekenya A,,0.0,0,2,0,5.8,3.8,9.6,189,3,192
Mbeya,Kyela,Kyela DC,Kyela,Katumbasongwe,Mpunguti,68,Mpunguti A,,0.0,0,2,0,11.7,7.8,19.5,386,3,389
Mbeya,Kyela,Kyela DC,Kyela,Katumbasongwe,Mpunguti,69,Mpunguti B,,0.0,0,2,0,10.4,6.9,17.4,344,3,347
Mbeya,Kyela,Kyela DC,Kyela,Katumbasongwe,Kabanga,70,Tenende/Temeke,,1.1,0,2,0,9.1,6.1,15.2,301,3,304
Mbeya,Kyela,Kyela DC,Kyela,Katumbasongwe,Kabanga,71,Kabanga,,1.1,0,1,0,1.6,1.1,2.7,50,3,53
Mbeya,Kyela,Kyela DC,Kyela,Katumbasongwe,Ndwanga,72,Katumbati,,1.2,0,2,0,4.7,3.2,7.9,156,2,158
Mbeya,Kyela,Kyela DC,Kyela,Katumbasongwe,Ndwanga,73,Ndwanga A,,1.2,0,1,0,4.7,3.2,7.9,156,2,158
Mbeya,Kyela,Kyela DC,Kyela,Katumbasongwe,Ndwanga,74,Ndwanga B,,1.6,0,1,0,2.2,1.4,3.6,70,2,72
Mbeya,Kyela,Kyela DC,Kyela,Ngana,Kasumulu,75,Ilondo,,2.0,0,1,0,2.4,1.6,4.0,78,1,79
Mbeya,Kyela,Kyela DC,Kyela,Ngana,Mwalisi,76,Itope,,2.0,0,1,0,1.8,1.2,3.0,58,1,59
Mbeya,Kyela,Kyela DC,Kyela,Ngana,Mwalisi,77,Lusungo,,0.6,0,1,0,2.1,1.4,3.5,69,1,70
Mbeya,Kyela,Kyela DC,Kyela,Ngana,Mwalisi,78,Makeje,,2.3,0,1,0,2.1,1.4,3.5,69,1,70
Mbeya,Kyela,Kyela DC,Kyela,Ngana,Ngana,79,Majengo,,1.2,0,2,0,4.1,2.7,6.9,135,2,137
Mbeya,Kyela,Kyela DC,Kyela,Ngana,Ngana,80, Malola,,0.5,1,0,0,1.5,1.0,2.5,48,2,50
Mbeya,Kyela,Kyela DC,Kyela,Ngana,Ngana,81,Mwega,,2.1,0,1,0,2.0,1.3,3.3,64,2,66
Mbeya,Kyela,Kyela DC,Kyela,Ngana,Ngana,82,Mbwata,,1.0,0,1,0,2.0,1.3,3.3,64,2,66
Mbeya,Kyela,Kyela DC,Kyela,Ngana,Ushirika,83,Mapalakata,,2.0,0,2,0,7.5,5.0,12.5,248,2,250
Mbeya,Kyela,Kyela DC,Kyela,Ngonga,Itenya,84,Ijumba,,0.8,0,2,0,3.8,2.5,6.3,124,2,126
Mbeya,Kyela,Kyela DC,Kyela,Ngonga,Itenya,85,Isuba,,1.0,0,1,0,2.6,1.7,4.4,86,1,87
Mbeya,Kyela,Kyela DC,Kyela,Ngonga,Itenya,86,Mbangala,,1.0,0,1,0,3.0,2.0,5.0,98,1,99
Mbeya,Kyela,Kyela DC,Kyela,Ngonga,Ngonga,87,Kiputa,,0.9,0,1,0,3.0,2.0,5.0,98,1,99
Mbeya,Kyela,Kyela DC,Kyela,Ngonga,Ngonga,88,Iringa,,0.6,0,2,0,10.2,6.8,17.0,337,3,340
Mbeya,Kyela,Kyela DC,Kyela,Ngonga,Ngonga,89,Magege,,0.7,0,1,0,1.9,1.2,3.1,61,1,62
Mbeya,Kyela,Kyela DC,Kyela,Nkokwa,Buponela,90,Lusungo,,0.0,0,1,0,2.8,1.8,4.6,90,2,92
Mbeya,Kyela,Kyela DC,Kyela,Nkokwa,Kyijila,91,Ibonde,,0.0,0,1,0,2.8,1.8,4.6,90,2,92
Mbeya,Kyela,Kyela DC,Kyela,Nkokwa,Kyijila,92,Igombanila,,1.3,0,1,0,2.8,1.8,4.6,90,2,92
Mbeya,Kyela,Kyela DC,Kyela,Nkokwa,Sinyanga,93,Bulanga,,4.0,0,1,0,2.8,1.8,4.6,90,2,92
Mbeya,Kyela,Kyela DC,Kyela,Nkokwa,Sinyanga,94,Ilopa,,0.9,0,1,0,2.8,1.8,4.6,90,2,92
Mbeya,Kyela,Kyela DC,Kyela,Nkokwa,Sinyanga,95,Nkokwa Kanisani,,1.8,0,1,0,2.8,1.8,4.6,90,2,92
Mbeya,Kyela,Kyela DC,Kyela,Ipande,Maendeleo,96,Kikole B,,0.8,0,1,0,2.8,1.8,4.6,90,2,92
Mbeya,Kyela,Kyela DC,Kyela,Ipande,Konjula,97,Kipela,,1.8,0,1,0,2.8,1.8,4.6,90,2,92
Mbeya,Kyela,Kyela DC,Kyela,Ipande,Njugilo,98,Kasama B,,0.9,0,1,0,2.8,1.8,4.6,90,2,92
JUMLA NDOGO,,,,,,98,,0.0,109.0,6,129,0,360.7,244.4,605.1,"11,811",183,"11,994"
Mbeya,Mbarali,Mbarali DC,Mbarali,Ihahi,Kibaoni,1,Ilolo 'A',,1.4,0,1,0,6.9,4.6,11.6,229,2,231
Mbeya,Mbarali,Mbarali DC,Mbarali,Ihahi,Kibaoni,2,Ilolo 'B',,0.6,1,0,0,2.0,1.5,3.5,50,4,54
Mbeya,Mbarali,Mbarali DC,Mbarali,Ihahi,Ihahi,3,Lupanga,,0.0,1,0,0,2.0,1.5,3.5,50,4,54
Mbeya,Mbarali,Mbarali DC,Mbarali,Ihahi,Ihahi,4,Mahelela,,5.4,1,0,0,2.0,1.5,3.5,50,4,54
Mbeya,Mbarali,Mbarali DC,Mbarali,Ihahi,Mwaluma,5,Majengo mapya,,0.0,1,0,0,2.0,1.5,3.5,50,4,54
Mbeya,Mbarali,Mbarali DC,Mbarali,Ihahi,Mwaluma,6,Mapogoro,,0.5,1,0,0,2.0,1.5,3.5,50,4,54
Mbeya,Mbarali,Mbarali DC,Mbarali,Ihahi,Ihahi ,7,Mngolongolo,,3.4,0,2,0,9.4,6.3,15.7,310,4,314
Mbeya,Mbarali,Mbarali DC,Mbarali,Igava,Iwalanje,8,Salikova,,11.2,0,1,0,3.0,2.0,5.0,97,3,100
Mbeya,Mbarali,Mbarali DC,Mbarali,Igava,Iwalanje,9,Kinyilongo,,4.8,1,0,0,2.0,1.5,3.5,50,4,54
Mbeya,Mbarali,Mbarali DC,Mbarali,Igava,Iwalanje,10,Mgona,,5.2,1,0,0,2.0,1.5,3.5,50,4,54
Mbeya,Mbarali,Mbarali DC,Mbarali,Igava,Ikanutwa,11,Lyambogolo 'A',,0.0,1,0,0,0.0,0.0,0.0,0,0,0
Mbeya,Mbarali,Mbarali DC,Mbarali,Igava,Ikanutwa,12,Kichanganyi,,0.0,0,2,0,10.5,7.0,17.5,347,3,350
Mbeya,Mbarali,Mbarali DC,Mbarali,Igava,Ikanutwa,13,Nyamajojolo,,4.8,0,2,0,3.3,2.2,5.5,108,2,110
Mbeya,Mbarali,Mbarali DC,Mbarali,Igava,Vikaye,14,Mfwalulenga,,2.5,0,1,0,2.2,1.4,3.6,70,2,72
Mbeya,Mbarali,Mbarali DC,Mbarali,Igava,Vikaye,15,Kipangala,,4.7,0,2,0,6.3,4.2,10.5,204,6,210
Mbeya,Mbarali,Mbarali DC,Mbarali,Igava,Vikaye,16,Ukwava,,2.8,1,0,0,2.0,1.5,3.5,50,4,54
Mbeya,Mbarali,Mbarali DC,Mbarali,Igurusi,Chamoto,17,Godauni,,2.0,0,2,0,6.0,4.0,10.0,198,2,200
Mbeya,Mbarali,Mbarali DC,Mbarali,Igurusi,Chamoto,18,Majimaji,,0.0,0,2,0,6.3,4.2,10.5,209,1,210
Mbeya,Mbarali,Mbarali DC,Mbarali,Igurusi,Chamoto,19,Betania,,0.0,1,0,0,2.5,1.5,4.0,60,4,64
Mbeya,Mbarali,Mbarali DC,Mbarali,Igurusi,Chamoto,20,Mpakani,,0.3,1,0,0,2.5,1.5,4.0,60,4,64
Mbeya,Mbarali,Mbarali DC,Mbarali,Igurusi,Chamoto,21,Mkuyuni,,0.3,1,0,0,2.5,1.5,4.0,60,4,64
Mbeya,Mbarali,Mbarali DC,Mbarali,Igurusi,Runwa,22,Mapunga,,2.3,1,0,0,2.5,1.5,4.0,60,4,64
Mbeya,Mbarali,Mbarali DC,Mbarali,Igurusi,Uhambule,23,Lyovela,,2.9,0,2,0,6.0,4.0,10.0,198,2,200
Mbeya,Mbarali,Mbarali DC,Mbarali,Igurusi,Uhambule,24,Mganga,,3.0,0,2,0,4.5,3.0,7.5,148,2,150
Mbeya,Mbarali,Mbarali DC,Mbarali,Igurusi,Uhambule,25,Mpogoro,,0.6,0,2,0,4.8,3.2,8.0,157,3,160
Mbeya,Mbarali,Mbarali DC,Mbarali,Igurusi,Uhambule,26,Mkwajuni,,1.6,0,2,0,8.4,5.6,14.0,276,4,280
Mbeya,Mbarali,Mbarali DC,Mbarali,Igurusi,Uhambule,27,Gomoshelo,,0.5,0,2,0,8.7,5.8,14.5,286,4,290
Mbeya,Mbarali,Mbarali DC,Mbarali,Igurusi,Uhambule,28,Lyamasoko,,1.7,1,0,0,2.5,1.5,4.0,60,4,64
Mbeya,Mbarali,Mbarali DC,Mbarali,Igurusi,Uhambule,29,Matowo,,2.2,1,0,0,2.5,1.5,4.0,60,4,64
Mbeya,Mbarali,Mbarali DC,Mbarali,Imalilo Songwe,Warumba,30,Kilimatinde,,3.4,1,0,0,1.5,1.5,3.0,45,5,50
Mbeya,Mbarali,Mbarali DC,Mbarali,Imalilo Songwe,Ibumila,31,Mahongole,,0.9,1,0,0,1.2,0.8,2.0,39,1,40
Mbeya,Mbarali,Mbarali DC,Mbarali,Imalilo Songwe,Ibumila,32,Mtakuja,,1.7,1,0,0,2.5,1.5,4.0,60,4,64
Mbeya,Mbarali,Mbarali DC,Mbarali,Imalilo Songwe,Ibumila,33,Mnazi,,0.9,1,0,0,2.5,1.5,4.0,60,4,64
Mbeya,Mbarali,Mbarali DC,Mbarali,Imalilo Songwe,Ibumila,34,Mavumbini,,2.7,1,0,0,2.5,1.5,4.0,60,4,64
Mbeya,Mbarali,Mbarali DC,Mbarali,Imalilo Songwe,Ibumila,35,Chang'ombe,,0.5,1,0,0,2.5,1.5,4.0,60,4,64
Mbeya,Mbarali,Mbarali DC,Mbarali,Imalilo Songwe,Imalilo Songwe,36,Mapinduzi,,1.1,0,2,0,10.8,7.2,18.0,355,5,360
Mbeya,Mbarali,Mbarali DC,Mbarali,Imalilo Songwe,Imalilo Songwe,37,Ujamaa,,3.0,0,1,0,2.1,1.4,3.6,69,2,71
Mbeya,Mbarali,Mbarali DC,Mbarali,Imalilo Songwe,Imalilo Songwe,38,Azimio,,0.0,0,2,0,3.3,2.2,5.5,108,2,110
Mbeya,Mbarali,Mbarali DC,Mbarali,Imalilo Songwe,Imalilo Songwe,39,Madawi,,1.5,1,0,0,2.5,1.5,4.0,60,4,64
Mbeya,Mbarali,Mbarali DC,Mbarali,Imalilo Songwe,Mwanavala,40,Mnazi,,4.3,1,0,0,2.5,1.5,4.0,60,4,64
Mbeya,Mbarali,Mbarali DC,Mbarali,Imalilo Songwe,Mwanavala,41,Chang'ombe,,1.7,1,0,0,2.5,1.5,4.0,60,4,64
Mbeya,Mbarali,Mbarali DC,Mbarali,Imalilo Songwe,Mwanavala,42,Mahango,,1.4,0,2,0,3.7,2.5,6.2,120,3,123
Mbeya,Mbarali,Mbarali DC,Mbarali,Imalilo Songwe,Mwanavala,43,Mapinduzi,,1.7,0,1,0,1.9,1.3,3.2,61,2,63
Mbeya,Mbarali,Mbarali DC,Mbarali,Imalilo Songwe,Mwanavala,44,Mwaniungu,,5.1,1,0,0,1.1,0.7,1.9,35,2,37
Mbeya,Mbarali,Mbarali DC,Mbarali,Imalilo Songwe,Mwanavala,45,Majengo,,4.9,1,0,0,1.3,0.9,2.2,41,2,43
Mbeya,Mbarali,Mbarali DC,Mbarali,Imalilo Songwe,Mwanavala,46,Nyamatorora,,1.7,1,0,0,1.3,0.9,2.2,40,3,43
Mbeya,Mbarali,Mbarali DC,Mbarali,Imalilo Songwe,Urunda,47,Ikingula,,1.3,0,1,0,1.9,1.3,3.2,60,3,63
Mbeya,Mbarali,Mbarali DC,Mbarali,Imalilo Songwe,Urunda,48,Kizota,,2.2,0,1,0,3.0,2.0,5.0,95,5,100
Mbeya,Mbarali,Mbarali DC,Mbarali,Imalilo Songwe,Urunda,49,Ikulu,,0.0,1,0,0,2.5,1.5,4.0,60,4,64
Mbeya,Mbarali,Mbarali DC,Mbarali,Ipwani,Iberege,50,Iberege 'A',,0.0,1,0,0,0.0,0.0,0.0,0,0,0
Mbeya,Mbarali,Mbarali DC,Mbarali,Ipwani,Iberege,51,Iberege 'B',,0.0,1,0,0,0.0,0.0,0.0,0,0,0
Mbeya,Mbarali,Mbarali DC,Mbarali,Ipwani,Iberege,52,Umoja,,0.0,1,0,0,2.0,1.5,3.5,50,4,54
Mbeya,Mbarali,Mbarali DC,Mbarali,Ipwani,Ipwani,53,Lyachoga,,2.3,0,2,0,3.6,2.4,6.0,117,3,120
Mbeya,Mbarali,Mbarali DC,Mbarali,Ipwani,Ipwani,54,Uleling'ombe,,1.6,1,0,0,2.0,1.5,3.5,50,4,54
Mbeya,Mbarali,Mbarali DC,Mbarali,Ipwani,Limseni,55,Ugimbano,,0.4,1,0,0,0.0,0.0,0.0,0,0,0
Mbeya,Mbarali,Mbarali DC,Mbarali,Ipwani,Limseni,56,Ihanga 'A',,0.0,0,1,0,2.7,1.8,4.5,88,2,90
Mbeya,Mbarali,Mbarali DC,Mbarali,Ipwani,Limseni,57,Kinyangesi,,0.3,1,0,0,0.0,0.0,0.0,0,0,0
Mbeya,Mbarali,Mbarali DC,Mbarali,Ipwani,Luwango,58,Luwango mlimani,,0.0,0,2,0,3.6,2.4,6.0,116,4,120
Mbeya,Mbarali,Mbarali DC,Mbarali,Ipwani,Luwango,59,Ukimbo,,0.0,0,1,0,2.4,1.6,4.0,78,2,80
Mbeya,Mbarali,Mbarali DC,Mbarali,Ipwani,Luwango,60,Mlowa,,0.0,1,0,0,2.0,1.5,3.5,50,4,54
Mbeya,Mbarali,Mbarali DC,Mbarali,Ipwani,Luwango,61,Mjombe,,0.0,1,0,0,2.0,1.5,3.5,50,4,54
Mbeya,Mbarali,Mbarali DC,Mbarali,Ipwani,Matemela,62,Itulahenza,,0.0,0,2,0,10.5,7.0,17.5,342,8,350
Mbeya,Mbarali,Mbarali DC,Mbarali,Ipwani,Matemela,63,Malamba,,0.0,1,0,0,0.0,0.0,0.0,0,0,0
Mbeya,Mbarali,Mbarali DC,Mbarali,Ipwani,Matemela,64,Kinyangwila,,7.2,0,1,0,2.1,1.4,3.5,68,2,70
Mbeya,Mbarali,Mbarali DC,Mbarali,Ipwani,Matemela,65,Kigunge,,4.3,0,2,0,4.8,3.2,8.0,156,4,160
Mbeya,Mbarali,Mbarali DC,Mbarali,Itamboleo,Matebete,66,Mapangala,,0.0,0,2,0,8.7,5.8,14.6,290,1,291
Mbeya,Mbarali,Mbarali DC,Mbarali,Itamboleo,Matebete,67,Malenga Makali,,3.4,1,0,0,2.0,1.5,3.5,50,4,54
Mbeya,Mbarali,Mbarali DC,Mbarali,Itamboleo,Matebete,68,Matebete,,3.0,0,1,0,3.0,2.0,5.0,98,2,100
Mbeya,Mbarali,Mbarali DC,Mbarali,Itamboleo,Itamboleo,69,Mapunga,,0.0,1,0,0,2.0,1.5,3.5,50,4,54
Mbeya,Mbarali,Mbarali DC,Mbarali,Itamboleo,Kapunga,70,Mkanada,,4.1,1,0,0,2.0,1.5,3.5,50,4,54
Mbeya,Mbarali,Mbarali DC,Mbarali,Itamboleo,Kapunga,71,Lwanjiri,,6.1,1,0,0,2.0,1.5,3.5,50,4,54
Mbeya,Mbarali,Mbarali DC,Mbarali,Itamboleo,Mbalino,72,Kanisani,,0.0,1,0,0,2.5,1.5,4.0,60,4,64
Mbeya,Mbarali,Mbarali DC,Mbarali,Itamboleo,Mbalino,73,Magangani,,3.8,0,2,0,7.9,5.3,13.2,262,2,264
Mbeya,Mbarali,Mbarali DC,Mbarali,Itamboleo,Mbalino,74,Ilambitali,,2.5,0,2,0,6.3,4.2,10.5,208,2,210
Mbeya,Mbarali,Mbarali DC,Mbarali,Itamboleo,Mbalino,75,Mbuyuni,,4.8,1,0,0,0.0,0.0,0.0,0,0,0
Mbeya,Mbarali,Mbarali DC,Mbarali,Kongolo,Azimio Mapula,76,Mapula,,1.7,0,2,0,8.3,5.6,13.9,275,3,278
Mbeya,Mbarali,Mbarali DC,Mbarali,Kongolo,Azimio Mapula,77,Majojolo,,2.6,1,0,0,2.5,1.5,4.0,60,4,64
Mbeya,Mbarali,Mbarali DC,Mbarali,Kongolo,Mambi,78,Mpeleke,,0.0,1,0,0,2.5,1.5,4.0,60,4,64
Mbeya,Mbarali,Mbarali DC,Mbarali,Kongolo,Mambi,79,Mji mwema,,0.0,1,0,0,2.5,1.5,4.0,60,4,64
Mbeya,Mbarali,Mbarali DC,Mbarali,Kongolo,Mambi,80,Kalanzi,,2.8,1,0,0,2.5,1.5,4.0,60,4,64
Mbeya,Mbarali,Mbarali DC,Mbarali,Kongolo,Mambi,81,Sankweli,,0.0,1,0,0,2.5,1.5,4.0,60,4,64
Mbeya,Mbarali,Mbarali DC,Mbarali,Luhanga,Luhanga,82,Shatanda,,3.0,0,2,0,4.3,2.9,7.2,142,2,144
Mbeya,Mbarali,Mbarali DC,Mbarali,Luhanga,Luhanga,83,Uhando,,0.5,0,2,0,7.2,4.8,12.0,236,3,239
Mbeya,Mbarali,Mbarali DC,Mbarali,Luhanga,Luhanga,84,Igumbilo ,,6.4,0,1,0,2.5,1.7,4.2,83,1,84
Mbeya,Mbarali,Mbarali DC,Mbarali,Luhanga,Luhanga,85,Udimilo,,2.0,0,2,0,7.6,5.1,12.7,250,3,253
Mbeya,Mbarali,Mbarali DC,Mbarali,Luhanga,Luhanga,86,Matota,,3.4,0,2,0,14.8,9.9,24.7,490,4,494
Mbeya,Mbarali,Mbarali DC,Mbarali,Luhanga,Luhanga,87,Mpalamba,,8.0,0,2,0,7.1,4.7,11.8,230,5,235
Mbeya,Mbarali,Mbarali DC,Mbarali,Luhanga,Luhanga,88,Howelo,,4.0,0,1,0,1.7,1.1,2.8,53,2,55
Mbeya,Mbarali,Mbarali DC,Mbarali,Luhanga,Luhanga,89,Mwika,,0.0,0,2,0,13.5,9.0,22.6,446,5,451
Mbeya,Mbarali,Mbarali DC,Mbarali,Luhanga,Luhanga,90,Tambarare,,0.0,0,2,0,3.1,2.1,5.2,103,1,104
Mbeya,Mbarali,Mbarali DC,Mbarali,Luhanga,Luhanga,91,Mwandundumale,,3.1,1,0,0,2.0,1.5,3.5,50,4,54
Mbeya,Mbarali,Mbarali DC,Mbarali,Luhanga,Madundasi,92,Lyanang'o,,4.4,0,2,0,15.0,10.0,25.0,497,3,500
Mbeya,Mbarali,Mbarali DC,Mbarali,Luhanga,Madundasi,93,Matowo,,0.5,0,2,0,9.5,6.3,15.8,313,2,315
Mbeya,Mbarali,Mbarali DC,Mbarali,Luhanga,Madundasi,94,Mwashota,,6.3,0,2,0,12.0,8.0,20.0,394,6,400
Mbeya,Mbarali,Mbarali DC,Mbarali,Luhanga,Madundasi,95,Lyankunda,,7.2,0,2,0,9.0,6.0,15.0,296,4,300
Mbeya,Mbarali,Mbarali DC,Mbarali,Luhanga,Madundasi,96,Mbwawa,,5.1,0,2,0,6.0,4.0,10.0,198,2,200
Mbeya,Mbarali,Mbarali DC,Mbarali,Luhanga,Madundasi,97,Nzawa,,0.0,0,2,0,12.4,8.2,20.6,408,4,412
Mbeya,Mbarali,Mbarali DC,Mbarali,Luhanga,Madundasi,98,Malimbo,,4.1,0,2,0,4.5,3.0,7.5,148,2,150
Mbeya,Mbarali,Mbarali DC,Mbarali,Luhanga,Msanga,99,Isente 'B',,0.0,0,1,0,2.9,2.0,4.9,95,3,98
Mbeya,Mbarali,Mbarali DC,Mbarali,Luhanga,Msanga,100,Mapuli,,2.8,1,0,0,1.2,0.8,2.0,38,2,40
Mbeya,Mbarali,Mbarali DC,Mbarali,Luhanga,Msanga,101,Mitundu,,1.2,0,1,0,2.3,1.5,3.8,74,1,75
Mbeya,Mbarali,Mbarali DC,Mbarali,Luhanga,Msanga,102,Isente 'A',,2.4,0,1,0,2.4,1.6,4.0,78,2,80
Mbeya,Mbarali,Mbarali DC,Mbarali,Luhanga,Msanga,103,Matowo,,1.2,0,1,0,2.4,1.6,4.0,78,2,80
Mbeya,Mbarali,Mbarali DC,Mbarali,Luhanga,Msanga,104,Msanga 'B',,0.0,0,1,0,2.4,1.6,4.0,77,3,80
Mbeya,Mbarali,Mbarali DC,Mbarali,Luhanga,Msanga,105,Lyambogo,,4.9,0,1,0,1.8,1.2,3.0,58,2,60
Mbeya,Mbarali,Mbarali DC,Mbarali,Luhanga,IYala,106,Matono,,0.0,0,2,0,9.3,6.2,15.5,304,6,310
Mbeya,Mbarali,Mbarali DC,Mbarali,Luhanga,IYala,107,Udungusi,,10.0,0,2,0,12.9,8.6,21.5,427,3,430
Mbeya,Mbarali,Mbarali DC,Mbarali,Luhanga,IYala,108,Waninyika,,7.5,0,2,0,12.9,8.6,21.5,425,5,430
Mbeya,Mbarali,Mbarali DC,Mbarali,Luhanga,IYala,109,Ruaha,,4.8,0,2,0,18.0,12.0,30.0,594,6,600
Mbeya,Mbarali,Mbarali DC,Mbarali,Luhanga,IYala,110,Mtakuja,,2.6,0,2,0,9.0,6.0,15.0,297,3,300
Mbeya,Mbarali,Mbarali DC,Mbarali,Luhanga,IYala,111,Mwashikamile,,5.4,0,2,0,18.3,12.2,30.5,607,3,610
Mbeya,Mbarali,Mbarali DC,Mbarali,Mawindi,Itipingi,112,Mjoja,,1.8,0,1,0,2.4,1.6,4.0,78,2,80
Mbeya,Mbarali,Mbarali DC,Mbarali,Mawindi,Itipingi,113,Mahango,,0.0,1,0,0,2.0,1.5,3.5,50,4,54
Mbeya,Mbarali,Mbarali DC,Mbarali,Mawindi,Kangaga,114,Chang'ombe,,3.2,0,2,0,6.0,4.0,10.0,197,3,200
Mbeya,Mbarali,Mbarali DC,Mbarali,Mawindi,Kangaga,115,Nyamahelela,,0.5,0,1,0,2.1,1.4,3.5,68,2,70
Mbeya,Mbarali,Mbarali DC,Mbarali,Mawindi,Kangaga,116,Majombe,,1.0,0,2,0,3.9,2.6,6.5,127,3,130
Mbeya,Mbarali,Mbarali DC,Mbarali,Mawindi,Kangaga,117,Mji mwema,,0.0,1,0,0,0.0,0.0,0.0,0,0,0
Mbeya,Mbarali,Mbarali DC,Mbarali,Mawindi,Manienga,118,Chabegenja,,3.1,1,0,0,1.0,0.6,1.6,30,2,32
Mbeya,Mbarali,Mbarali DC,Mbarali,Mawindi,Mkandami,119,Nyalundung'u,,1.8,0,2,0,7.5,5.0,12.5,244,6,250
Mbeya,Mbarali,Mbarali DC,Mbarali,Mawindi,Isunura,120,Lupululu,,0.0,0,1,0,1.8,1.2,3.0,58,2,60
Mbeya,Mbarali,Mbarali DC,Mbarali,Madibira,Iheha,121,Kinyangulu,,4.6,0,2,0,3.9,2.6,6.6,127,4,131
Mbeya,Mbarali,Mbarali DC,Mbarali,Madibira,Ikoga,122,Mbuyuni,,0.9,0,2,0,4.7,3.1,7.8,152,4,156
Mbeya,Mbarali,Mbarali DC,Mbarali,Madibira,Ikoga,123,Madawi,,0.0,0,1,0,3.0,2.0,5.0,96,4,100
Mbeya,Mbarali,Mbarali DC,Mbarali,Madibira,Mahango-Madibira,124,Mapinduzi,,10.4,0,2,0,15.0,10.0,25.0,484,16,500
Mbeya,Mbarali,Mbarali DC,Mbarali,Madibira,Mahango-Madibira,125,Amani,,5.6,1,0,0,2.5,1.5,4.0,60,4,64
Mbeya,Mbarali,Mbarali DC,Mbarali,Madibira,Mkunywa,126,Mazombe,,2.8,0,1,0,2.5,1.6,4.1,80,2,82
Mbeya,Mbarali,Mbarali DC,Mbarali,Madibira,Mkunywa,127,Kanamalenga,,1.6,0,2,0,6.3,4.2,10.5,205,5,210
Mbeya,Mbarali,Mbarali DC,Mbarali,Madibira,Mkunywa,128,Mlonga,,9.8,0,2,0,6.2,4.1,10.3,200,5,205
Mbeya,Mbarali,Mbarali DC,Mbarali,Madibira,Nyamakuyu,129,Unyanyembe A,,0.0,1,0,0,2.5,1.5,4.0,60,4,64
Mbeya,Mbarali,Mbarali DC,Mbarali,Madibira,Nyakadete,130,Saligoma,,3.1,1,0,0,2.5,1.5,4.0,60,4,64
Mbeya,Mbarali,Mbarali DC,Mbarali,Mahongole,Ilongo,131,Mpakani,,1.0,1,0,0,1.4,0.9,2.4,46,1,47
Mbeya,Mbarali,Mbarali DC,Mbarali,Mahongole,Ilongo,132,Mwafwaka,,0.0,1,0,0,2.5,1.5,4.0,60,4,64
Mbeya,Mbarali,Mbarali DC,Mbarali,Mahongole,Mahongole,133,Mashala ,,2.0,1,0,0,2.5,1.5,4.0,60,4,64
Mbeya,Mbarali,Mbarali DC,Mbarali,Mahongole,Kapyo,134,Mpakani 'A',,0.8,0,2,0,8.3,5.5,13.9,275,2,277
Mbeya,Mbarali,Mbarali DC,Mbarali,Mahongole,Kapyo,135,Kpyo D,,0.0,1,0,0,2.5,1.5,4.0,60,4,64
Mbeya,Mbarali,Mbarali DC,Mbarali,Mahongole,Nsonyanga,136,Mbago,,4.5,0,2,0,3.1,2.1,5.2,103,1,104
Mbeya,Mbarali,Mbarali DC,Mbarali,Mahongole,Nsonyanga,137,Mkoji,,3.3,0,2,0,3.5,2.3,5.8,115,1,116
Mbeya,Mbarali,Mbarali DC,Mbarali,Mahongole,Igalako,138,Mbange,,0.0,0,2,0,13.6,9.1,22.7,450,3,453
Mbeya,Mbarali,Mbarali DC,Mbarali,Mapogoro,Itamba,139,Mtakuja,,0.3,0,2,0,4.8,3.2,8.0,154,6,160
Mbeya,Mbarali,Mbarali DC,Mbarali,Mapogoro,Mtamba,140,Mlangali B,,0.5,1,0,0,2.5,1.5,4.0,60,4,64
Mbeya,Mbarali,Mbarali DC,Mbarali,Mapogoro,Ukwama,141,Idege,,1.2,1,0,0,2.5,1.5,4.0,60,4,64
Mbeya,Mbarali,Mbarali DC,Mbarali,Mapogoro,Ukwavila,142,Ivaji,,5.7,0,2,0,6.9,4.6,11.5,226,4,230
Mbeya,Mbarali,Mbarali DC,Mbarali,Mapogoro,Ukwavila,143,Ifushilo,,2.6,0,2,0,12.6,8.4,21.0,414,6,420
Mbeya,Mbarali,Mbarali DC,Mbarali,Miyombweni,Magigiwe,144,Mkindi 'A',,0.0,0,1,0,2.8,1.8,4.6,90,2,92
Mbeya,Mbarali,Mbarali DC,Mbarali,Miyombweni,Magigiwe,145,Mkindi 'B',,2.0,0,1,0,3.0,2.0,5.0,98,2,100
Mbeya,Mbarali,Mbarali DC,Mbarali,Miyombweni,Magigiwe,146,Mnyelela,,5.3,1,0,0,2.5,1.5,4.0,60,4,64
Mbeya,Mbarali,Mbarali DC,Mbarali,Miyombweni,Mapogoro,147,Mapogoro B,,2.7,1,0,0,2.5,1.5,4.0,60,4,64
Mbeya,Mbarali,Mbarali DC,Mbarali,Miyombweni,Mlungu,148,Mawe saba,,4.6,0,2,0,6.0,4.0,10.0,195,5,200
Mbeya,Mbarali,Mbarali DC,Mbarali,Miyombweni,Mlungu,149,Masangala,,0.8,0,2,0,10.5,7.0,17.5,345,5,350
Mbeya,Mbarali,Mbarali DC,Mbarali,Miyombweni,Nyakazombe,150,Nyakazombe kati,,0.8,0,2,0,3.9,2.6,6.5,127,3,130
Mbeya,Mbarali,Mbarali DC,Mbarali,Miyombweni,Nyakazombe,151,Kinyagulu,,0.9,1,0,0,2.5,1.5,4.0,60,4,64
Mbeya,Mbarali,Mbarali DC,Mbarali,Mwatenga,Kilambo,152,Mkoji,,2.8,0,1,0,2.1,1.4,3.5,67,2,69
Mbeya,Mbarali,Mbarali DC,Mbarali,Mwatenga,Kilambo,153,Dar es Salaam,,2.7,0,1,0,1.6,1.0,2.6,50,2,52
Mbeya,Mbarali,Mbarali DC,Mbarali,Mwatenga,Kilambo,154,Dodoma 'B',,3.0,0,2,0,4.3,2.9,7.2,140,3,143
Mbeya,Mbarali,Mbarali DC,Mbarali,Mwatenga,Kilambo,155,Malama,,0.0,0,1,0,2.6,1.7,4.4,85,2,87
Mbeya,Mbarali,Mbarali DC,Mbarali,Mwatenga,Kilambo,156,Manzega,,6.2,1,0,0,2.5,1.5,4.0,60,4,64
Mbeya,Mbarali,Mbarali DC,Mbarali,Mwatenga,Kilambo,157,Mtemela,,2.4,1,0,0,2.5,1.5,4.0,60,4,64
Mbeya,Mbarali,Mbarali DC,Mbarali,Mwatenga,Mwatenga,158,Mjejele,,0.0,0,1,0,2.9,1.9,4.9,95,2,97
Mbeya,Mbarali,Mbarali DC,Mbarali,Mwatenga,Mwatenga,159,Mdundu,,0.0,0,2,0,3.7,2.4,6.1,120,2,122
Mbeya,Mbarali,Mbarali DC,Mbarali,Mwatenga,Mwatenga,160,Mbuyuni,,0.0,0,2,0,3.9,2.6,6.6,129,2,131
Mbeya,Mbarali,Mbarali DC,Mbarali,Mwatenga,Mwatenga,161,Mayota,,0.0,0,2,0,5.5,3.7,9.2,180,3,183
Mbeya,Mbarali,Mbarali DC,Mbarali,Mwatenga,Mhwela,162,Magereza,,1.2,0,1,0,1.9,1.2,3.1,60,2,62
Mbeya,Mbarali,Mbarali DC,Mbarali,Mwatenga,Mapogoro,163,Mashala ,,4.6,0,1,0,3.0,2.0,5.0,98,1,99
Mbeya,Mbarali,Mbarali DC,Mbarali,Ruiwa,Ijumbi,164,Ishungu,,0.8,0,2,0,1.3,0.8,2.1,40,2,42
Mbeya,Mbarali,Mbarali DC,Mbarali,Ruiwa,Ijumbi,165,Ilanji,,4.2,0,2,0,3.3,2.2,5.6,106,5,111
Mbeya,Mbarali,Mbarali DC,Mbarali,Ruiwa,Malamba,166,Magombole,,3.7,0,2,0,7.7,5.1,12.9,255,2,257
Mbeya,Mbarali,Mbarali DC,Mbarali,Ruiwa,Malamba,167,Majengo,,1.5,0,2,0,3.1,2.0,5.1,100,2,102
Mbeya,Mbarali,Mbarali DC,Mbarali,Ruiwa,Motomoto,168,Tingatinga,,0.0,0,2,0,3.2,2.1,5.4,105,2,107
Mbeya,Mbarali,Mbarali DC,Mbarali,Ruiwa,Motomoto,169,Mwambalisi C,,1.0,1,0,0,2.5,1.5,4.0,60,4,64
Mbeya,Mbarali,Mbarali DC,Mbarali,Ruiwa,Ruiwa,170,Mwamfila,,4.2,1,0,0,2.5,1.5,4.0,60,4,64
Mbeya,Mbarali,Mbarali DC,Mbarali,Ruiwa,Wimba Mahango,171,Ilolo,,0.4,0,2,0,9.1,6.1,15.2,300,3,303
Mbeya,Mbarali,Mbarali DC,Mbarali,Ruiwa,Wimba Mahango,172,Kaninjowo 'A',,0.7,0,2,0,4.0,2.6,6.6,130,2,132
Mbeya,Mbarali,Mbarali DC,Mbarali,Ruiwa,Wimba Mahango,173,Kaninjowo 'B',,3.0,0,2,0,10.7,7.1,17.8,352,4,356
Mbeya,Mbarali,Mbarali DC,Mbarali,Ruiwa,Wimba Mahango,174,Wimba B,,1.3,1,0,0,2.5,1.5,4.0,60,4,64
Mbeya,Mbarali,Mbarali DC,Mbarali,Ruiwa,Udindilwa,175,Mapogoro,,0.6,1,0,0,1.5,1.5,3.0,40,4,44
Mbeya,Mbarali,Mbarali DC,Mbarali,Ruiwa,Udindilwa,176,Maji ya moto,,0.4,1,0,0,1.5,1.5,3.0,40,4,44
Mbeya,Mbarali,Mbarali DC,Mbarali,Ruiwa,Udindilwa,177,Mwanjelwa,,3.4,1,0,0,1.5,1.5,3.0,40,4,44
Mbeya,Mbarali,Mbarali DC,Mbarali,Ruiwa,Udindilwa,178,Kalabure,,1.1,1,0,0,1.5,1.5,3.0,40,4,44
Mbeya,Mbarali,Mbarali DC,Mbarali,Ruiwa,Udindilwa,179,Mbugani,,1.2,1,0,0,1.5,1.5,3.0,40,4,44
Mbeya,Mbarali,Mbarali DC,Mbarali,Ruiwa,Udindilwa,180,Komole,,0.5,1,0,0,1.5,1.5,3.0,40,4,44
Mbeya,Mbarali,Mbarali DC,Mbarali,Ubaruku,Ibohora,181,Miembeni,,0.0,0,2,0,4.5,3.0,7.5,147,3,150
Mbeya,Mbarali,Mbarali DC,Mbarali,Ubaruku,Ibohora,182,Majengo,,1.3,0,1,0,2.1,1.4,3.5,68,2,70
Mbeya,Mbarali,Mbarali DC,Mbarali,Ubaruku,Ibohora,183,Luhanga,,0.0,0,2,0,4.5,3.0,7.5,147,3,150
Mbeya,Mbarali,Mbarali DC,Mbarali,Ubaruku,Mbarali,184,Kifaru,,0.0,1,0,0,2.5,1.5,4.0,60,4,64
Mbeya,Mbarali,Mbarali DC,Mbarali,Ubaruku,Mpakani,185,Majengo,,0.9,0,2,0,12.2,8.1,20.3,400,6,406
Mbeya,Mbarali,Mbarali DC,Mbarali,Utengule Usangu,Mpolo,186,Mahango 'A',,0.0,0,2,0,6.9,4.6,11.5,227,3,230
Mbeya,Mbarali,Mbarali DC,Mbarali,Utengule Usangu,Mpolo,187,Mahango 'C',,2.5,0,2,0,5.7,3.8,9.5,187,3,190
Mbeya,Mbarali,Mbarali DC,Mbarali,Utengule Usangu,Mpolo,188,Ihanga 'A',,0.0,0,2,0,7.5,5.0,12.5,247,3,250
Mbeya,Mbarali,Mbarali DC,Mbarali,Utengule Usangu,Mpolo,189,Ihanga 'B',,0.0,0,2,0,8.4,5.6,14.0,278,2,280
Mbeya,Mbarali,Mbarali DC,Mbarali,Utengule Usangu,Mpolo,190,Ihanga 'C',,0.0,0,2,0,8.7,5.8,14.5,289,1,290
Mbeya,Mbarali,Mbarali DC,Mbarali,Utengule Usangu,Muungano,191,Itambo Mpolo,,3.8,0,2,0,9.3,6.2,15.5,307,3,310
Mbeya,Mbarali,Mbarali DC,Mbarali,Utengule Usangu,Muungano,192,Ugandilwa,,2.2,0,2,0,6.3,4.2,10.5,208,2,210
Mbeya,Mbarali,Mbarali DC,Mbarali,Utengule Usangu,Muungano,193,Senganinjala,,4.3,0,2,0,7.8,5.2,13.0,256,4,260
Mbeya,Mbarali,Mbarali DC,Mbarali,Utengule Usangu,Magulula,194,Muungano,,0.0,0,2,0,7.4,4.9,12.3,242,3,245
Mbeya,Mbarali,Mbarali DC,Mbarali,Utengule Usangu,Magulula,195,Lena - Mtakuja,,0.0,0,2,0,3.8,2.5,6.3,123,3,126
Mbeya,Mbarali,Mbarali DC,Mbarali,Utengule Usangu,Simike,196,Miambeni,,1.3,0,1,0,3.0,2.0,5.0,98,2,100
Mbeya,Mbarali,Mbarali DC,Mbarali,Utengule Usangu,Simike,197,Tengatenga,,1.9,0,2,0,4.7,3.1,7.8,152,3,155
Mbeya,Mbarali,Mbarali DC,Mbarali,Utengule Usangu,Simike,198,Mapula 'A',,1.7,1,0,0,1.0,0.6,1.6,30,2,32
Mbeya,Mbarali,Mbarali DC,Mbarali,Utengule Usangu,Simike,199,Mapula 'B',,2.7,0,1,0,2.8,1.9,4.7,91,2,93
Mbeya,Mbarali,Mbarali DC,Mbarali,Utengule Usangu,Simike,200,Mapululu,,4.8,0,2,0,4.0,2.7,6.7,130,3,133
Mbeya,Mbarali,Mbarali DC,Mbarali,Utengule Usangu,Simike,201,Wambilo,,2.0,1,0,0,2.5,1.5,4.0,60,4,64
Mbeya,Mbarali,Mbarali DC,Mbarali,Utengule Usangu,Utengule Usangu,202,Iduya A,,0.9,0,2,0,7.1,4.7,11.9,235,2,237
Mbeya,Mbarali,Mbarali DC,Mbarali,Utengule Usangu,Utengule Usangu,203,Iduya B,,0.8,0,2,0,8.5,5.6,14.1,280,2,282
Mbeya,Mbarali,Mbarali DC,Mbarali,Utengule Usangu,Utengule Usangu,204,Ujora,,2.4,0,1,0,2.5,2.0,4.5,66,4,70
Mbeya,Mbarali,Mbarali DC,Mbarali,Utengule Usangu,Mahango,205,Majojolo,,0.9,0,1,0,2.5,2.0,4.5,66,4,70
Mbeya,Mbarali,Mbarali DC,Mbarali,Rujewa,Rujewa TC,206,Mogelo,,2.4,1,0,0,1.5,1.0,2.5,49,1,50
Mbeya,Mbarali,Mbarali DC,Mbarali,Rujewa,Rujewa TC,207,Nyaluhanga 'B',,1.5,0,2,0,4.5,3.0,7.5,147,3,150
Mbeya,Mbarali,Mbarali DC,Mbarali,Rujewa,Rujewa TC,208,Nyaluhanga 'A',,3.3,0,1,0,2.5,2.0,4.5,66,4,70
Mbeya,Mbarali,Mbarali DC,Mbarali,Rujewa,Rujewa TC,209,Nyamtowo,,0.0,0,2,0,4.5,3.0,7.5,147,3,150
Mbeya,Mbarali,Mbarali DC,Mbarali,Lugelele,Rujewa TC,210,Mlomboji,,0.0,0,2,0,3.7,2.5,6.2,120,3,123
Mbeya,Mbarali,Mbarali DC,Mbarali,Lugelele,Rujewa TC,211,Maselemo,,2.0,1,0,0,1.5,1.0,2.5,48,2,50
Mbeya,Mbarali,Mbarali DC,Mbarali,Lugelele,Rujewa TC,212,Lyamnyonge,,2.2,0,1,0,1.9,1.2,3.1,60,2,62
Mbeya,Mbarali,Mbarali DC,Mbarali,Lugelele,Rujewa TC,213,Chalihumbi,,4.3,0,1,0,1.6,1.0,2.6,50,2,52
Mbeya,Mbarali,Mbarali DC,Mbarali,Lugelele,Rujewa TC,214,Arusha,,2.3,1,0,0,1.3,0.8,2.1,40,2,42
Mbeya,Mbarali,Mbarali DC,Mbarali,Lugelele,Rujewa TC,215,Mwanza,,3.5,0,1,0,1.6,1.0,2.6,50,2,52
JUMLA NDOGO,,,,,,215,,0.0,452.5,82,225,0,924.9,617.7,"1,542.6","29,109",681,"29,790"
Mbeya,Mbeya,Mbeya DC,Mbeya Vijijini,Tembela,Shibolya,1,Ntojo,,0.8,1,0,0,0.7,0.4,1.1,20,2,22
Mbeya,Mbeya,Mbeya DC,Mbeya Vijijini,Tembela,Shibolya,2,Hasengo,,0.0,0,1,0,2.5,1.6,4.1,80,2,82
Mbeya,Mbeya,Mbeya DC,Mbeya Vijijini,Tembela,Ilembo/ Usafwa,3,Isonso,,2.1,0,1,0,2.3,1.5,3.9,75,2,77
Mbeya,Mbeya,Mbeya DC,Mbeya Vijijini,Maendeleo , Itambalila ,4,Masebe,,0.0,0,2,0,5.5,3.6,9.1,180,2,182
Mbeya,Mbeya,Mbeya DC,Mbeya Vijijini,Maendeleo , Ikhoho ,5, Ileya,,2.7,0,2,0,5.9,4.0,9.9,196,2,198
Mbeya,Mbeya,Mbeya DC,Mbeya Vijijini,Maendeleo , Ikhoho ,6,Isyasya,,0.9,0,2,0,3.6,2.4,6.0,118,2,120
Mbeya,Mbeya,Mbeya DC,Mbeya Vijijini,Maendeleo ,Izumbwe/ Usafwa ,7,Ntewela,,1.5,0,2,0,5.6,3.7,9.3,184,2,186
Mbeya,Mbeya,Mbeya DC,Mbeya Vijijini,Maendeleo ,Usoha Muungano,8,Ipenja,,0.6,0,2,0,5.5,3.6,9.1,180,2,182
Mbeya,Mbeya,Mbeya DC,Mbeya Vijijini,Maendeleo ,Usoha Muungano,9,Namba Moja,,0.7,0,2,0,3.8,2.6,6.4,126,2,128
Mbeya,Mbeya,Mbeya DC,Mbeya Vijijini,Maendeleo ,Usoha Muungano,10,Bondeni,,0.3,0,2,0,4.1,2.7,6.8,134,2,136
Mbeya,Mbeya,Mbeya DC,Mbeya Vijijini,Maendeleo ,Usoha Muungano,11,Njia Panda,,0.3,0,2,0,3.6,2.4,6.0,118,2,120
Mbeya,Mbeya,Mbeya DC,Mbeya Vijijini,Maendeleo ,Usoha Muungano,12,Kibaoni,,1.5,0,2,0,3.7,2.4,6.1,120,2,122
Mbeya,Mbeya,Mbeya DC,Mbeya Vijijini,Ulenje,Mbonile,13,Mwakibete,,0.5,0,1,0,2.3,1.5,3.8,72,3,75
Mbeya,Mbeya,Mbeya DC,Mbeya Vijijini,Ulenje,Wambishe,14,Nsonya,,1.4,0,1,0,2.2,1.4,3.6,70,2,72
Mbeya,Mbeya,Mbeya DC,Mbeya Vijijini,Ulenje,Wambishe,15,Hafurwe,,3.7,0,1,0,2.6,1.7,4.3,84,2,86
Mbeya,Mbeya,Mbeya DC,Mbeya Vijijini,Ulenje,Wambishe,16,Ikulila A,,0.5,0,1,0,2.5,1.5,4.0,90,4,94
Mbeya,Mbeya,Mbeya DC,Mbeya Vijijini,Ulenje,Wambishe,17,Ikulila B,,0.5,0,1,0,2.5,1.5,4.0,90,4,94
Mbeya,Mbeya,Mbeya DC,Mbeya Vijijini,Ulenje,Wambishe,18,Wambishe,,0.9,0,1,0,2.5,1.5,4.0,90,4,94
Mbeya,Mbeya,Mbeya DC,Mbeya Vijijini,Ulenje,Ihango ,19,Togwa,,4.5,0,1,0,1.9,1.2,3.1,60,2,62
Mbeya,Mbeya,Mbeya DC,Mbeya Vijijini,Ulenje,Ihango ,20,Ilembo,,0.0,0,1,0,2.2,1.4,3.6,70,2,72
Mbeya,Mbeya,Mbeya DC,Mbeya Vijijini,Igoma ,Mwanzazi ,21,Lundalawe,,6.0,0,2,0,3.0,2.0,5.1,98,3,101
Mbeya,Mbeya,Mbeya DC,Mbeya Vijijini,Inyala ,Shamwengo,22,Itondwe,,0.0,0,2,0,3.1,2.0,5.1,100,2,102
Mbeya,Mbeya,Mbeya DC,Mbeya Vijijini,Inyala ,Shamwengo,23,Utulivu,,1.5,0,2,0,4.6,3.1,7.7,150,3,153
Mbeya,Mbeya,Mbeya DC,Mbeya Vijijini,Inyala ,Darajani,24,Imezu Mjini,,2.1,0,1,0,2.2,1.4,3.6,70,2,72
Mbeya,Mbeya,Mbeya DC,Mbeya Vijijini,Ilungu,Nyalwela ,25,Ikuha,,3.2,0,1,0,2.8,1.9,4.7,92,2,94
Mbeya,Mbeya,Mbeya DC,Mbeya Vijijini,Ilungu,Nyalwela ,26,Nyalwela,,2.0,0,2,0,3.7,2.5,6.2,120,3,123
Mbeya,Mbeya,Mbeya DC,Mbeya Vijijini,Ilungu,Nyalwela ,27,Itete,,2.6,0,1,0,2.2,1.4,3.6,70,2,72
Mbeya,Mbeya,Mbeya DC,Mbeya Vijijini,Ilungu,Ngole,28,Muungano,,3.4,0,1,0,2.5,1.7,4.2,82,2,84
Mbeya,Mbeya,Mbeya DC,Mbeya Vijijini,Ilungu,Ngole,29, Mwambanga,,1.9,0,1,0,2.8,1.8,4.6,90,2,92
Mbeya,Mbeya,Mbeya DC,Mbeya Vijijini,Ilungu,Ngole,30,Mabande,,0.9,0,1,0,2.5,1.5,4.0,90,4,94
Mbeya,Mbeya,Mbeya DC,Mbeya Vijijini,Ihango,Haporoto,31, Itiliwindi,,0.5,0,1,0,2.6,1.8,4.4,86,2,88
Mbeya,Mbeya,Mbeya DC,Mbeya Vijijini,Ihango,Haporoto,32,Shihokwa,,0.4,0,2,0,3.7,2.4,6.1,120,2,122
Mbeya,Mbeya,Mbeya DC,Mbeya Vijijini,Ihango,Haporoto,33,Mwawayo,,0.5,0,2,0,3.5,2.3,5.9,115,2,117
Mbeya,Mbeya,Mbeya DC,Mbeya Vijijini,Ihango,Haporoto,34,Sokolo,,0.0,0,2,0,4.3,2.9,7.2,140,3,143
Mbeya,Mbeya,Mbeya DC,Mbeya Vijijini,Ihango,Haporoto,35,Iwindi,,6.5,0,1,0,2.5,1.5,4.0,90,4,94
Mbeya,Mbeya,Mbeya DC,Mbeya Vijijini,Ihango,Idimi ,36,Makungulu,,0.9,0,2,0,5.0,3.3,8.4,165,2,167
Mbeya,Mbeya,Mbeya DC,Mbeya Vijijini,Ihango,Idimi ,37,Majengo,,0.8,0,2,0,4.7,3.1,7.8,154,2,156
Mbeya,Mbeya,Mbeya DC,Mbeya Vijijini,Ihango,Idimi ,38,Inyala,,0.8,0,2,0,6.1,4.1,10.2,200,3,203
Mbeya,Mbeya,Mbeya DC,Mbeya Vijijini,Ihango,Idimi ,39,Kidungu,,1.1,0,2,0,3.7,2.5,6.2,120,3,123
Mbeya,Mbeya,Mbeya DC,Mbeya Vijijini,Ihango, Mwabowo,40,Itigi,,0.8,0,2,0,4.6,3.0,7.6,150,2,152
Mbeya,Mbeya,Mbeya DC,Mbeya Vijijini,Ihango, Mwabowo,41,Galilaya,,0.0,0,2,0,4.6,3.0,7.6,150,2,152
Mbeya,Mbeya,Mbeya DC,Mbeya Vijijini,Ihango,Impomu,42,Shiwe,,1.6,0,1,0,2.8,1.9,4.7,90,3,93
Mbeya,Mbeya,Mbeya DC,Mbeya Vijijini,Ihango,Impomu,43,Ilambo,,4.5,0,1,0,2.6,1.7,4.4,85,2,87
Mbeya,Mbeya,Mbeya DC,Mbeya Vijijini,Ihango,Impomu,44,Linga,,0.6,0,1,0,2.2,1.5,3.7,73,1,74
Mbeya,Mbeya,Mbeya DC,Mbeya Vijijini,Ihango,Iwanza,45,Songambele,,0.7,0,2,0,5.5,3.7,9.2,180,4,184
Mbeya,Mbeya,Mbeya DC,Mbeya Vijijini,Ihango,Iwanza,46,Itete ',,5.5,0,2,0,3.0,2.0,5.1,100,1,101
Mbeya,Mbeya,Mbeya DC,Mbeya Vijijini,Ihango,Iwanza,47,Ilolezya,,0.5,0,2,0,3.0,2.0,5.1,100,1,101
Mbeya,Mbeya,Mbeya DC,Mbeya Vijijini,Ihango,Iwanza,48, Itete 'B',,0.5,0,2,0,3.0,2.0,5.1,100,1,101
Mbeya,Mbeya,Mbeya DC,Mbeya Vijijini,Ihango,Ileya,49, Itaka,,0.5,0,2,0,3.2,2.1,5.3,104,2,106
Mbeya,Mbeya,Mbeya DC,Mbeya Vijijini,Ihango,Ileya,50,Uzunguni A,,0.6,0,1,0,3.0,2.0,5.0,98,1,99
Mbeya,Mbeya,Mbeya DC,Mbeya Vijijini,Ihango,Ileya,51,Uzunguni B,,0.4,0,1,0,2.9,1.9,4.8,94,1,95
Mbeya,Mbeya,Mbeya DC,Mbeya Vijijini,Ihango,Ileya,52,Mbeye,,0.0,0,1,0,2.6,1.8,4.4,86,2,88
Mbeya,Mbeya,Mbeya DC,Mbeya Vijijini,Ihango,Ileya,53,Ishinda,,3.9,0,2,0,9.1,6.1,15.2,300,4,304
Mbeya,Mbeya,Mbeya DC,Mbeya Vijijini,Ihango,Ileya,54,Sibempe,,5.4,0,2,0,3.7,2.5,6.2,120,3,123
Mbeya,Mbeya,Mbeya DC,Mbeya Vijijini,Ihango,Ileya,55,Ibomani,,0.7,0,1,0,2.5,1.5,4.0,90,4,94
Mbeya,Mbeya,Mbeya DC,Mbeya Vijijini,Ihango,Ipinda,56,Njenje,,1.4,0,1,0,1.9,1.2,3.1,60,2,62
Mbeya,Mbeya,Mbeya DC,Mbeya Vijijini,Lwanjilo,Lwanjilo,57,Nsalaga,,0.0,0,1,0,2.0,1.3,3.4,65,2,67
Mbeya,Mbeya,Mbeya DC,Mbeya Vijijini,Lwanjilo,Lwanjilo,58,Mbilwa,,3.0,0,1,0,1.6,1.0,2.6,50,2,52
Mbeya,Mbeya,Mbeya DC,Mbeya Vijijini,Ijombe,Iwalanje,59, Ibowola,,2.0,0,1,0,1.7,1.1,2.8,50,5,55
Mbeya,Mbeya,Mbeya DC,Mbeya Vijijini,Ijombe,Iwalanje,60,Isyema,,1.0,0,1,0,1.7,1.1,2.8,50,5,55
Mbeya,Mbeya,Mbeya DC,Mbeya Vijijini,Ijombe,Iwalanje,61,Iwangwa,,1.0,0,1,0,1.7,1.1,2.8,50,5,55
Mbeya,Mbeya,Mbeya DC,Mbeya Vijijini,Ijombe, Nsongwi Mantanji,62,Mpakani,,0.5,0,1,0,2.2,1.5,3.7,72,2,74
Mbeya,Mbeya,Mbeya DC,Mbeya Vijijini,Ijombe,Nsongwi Juu,63,Simambwe,,0.0,0,1,0,2.5,1.5,4.0,90,4,94
Mbeya,Mbeya,Mbeya DC,Mbeya Vijijini,Bonde La Songwe ,Malowe,64, Iwejele,,2.1,0,2,0,14.6,9.7,24.3,480,6,486
Mbeya,Mbeya,Mbeya DC,Mbeya Vijijini,Bonde La Songwe ,Malowe,65,Ujunjulu A,,2.0,0,1,0,1.9,1.3,3.2,62,2,64
Mbeya,Mbeya,Mbeya DC,Mbeya Vijijini,Bonde La Songwe ,Malowe,66,Isenga,,1.5,0,1,0,1.7,1.2,2.9,56,2,58
Mbeya,Mbeya,Mbeya DC,Mbeya Vijijini,Bonde La Songwe ,Malowe,67,Ujunjulu B,,1.5,0,2,0,3.1,2.1,5.2,102,2,104
Mbeya,Mbeya,Mbeya DC,Mbeya Vijijini,Bonde La Songwe ,Malowe,68,Shifingo,,1.4,0,1,0,2.5,1.7,4.2,81,2,83
Mbeya,Mbeya,Mbeya DC,Mbeya Vijijini,Bonde La Songwe ,Malowe,69,Intake,,1.5,0,2,0,3.5,2.4,5.9,116,2,118
Mbeya,Mbeya,Mbeya DC,Mbeya Vijijini,Bonde La Songwe ,Lusungo,70,Manyala,,0.8,0,2,0,3.6,2.4,6.0,118,2,120
Mbeya,Mbeya,Mbeya DC,Mbeya Vijijini,Bonde La Songwe ,Lusungo,71,Indolo,,1.3,0,1,0,2.5,1.7,4.2,81,2,83
Mbeya,Mbeya,Mbeya DC,Mbeya Vijijini,Bonde La Songwe ,Lusungo,72, Lusungo,,1.3,0,2,0,4.6,3.0,7.6,150,2,152
Mbeya,Mbeya,Mbeya DC,Mbeya Vijijini,Bonde La Songwe ,Lusungo,73,Nguvu kazi,,1.3,0,2,0,4.6,3.1,7.7,150,3,153
Mbeya,Mbeya,Mbeya DC,Mbeya Vijijini,Bonde La Songwe ,Lusungo,74,Nsanyila,,0.0,0,1,0,2.5,1.5,4.0,90,4,94
Mbeya,Mbeya,Mbeya DC,Mbeya Vijijini,Bonde La Songwe ,Idiga,75,Kasale,,0.7,0,2,0,3.1,2.0,5.1,100,2,102
Mbeya,Mbeya,Mbeya DC,Mbeya Vijijini,Bonde La Songwe ,Idiga,76,Sigodimwa,,0.8,0,2,0,9.1,6.1,15.2,298,5,303
Mbeya,Mbeya,Mbeya DC,Mbeya Vijijini,Bonde La Songwe ,Idiga,77,Mbale,,1.4,0,2,0,6.0,4.0,10.1,198,3,201
Mbeya,Mbeya,Mbeya DC,Mbeya Vijijini,Bonde La Songwe ,Songwe Viwandani ,78,Kaloleni,,0.0,0,2,0,11.7,7.8,19.5,384,6,390
Mbeya,Mbeya,Mbeya DC,Mbeya Vijijini,Bonde La Songwe ,Songwe Viwandani ,79,Iwejele,,3.5,0,1,0,2.6,1.8,4.4,86,2,88
Mbeya,Mbeya,Mbeya DC,Mbeya Vijijini,Bonde La Songwe ,Ikumbi ,80,Mgowela,,1.3,0,2,0,3.6,2.4,6.0,116,3,119
Mbeya,Mbeya,Mbeya DC,Mbeya Vijijini,Bonde La Songwe ,Ikumbi ,81,Malangali,,0.0,0,2,0,7.2,4.8,12.0,236,4,240
Mbeya,Mbeya,Mbeya DC,Mbeya Vijijini,Mshewe,Mshewe,82,Mpalule,,0.0,0,2,0,6.1,4.1,10.2,200,3,203
Mbeya,Mbeya,Mbeya DC,Mbeya Vijijini,Mshewe,Ilota ,83, Maporomoko,,0.0,0,2,0,3.6,2.4,6.0,116,3,119
Mbeya,Mbeya,Mbeya DC,Mbeya Vijijini,Mshewe,Muvwa ,84,Tononoka,,0.0,0,2,0,3.4,2.3,5.7,110,4,114
Mbeya,Mbeya,Mbeya DC,Mbeya Vijijini,Mshewe,Njelenje,85, Njela,,0.0,0,2,0,3.7,2.5,6.2,120,3,123
Mbeya,Mbeya,Mbeya DC,Mbeya Vijijini,Mshewe,Njelenje,86,Iwola,,5.0,1,0,0,0.6,0.4,1.1,20,1,21
Mbeya,Mbeya,Mbeya DC,Mbeya Vijijini,Mshewe,Njelenje,87,Ileya,,5.2,0,1,0,2.5,1.5,4.0,90,4,94
Mbeya,Mbeya,Mbeya DC,Mbeya Vijijini,Mshewe,Mapogoro,88, Forest,,0.0,0,1,0,2.5,1.6,4.1,80,2,82
Mbeya,Mbeya,Mbeya DC,Mbeya Vijijini,Mjele, Ipwizi,89,Ngelela,,0.0,1,0,0,1.3,0.8,2.1,40,2,42
Mbeya,Mbeya,Mbeya DC,Mbeya Vijijini,Mjele, Ipwizi,90,Ipwizi juu,,0.0,1,0,0,1.0,0.6,1.6,30,2,32
Mbeya,Mbeya,Mbeya DC,Mbeya Vijijini,Mjele, Ipwizi,91,Ipwizi kati,,1.5,1,0,0,0.8,0.5,1.4,25,2,27
Mbeya,Mbeya,Mbeya DC,Mbeya Vijijini,Mjele, Ipwizi,92,Mapogoro,,1.6,0,1,0,2.5,1.5,4.0,90,4,94
Mbeya,Mbeya,Mbeya DC,Mbeya Vijijini,Mjele, Ipwizi,93,Nindo,,1.2,0,1,0,2.5,1.5,4.0,90,4,94
Mbeya,Mbeya,Mbeya DC,Mbeya Vijijini,Mjele, Ipwizi,94,Malwilo,,1.6,0,1,0,2.5,1.5,4.0,90,4,94
Mbeya,Mbeya,Mbeya DC,Mbeya Vijijini,Mjele,Chang'ombe,95,Ndowela,,1.3,0,1,0,1.9,1.2,3.1,60,2,62
Mbeya,Mbeya,Mbeya DC,Mbeya Vijijini,Mjele,Mjele,96,Mtakuja,,0.0,0,1,0,2.5,1.5,4.0,90,4,94
Mbeya,Mbeya,Mbeya DC,Mbeya Vijijini,Mjele,Mjele,97,Mayela,,1.7,1,0,0,0.6,0.4,1.1,20,1,21
Mbeya,Mbeya,Mbeya DC,Mbeya Vijijini,Mjele,Mjele,98,Ilangali,,2.2,1,0,0,0.6,0.4,1.1,20,1,21
Mbeya,Mbeya,Mbeya DC,Mbeya Vijijini,Mjele,Mjele,99,Kitusi,,1.9,0,2,0,4.6,3.1,7.7,150,3,153
Mbeya,Mbeya,Mbeya DC,Mbeya Vijijini,Mjele,Mjele,100,Iyanga,,4.6,0,2,0,3.7,2.4,6.1,120,2,122
Mbeya,Mbeya,Mbeya DC,Mbeya Vijijini,Ikukwa,Ikukwa,101,453 Jua kali,,0.7,0,2,0,7.5,5.0,12.5,248,2,250
Mbeya,Mbeya,Mbeya DC,Mbeya Vijijini,Ikukwa,Ikukwa,102,454 Kariakoo,,0.3,0,1,0,1.7,1.1,2.8,50,5,55
Mbeya,Mbeya,Mbeya DC,Mbeya Vijijini,Ikukwa,Ikukwa,103,455 Mdonya,,0.0,0,1,0,2.9,1.9,4.8,94,2,96
Mbeya,Mbeya,Mbeya DC,Mbeya Vijijini,Ikukwa,Ikukwa,104, Kiwanja,,0.0,0,2,0,7.7,5.1,12.8,254,2,256
Mbeya,Mbeya,Mbeya DC,Mbeya Vijijini,Ikukwa,Ikukwa,105,Unguja,,0.0,0,1,0,2.8,1.9,4.7,92,2,94
Mbeya,Mbeya,Mbeya DC,Mbeya Vijijini,Ikukwa,Ikukwa,106,Mbuwi,,0.3,0,1,0,2.7,1.8,4.5,88,2,90
Mbeya,Mbeya,Mbeya DC,Mbeya Vijijini,Ikukwa,Ikukwa,107,Ukwaheri,,0.6,0,1,0,3.0,2.0,5.0,98,2,100
Mbeya,Mbeya,Mbeya DC,Mbeya Vijijini,Ikukwa,Simboya,108,Magomeni,,0.0,0,2,0,8.5,5.6,14.1,280,2,282
Mbeya,Mbeya,Mbeya DC,Mbeya Vijijini,Ikukwa,Simboya,109,Manzese,,0.2,0,2,0,9.1,6.0,15.1,300,2,302
Mbeya,Mbeya,Mbeya DC,Mbeya Vijijini,Ikukwa,Simboya,110,Ostabay,,0.5,0,2,0,4.6,3.0,7.6,150,2,152
Mbeya,Mbeya,Mbeya DC,Mbeya Vijijini,Ikukwa,Simboya,111,Kulasini,,0.5,0,2,0,4.6,3.0,7.6,150,2,152
Mbeya,Mbeya,Mbeya DC,Mbeya Vijijini,Ikukwa,Simboya,112,Maji moto,,0.6,0,2,0,4.6,3.1,7.7,150,4,154
Mbeya,Mbeya,Mbeya DC,Mbeya Vijijini,Ikukwa,Simboya,113,Wanga,,1.0,0,2,0,3.1,2.1,5.2,100,3,103
Mbeya,Mbeya,Mbeya DC,Mbeya Vijijini,Ikukwa,Simboya,114,Simboya,,0.5,0,2,0,9.4,6.2,15.6,310,2,312
Mbeya,Mbeya,Mbeya DC,Mbeya Vijijini,Ikukwa,Simboya,115,Itombi,,4.5,0,1,0,1.7,1.1,2.8,50,5,55
Mbeya,Mbeya,Mbeya DC,Mbeya Vijijini,Igale ,Shongo,116,Nkuyu,,0.0,0,2,0,5.7,3.8,9.5,186,3,189
Mbeya,Mbeya,Mbeya DC,Mbeya Vijijini,Igale ,Shongo,117, Mbushi,,0.7,0,2,0,3.7,2.4,6.1,120,2,122
Mbeya,Mbeya,Mbeya DC,Mbeya Vijijini,Igale ,Shongo,118,Ikeja,,3.0,0,1,0,1.7,1.2,2.9,56,2,58
Mbeya,Mbeya,Mbeya DC,Mbeya Vijijini,Igale ,Shongo,119, Kawetele,,1.6,0,1,0,3.0,2.0,5.0,98,2,100
Mbeya,Mbeya,Mbeya DC,Mbeya Vijijini,Igale ,Shongo,120,Matula,,0.0,0,2,0,3.4,2.2,5.6,110,2,112
Mbeya,Mbeya,Mbeya DC,Mbeya Vijijini,Igale ,Igale,121,Itete,,1.3,0,1,0,1.7,1.2,2.9,56,2,58
Mbeya,Mbeya,Mbeya DC,Mbeya Vijijini,Igale ,Igale,122,Isyesye,,0.8,0,2,0,5.7,3.8,9.5,186,3,189
Mbeya,Mbeya,Mbeya DC,Mbeya Vijijini,Igale ,Igale,123,Ihova,,3.3,0,1,0,2.9,1.9,4.8,94,2,96
Mbeya,Mbeya,Mbeya DC,Mbeya Vijijini,Igale ,Igale,124,Ilindi,,1.7,0,1,0,2.7,1.8,4.5,88,2,90
Mbeya,Mbeya,Mbeya DC,Mbeya Vijijini,Igale ,Igale,125,Ipembati,,1.9,0,2,0,3.2,2.1,5.3,104,2,106
Mbeya,Mbeya,Mbeya DC,Mbeya Vijijini,Igale ,Igale,126,Ing'oli,,1.0,0,1,0,3.0,2.0,5.0,98,2,100
Mbeya,Mbeya,Mbeya DC,Mbeya Vijijini,Igale ,Igale,127,Isonso,,0.7,0,1,0,2.7,1.8,4.5,87,2,89
Mbeya,Mbeya,Mbeya DC,Mbeya Vijijini,Igale ,Horongo,128,Isusa,,1.1,0,2,0,5.5,3.7,9.2,180,3,183
Mbeya,Mbeya,Mbeya DC,Mbeya Vijijini,Igale ,Horongo,129,Ileya,,0.6,0,1,0,2.6,1.7,4.3,84,2,86
Mbeya,Mbeya,Mbeya DC,Mbeya Vijijini,Igale ,Horongo,130,Laini,,0.0,0,2,0,4.6,3.1,7.7,150,3,153
Mbeya,Mbeya,Mbeya DC,Mbeya Vijijini,Igale ,Horongo,131,Ibolelo,,1.1,0,1,0,3.0,2.0,5.0,98,2,100
Mbeya,Mbeya,Mbeya DC,Mbeya Vijijini,Igale ,Horongo,132,Lutali,,1.7,0,2,0,5.3,3.5,8.8,172,3,175
Mbeya,Mbeya,Mbeya DC,Mbeya Vijijini,Igale ,Horongo,133,Nsongole,,2.3,0,1,0,3.0,2.0,5.0,96,3,99
Mbeya,Mbeya,Mbeya DC,Mbeya Vijijini,Igale ,Horongo,134, Njombo,,1.9,0,2,0,3.2,2.1,5.4,104,3,107
Mbeya,Mbeya,Mbeya DC,Mbeya Vijijini,Igale ,Izumbwe,135,Mlima Baruti,,0.0,0,1,0,2.5,1.7,4.2,81,3,84
Mbeya,Mbeya,Mbeya DC,Mbeya Vijijini,Igale ,Izumbwe,136,Nyula,,2.2,0,2,0,8.8,5.8,14.6,288,4,292
Mbeya,Mbeya,Mbeya DC,Mbeya Vijijini,Igale ,Izumbwe,137,Kiwiga,,1.0,0,1,0,2.5,1.5,4.0,90,4,94
Mbeya,Mbeya,Mbeya DC,Mbeya Vijijini,Igale ,Izumbwe,138,Luzwizi,,0.7,0,1,0,2.5,1.5,4.0,90,4,94
Mbeya,Mbeya,Mbeya DC,Mbeya Vijijini,Igale ,Izumbwe,139,Mwashala,,1.0,0,1,0,2.5,1.5,4.0,90,4,94
Mbeya,Mbeya,Mbeya DC,Mbeya Vijijini,Igale ,Izumbwe,140,Lusungo,,1.0,0,1,0,2.5,1.5,4.0,90,4,94
Mbeya,Mbeya,Mbeya DC,Mbeya Vijijini,Igale ,Izumbwe,141,Itala,,0.0,0,1,0,2.5,1.5,4.0,90,4,94
Mbeya,Mbeya,Mbeya DC,Mbeya Vijijini,Igale ,Itaga,142, Mpongota,,1.5,0,1,0,2.1,1.4,3.5,68,2,70
Mbeya,Mbeya,Mbeya DC,Mbeya Vijijini,Igale ,Itaga,143,Izuo,,1.7,1,0,0,1.4,1.0,2.4,46,2,48
Mbeya,Mbeya,Mbeya DC,Mbeya Vijijini,Swaya,Swaya,144,Shilongo,,0.0,0,1,0,2.7,1.8,4.5,88,2,90
Mbeya,Mbeya,Mbeya DC,Mbeya Vijijini,Swaya,Swaya,145,MwanTanga,,1.3,0,1,0,2.9,1.9,4.8,94,2,96
Mbeya,Mbeya,Mbeya DC,Mbeya Vijijini,Swaya,Swaya,146,Ilungu,,1.2,0,1,0,1.9,1.2,3.1,60,2,62
Mbeya,Mbeya,Mbeya DC,Mbeya Vijijini,Swaya,Swaya,147,Mpejele,,1.6,0,1,0,2.6,1.7,4.4,85,2,87
Mbeya,Mbeya,Mbeya DC,Mbeya Vijijini,Swaya,Swaya,148, Igawilo,,1.3,0,1,0,2.2,1.5,3.7,72,2,74
Mbeya,Mbeya,Mbeya DC,Mbeya Vijijini,Swaya,Swaya,149, Hapyo,,1.0,0,1,0,2.0,1.3,3.4,65,2,67
Mbeya,Mbeya,Mbeya DC,Mbeya Vijijini,Swaya,Swaya,150,Mwankobo,,1.4,0,1,0,1.7,1.2,2.9,56,2,58
Mbeya,Mbeya,Mbeya DC,Mbeya Vijijini,Swaya,Swaya,151,Idunda,,2.3,0,1,0,2.5,1.5,4.0,90,4,94
Mbeya,Mbeya,Mbeya DC,Mbeya Vijijini,Swaya,Nsenga,152,Iduda,,1.6,0,1,0,2.5,1.5,4.0,90,4,94
Mbeya,Mbeya,Mbeya DC,Mbeya Vijijini,Swaya,Nsenga,153,Ibowola,,1.7,0,1,0,1.7,1.1,2.8,54,2,56
Mbeya,Mbeya,Mbeya DC,Mbeya Vijijini,Swaya,Nsenga,154,Masyeto,,1.0,0,1,0,2.0,1.3,3.4,65,2,67
Mbeya,Mbeya,Mbeya DC,Mbeya Vijijini,Swaya,Nsenga,155,Masoko,,0.8,0,1,0,2.3,1.5,3.8,74,2,76
Mbeya,Mbeya,Mbeya DC,Mbeya Vijijini,Swaya,Nsenga,156,Majembe,,1.0,0,1,0,1.6,1.0,2.6,50,2,52
Mbeya,Mbeya,Mbeya DC,Mbeya Vijijini,Swaya,Nsenga,157,Ilangale,,0.5,0,1,0,1.9,1.3,3.2,62,2,64
Mbeya,Mbeya,Mbeya DC,Mbeya Vijijini,Swaya,Nsenga,158,Itali,,2.9,0,1,0,2.5,1.6,4.1,80,2,82
Mbeya,Mbeya,Mbeya DC,Mbeya Vijijini,Swaya,Nsenga,159,Honde,,1.0,0,1,0,1.7,1.1,2.9,55,2,57
Mbeya,Mbeya,Mbeya DC,Mbeya Vijijini,Swaya,Lupeta ,160,Ibanga,,1.6,0,1,0,2.0,1.4,3.4,66,2,68
Mbeya,Mbeya,Mbeya DC,Mbeya Vijijini,Swaya,Lupeta ,161,Lupeta,,0.0,0,1,0,2.2,1.4,3.6,70,2,72
Mbeya,Mbeya,Mbeya DC,Mbeya Vijijini,Swaya,Lupeta ,162,Nyina,,0.0,0,1,0,2.8,1.9,4.7,92,2,94
Mbeya,Mbeya,Mbeya DC,Mbeya Vijijini,Swaya,Wimba,163,Isasa,,1.3,0,1,0,2.7,1.8,4.5,88,2,90
Mbeya,Mbeya,Mbeya DC,Mbeya Vijijini,Swaya,Wimba,164,Mwatamali,,1.5,0,1,0,2.3,1.5,3.9,75,2,77
Mbeya,Mbeya,Mbeya DC,Mbeya Vijijini,Swaya,Wimba,165,Igala,,1.7,0,1,0,2.3,1.5,3.9,75,2,77
Mbeya,Mbeya,Mbeya DC,Mbeya Vijijini,Swaya,Wimba,166,Ibena,,1.6,0,1,0,2.5,1.6,4.1,80,2,82
Mbeya,Mbeya,Mbeya DC,Mbeya Vijijini,Iwindi ,Iwindi,167,Igawilo,,0.0,0,2,0,7.7,5.1,12.9,254,3,257
Mbeya,Mbeya,Mbeya DC,Mbeya Vijijini,Iwindi ,Iwindi,168,547 Nshala,,1.6,0,2,0,3.4,2.3,5.7,110,3,113
Mbeya,Mbeya,Mbeya DC,Mbeya Vijijini,Iwindi ,Iwindi,169,Ihobha,,1.8,0,1,0,2.5,1.5,4.0,90,4,94
Mbeya,Mbeya,Mbeya DC,Mbeya Vijijini,Iwindi ,Maganjo ,170,Mbilwa,,2.4,0,1,0,3.0,2.0,5.0,98,2,100
Mbeya,Mbeya,Mbeya DC,Mbeya Vijijini,Iwindi ,Maganjo ,171,Makatani,,1.0,0,1,0,2.6,1.8,4.4,86,2,88
Mbeya,Mbeya,Mbeya DC,Mbeya Vijijini,Iwindi ,Igonyamu ,172,Sahandeshi,,1.0,0,1,0,2.5,1.5,4.0,90,4,94
Mbeya,Mbeya,Mbeya DC,Mbeya Vijijini,Iwindi ,Igonyamu ,173,Nsalafu,,0.8,0,1,0,2.5,1.5,4.0,90,4,94
Mbeya,Mbeya,Mbeya DC,Mbeya Vijijini,Iwindi ,Igonyamu ,174,Igonyamu,,2.0,0,1,0,2.8,1.8,4.6,90,2,92
Mbeya,Mbeya,Mbeya DC,Mbeya Vijijini,Iwindi ,Igonyamu ,175,Mazoha,,0.3,0,1,0,2.7,1.8,4.5,88,2,90
Mbeya,Mbeya,Mbeya DC,Mbeya Vijijini,Iwindi ,Igonyamu ,176,Nsega,,2.5,0,1,0,2.4,1.6,4.0,78,2,80
Mbeya,Mbeya,Mbeya DC,Mbeya Vijijini,Iwindi ,Mwampalala,177, Sibudwa,,1.9,0,1,0,2.7,1.8,4.6,89,2,91
Mbeya,Mbeya,Mbeya DC,Mbeya Vijijini,Iwindi ,Mwampalala,178,Iwuzi,,1.0,0,1,0,2.6,1.7,4.3,84,2,86
Mbeya,Mbeya,Mbeya DC,Mbeya Vijijini,Iwindi ,Mwampalala,179,Majengo,,1.6,1,0,0,1.5,1.0,2.5,48,2,50
Mbeya,Mbeya,Mbeya DC,Mbeya Vijijini,Iwindi ,Mwampalala,180,Lusungo,,1.0,0,1,0,2.2,1.5,3.7,72,2,74
Mbeya,Mbeya,Mbeya DC,Mbeya Vijijini,Iwindi ,Itimu ,181,Igombe,,2.2,1,0,0,1.5,1.0,2.5,48,2,50
Mbeya,Mbeya,Mbeya DC,Mbeya Vijijini,Iwindi ,Mwaselela,182,Isanga B,,1.7,0,1,0,1.7,1.1,2.9,55,2,57
Mbeya,Mbeya,Mbeya DC,Mbeya Vijijini,Iwindi ,Mwaselela,183, Shizi,,1.4,0,1,0,2.0,1.4,3.4,65,3,68
Mbeya,Mbeya,Mbeya DC,Mbeya Vijijini,Iwindi ,Mwashiwawala,184,Mina,,2.2,0,2,0,6.7,4.5,11.2,220,4,224
Mbeya,Mbeya,Mbeya DC,Mbeya Vijijini,Iwindi ,Mwashiwawala,185,Lusungo,,1.4,0,2,0,7.0,4.7,11.7,230,3,233
Mbeya,Mbeya,Mbeya DC,Mbeya Vijijini,Iwindi ,Isangala,186, Nzinga,,0.8,0,2,0,4.4,2.9,7.3,142,3,145
Mbeya,Mbeya,Mbeya DC,Mbeya Vijijini,Iwindi ,Isangala,187,Madindika,,1.0,1,0,0,0.1,0.1,0.2,3,,3
Mbeya,Mbeya,Mbeya DC,Mbeya Vijijini,Iwindi ,Isangala,188,Igagu,,1.0,0,2,0,5.0,3.3,8.3,162,4,166
Mbeya,Mbeya,Mbeya DC,Mbeya Vijijini,Iwindi ,Nsambya ,189,Ilindi A,,1.6,0,1,0,1.7,1.1,2.9,55,2,57
Mbeya,Mbeya,Mbeya DC,Mbeya Vijijini,Iwindi ,Nsambya ,190,Ilindi B,,1.0,0,2,0,4.0,2.7,6.7,130,4,134
Mbeya,Mbeya,Mbeya DC,Mbeya Vijijini,Iwindi ,Inolo,191, Iduji,,1.7,0,1,0,1.5,1.0,2.6,50,1,51
Mbeya,Mbeya,Mbeya DC,Mbeya Vijijini,Iwindi ,Inolo,192, Kasalia,,0.0,1,0,0,1.4,0.9,2.4,46,1,47
Mbeya,Mbeya,Mbeya DC,Mbeya Vijijini,Ilembo,Ilembo,193,Ijembe,,0.0,0,1,0,2.6,1.7,4.4,85,2,87
Mbeya,Mbeya,Mbeya DC,Mbeya Vijijini,Ilembo,Dimbwe,194,Isumbi,,0.0,0,1,0,2.0,1.3,3.4,66,1,67
Mbeya,Mbeya,Mbeya DC,Mbeya Vijijini,Ilembo,Dimbwe,195,Sheyo,,2.0,0,1,0,1.7,1.1,2.8,54,1,55
Mbeya,Mbeya,Mbeya DC,Mbeya Vijijini,Ilembo,Mwala ,196, Iyuli,,2.0,0,1,0,1.6,1.0,2.6,51,1,52
Mbeya,Mbeya,Mbeya DC,Mbeya Vijijini,Ilembo,Mwala ,197,Pikwi,,3.9,0,1,0,2.0,1.3,3.3,64,1,65
Mbeya,Mbeya,Mbeya DC,Mbeya Vijijini,Ilembo,Mwala ,198,Halonje,,0.9,0,1,0,1.7,1.2,2.9,57,1,58
Mbeya,Mbeya,Mbeya DC,Mbeya Vijijini,Ilembo,Mwala ,199, Iringa,,0.4,0,1,0,2.3,1.5,3.8,74,2,76
Mbeya,Mbeya,Mbeya DC,Mbeya Vijijini,Ilembo,Mwala ,200, Ndanga,,0.6,0,1,0,2.5,1.7,4.2,81,2,83
Mbeya,Mbeya,Mbeya DC,Mbeya Vijijini,Ilembo,Mwala ,201,Isyasya,,2.0,0,1,0,2.8,1.8,4.6,90,2,92
Mbeya,Mbeya,Mbeya DC,Mbeya Vijijini,Ilembo,Mbawi ,202, Isela,,1.0,0,1,0,2.3,1.6,3.9,76,2,78
Mbeya,Mbeya,Mbeya DC,Mbeya Vijijini,Ilembo,Mbawi ,203,Igamba,,2.0,0,1,0,2.7,1.8,4.6,89,2,91
Mbeya,Mbeya,Mbeya DC,Mbeya Vijijini,Ilembo,Mbagala,204,Iwonde,,0.0,0,1,0,2.1,1.4,3.6,70,1,71
Mbeya,Mbeya,Mbeya DC,Mbeya Vijijini,Ilembo,Mbagala,205, Ujunjulu,,1.5,0,1,0,1.8,1.2,3.1,60,1,61
Mbeya,Mbeya,Mbeya DC,Mbeya Vijijini,Ilembo,Mbagala,206, Itewe,,0.0,0,1,0,1.7,1.1,2.8,55,1,56
Mbeya,Mbeya,Mbeya DC,Mbeya Vijijini,Ilembo,Iyunga ,207, Mbozi,,0.0,0,1,0,2.6,1.7,4.3,84,2,86
Mbeya,Mbeya,Mbeya DC,Mbeya Vijijini,Ilembo,Iyunga ,208,"Iyunga ""B""",,0.0,0,1,0,1.7,1.2,2.9,57,1,58
Mbeya,Mbeya,Mbeya DC,Mbeya Vijijini,Ilembo,Shigamba II ,209, Mpaza,,0.0,0,1,0,1.9,1.3,3.2,62,1,63
Mbeya,Mbeya,Mbeya DC,Mbeya Vijijini,Ilembo,Mwakasita,210,Ng'ambi,,1.5,0,1,0,2.6,1.7,4.3,84,2,86
Mbeya,Mbeya,Mbeya DC,Mbeya Vijijini,Ilembo,Mwakasita,211,Mantenga,,0.7,0,1,0,2.1,1.4,3.5,68,2,70
Mbeya,Mbeya,Mbeya DC,Mbeya Vijijini,Ilembo,Shilanga ,212,Luswaya,,3.2,0,1,0,2.8,1.9,4.7,92,2,94
Mbeya,Mbeya,Mbeya DC,Mbeya Vijijini,Ilembo,Shilanga ,213,Mwanda,,0.7,0,1,0,2.1,1.4,3.5,68,2,70
Mbeya,Mbeya,Mbeya DC,Mbeya Vijijini,Ilembo,Shilanga ,214,Itigi,,0.0,0,1,0,2.5,1.7,4.2,82,2,84
Mbeya,Mbeya,Mbeya DC,Mbeya Vijijini,Shizuvi ,Shisyete,215,Mabeya,,0.9,0,1,0,2.0,1.4,3.4,66,2,68
Mbeya,Mbeya,Mbeya DC,Mbeya Vijijini,Shizuvi ,Shisyete,216,Shisyete,,0.0,0,2,0,3.5,2.3,5.8,114,2,116
Mbeya,Mbeya,Mbeya DC,Mbeya Vijijini,Shizuvi ,Shisyete,217,Mbande,,1.8,0,1,0,1.7,1.1,2.8,55,1,56
Mbeya,Mbeya,Mbeya DC,Mbeya Vijijini,Shizuvi ,Isonso ,218,Mabata,,3.3,0,1,0,1.9,1.3,3.2,63,1,64
Mbeya,Mbeya,Mbeya DC,Mbeya Vijijini,Shizuvi ,Isonso ,219,Mkumbi,,0.0,0,2,0,3.5,2.3,5.9,115,2,117
Mbeya,Mbeya,Mbeya DC,Mbeya Vijijini,Shizuvi ,Isonso ,220,Magambo,,2.0,0,1,0,1.6,1.1,2.7,52,1,53
Mbeya,Mbeya,Mbeya DC,Mbeya Vijijini,Shizuvi ,Inyala Ilembo,221,Shipi,,0.0,0,1,0,1.8,1.2,3.0,58,1,59
Mbeya,Mbeya,Mbeya DC,Mbeya Vijijini,Shizuvi ,Inyala Ilembo,222,Ilindi,,1.0,0,1,0,1.7,1.1,2.9,56,1,57
Mbeya,Mbeya,Mbeya DC,Mbeya Vijijini,Shizuvi ,Inyala Ilembo,223,Tunduma,,0.0,0,1,0,2.3,1.5,3.9,75,2,77
Mbeya,Mbeya,Mbeya DC,Mbeya Vijijini,Shizuvi ,Inyala Ilembo,224,Ilambalala,,1.1,0,1,0,1.8,1.2,3.1,60,1,61
Mbeya,Mbeya,Mbeya DC,Mbeya Vijijini,Shizuvi ,Inyala Ilembo,225, Neema A,,0.6,0,1,0,1.7,1.1,2.8,55,1,56
Mbeya,Mbeya,Mbeya DC,Mbeya Vijijini,Shizuvi ,Inyala Ilembo,226,Neema Baptisti,,0.9,0,1,0,1.9,1.3,3.2,62,1,63
Mbeya,Mbeya,Mbeya DC,Mbeya Vijijini,Shizuvi ,Inyala Ilembo,227,Uwanjani,,1.3,0,1,0,2.6,1.7,4.3,84,2,86
Mbeya,Mbeya,Mbeya DC,Mbeya Vijijini,Shizuvi ,Inyala Ilembo,228,Moroviani,,1.0,0,1,0,2.2,1.4,3.6,71,1,72
Mbeya,Mbeya,Mbeya DC,Mbeya Vijijini,Masoko,Mumba,229,Mumba,,1.0,0,1,0,2.8,1.8,4.6,90,2,92
Mbeya,Mbeya,Mbeya DC,Mbeya Vijijini,Masoko,Mumba,230,Motomoto,,1.1,0,1,0,2.3,1.6,3.9,76,2,78
Mbeya,Mbeya,Mbeya DC,Mbeya Vijijini,Masoko,Mumba,231,Songambele,,1.6,0,1,0,2.7,1.8,4.5,88,2,90
Mbeya,Mbeya,Mbeya DC,Mbeya Vijijini,Masoko,Masoko,232,Mapinduzi,,1.5,0,2,0,6.6,4.4,11.0,215,4,219
Mbeya,Mbeya,Mbeya DC,Mbeya Vijijini,Masoko,Masoko,233,Sasyaka,,0.7,0,2,0,4.1,2.7,6.8,133,3,136
Mbeya,Mbeya,Mbeya DC,Mbeya Vijijini,Masoko,Masoko,234, Iwanga,,0.0,0,1,0,2.6,1.7,4.3,84,2,86
Mbeya,Mbeya,Mbeya DC,Mbeya Vijijini,Masoko,Masoko,235,Hezya,,0.0,0,1,0,2.4,1.6,4.1,79,2,81
Mbeya,Mbeya,Mbeya DC,Mbeya Vijijini,Masoko,Ilomba ,236, Masebe,,1.0,0,1,0,2.6,1.7,4.4,85,2,87
Mbeya,Mbeya,Mbeya DC,Mbeya Vijijini,Iwiji, Iwiji,237,Ntinga,,3.0,0,1,0,2.4,1.6,4.0,78,2,80
Mbeya,Mbeya,Mbeya DC,Mbeya Vijijini,Iwiji, Iwiji,238,Soweto,,2.5,0,2,0,3.7,2.5,6.2,120,3,123
Mbeya,Mbeya,Mbeya DC,Mbeya Vijijini,Iwiji, Iwiji,239,Mtukula,,1.0,0,1,0,2.5,1.6,4.1,80,2,82
Mbeya,Mbeya,Mbeya DC,Mbeya Vijijini,Iwiji,Isende ,240,Nachingwengwe,,1.6,0,2,0,4.7,3.1,7.9,154,3,157
Mbeya,Mbeya,Mbeya DC,Mbeya Vijijini,Iwiji,Isende ,241,Luhuma,,3.7,0,1,0,2.9,1.9,4.9,95,2,97
Mbeya,Mbeya,Mbeya DC,Mbeya Vijijini,Iwiji,Isende ,242,Shihola,,1.9,0,1,0,2.1,1.4,3.5,68,2,70
Mbeya,Mbeya,Mbeya DC,Mbeya Vijijini,Iwiji,Isende ,243,Shinandala,,2.5,0,1,0,2.2,1.5,3.7,72,2,74
Mbeya,Mbeya,Mbeya DC,Mbeya Vijijini,Iwiji,Isende ,244,Masala,,0.0,0,1,0,1.8,1.2,3.0,58,2,60
Mbeya,Mbeya,Mbeya DC,Mbeya Vijijini,Iwiji,Isende ,245,Kalashi,,1.8,0,1,0,1.9,1.2,3.1,60,2,62
Mbeya,Mbeya,Mbeya DC,Mbeya Vijijini,Iwiji,Izumbwe II ,246,Ileya A,,1.5,0,1,0,3.0,2.0,5.0,98,2,100
Mbeya,Mbeya,Mbeya DC,Mbeya Vijijini,Iwiji,Izumbwe II ,247,Sayuma,,0.0,0,1,0,2.2,1.5,3.7,72,2,74
Mbeya,Mbeya,Mbeya DC,Mbeya Vijijini,Iwiji,Izumbwe II ,248,Songwe,,1.4,0,1,0,2.3,1.5,3.9,75,2,77
Mbeya,Mbeya,Mbeya DC,Mbeya Vijijini,Iwiji,Izumbwe II ,249,Hayende,,0.8,0,1,0,2.1,1.4,3.5,68,2,70
Mbeya,Mbeya,Mbeya DC,Mbeya Vijijini,Iwiji,Izumbwe II ,250,Chilanzi,,1.0,0,1,0,2.3,1.6,3.9,76,2,78
Mbeya,Mbeya,Mbeya DC,Mbeya Vijijini,Izyra ,Izyira,251,Mawelo,,2.0,0,1,0,2.6,1.7,4.3,84,2,86
Mbeya,Mbeya,Mbeya DC,Mbeya Vijijini,Izyra ,Izyira,252,Mafumbo,,2.3,0,1,0,2.3,1.5,3.8,74,2,76
Mbeya,Mbeya,Mbeya DC,Mbeya Vijijini,Izyra ,Masewe,253, Mang'onga,,3.8,0,1,0,2.3,1.6,3.9,76,2,78
Mbeya,Mbeya,Mbeya DC,Mbeya Vijijini,Izyra ,Mapita ,254,Ikomela,,0.0,0,1,0,2.3,1.5,3.8,74,2,76
Mbeya,Mbeya,Mbeya DC,Mbeya Vijijini,Izyra ,Mapita ,255,Vwele,,0.7,0,1,0,1.7,1.1,2.8,55,1,56
Mbeya,Mbeya,Mbeya DC,Mbeya Vijijini,Izyra ,Mapita ,256,Mapita,,0.0,0,1,0,2.0,1.3,3.4,66,1,67
Mbeya,Mbeya,Mbeya DC,Mbeya Vijijini,Isuto ,Mlowo,257,Tozi A,,0.0,0,1,0,1.6,1.1,2.7,53,1,54
Mbeya,Mbeya,Mbeya DC,Mbeya Vijijini,Isuto ,Mlowo,258,Tozi B,,0.0,0,1,0,1.9,1.3,3.2,63,1,64
Mbeya,Mbeya,Mbeya DC,Mbeya Vijijini,Isuto ,Mlowo,259,Nyondo,,1.3,1,0,0,1.4,0.9,2.3,45,1,46
Mbeya,Mbeya,Mbeya DC,Mbeya Vijijini,Isuto ,Mlowo,260,Ihanda,,1.2,0,1,0,2.7,1.8,4.5,87,2,89
Mbeya,Mbeya,Mbeya DC,Mbeya Vijijini,Isuto ,Mlowo,261,Mbuga,,0.0,0,1,0,3.0,2.0,5.0,97,2,99
Mbeya,Mbeya,Mbeya DC,Mbeya Vijijini,Isuto ,Mlowo,262,Samora,,0.6,0,1,0,1.6,1.0,2.6,51,1,52
Mbeya,Mbeya,Mbeya DC,Mbeya Vijijini,Isuto ,Itete,263,Igagala,,2.2,1,0,0,1.1,0.7,1.8,35,1,36
Mbeya,Mbeya,Mbeya DC,Mbeya Vijijini,Isuto ,Itete,264,Chombezi,,2.6,1,0,0,1.4,1.0,2.4,47,1,48
Mbeya,Mbeya,Mbeya DC,Mbeya Vijijini,Isuto ,Itete,265,Nsonga,,1.4,0,1,0,2.7,1.8,4.5,87,2,89
Mbeya,Mbeya,Mbeya DC,Mbeya Vijijini,Isuto ,Itete,266,Mwanjelwa A,,0.0,0,2,0,3.0,2.0,5.1,99,2,101
Mbeya,Mbeya,Mbeya DC,Mbeya Vijijini,Isuto ,Itete,267,Mwanjelwa B,,0.0,1,0,0,0.0,0.0,0.0,0,0,0
Mbeya,Mbeya,Mbeya DC,Mbeya Vijijini,Isuto ,Itete,268, Mwanjelwa C,,2.0,0,1,0,1.7,1.1,2.9,56,1,57
Mbeya,Mbeya,Mbeya DC,Mbeya Vijijini,Isuto ,Shinzingo,269,Mjele,,1.7,0,1,0,1.9,1.3,3.2,63,1,64
Mbeya,Mbeya,Mbeya DC,Mbeya Vijijini,Isuto ,Shinzingo,270,Mlima Nyundu,,0.0,0,1,0,2.7,1.8,4.6,89,2,91
Mbeya,Mbeya,Mbeya DC,Mbeya Vijijini,Isuto ,Shinzingo,271,Iwalanje,,0.9,0,1,0,1.8,1.2,3.0,58,1,59
Mbeya,Mbeya,Mbeya DC,Mbeya Vijijini,Isuto ,Shinzingo,272,Iwaga,,0.0,1,0,0,1.2,0.8,2.0,38,1,39
Mbeya,Mbeya,Mbeya DC,Mbeya Vijijini,Isuto ,Shinzingo,273,Masoko,,1.0,0,1,0,2.0,1.3,3.4,66,1,67
Mbeya,Mbeya,Mbeya DC,Mbeya Vijijini,Isuto ,Shinzingo,274,Ngala,,0.9,1,0,0,1.4,1.0,2.4,47,1,48
Mbeya,Mbeya,Mbeya DC,Mbeya Vijijini,Isuto ,Idiwili,275,Idiwili B,,2.2,1,0,0,1.3,0.9,2.2,42,1,43
Mbeya,Mbeya,Mbeya DC,Mbeya Vijijini,Isuto ,Idiwili,276,Azimio,,1.0,1,0,0,1.1,0.8,1.9,37,1,38
Mbeya,Mbeya,Mbeya DC,Mbeya Vijijini,Isuto ,Idiwili,277,Shilungu A,,0.0,0,1,0,1.7,1.1,2.9,56,1,57
Mbeya,Mbeya,Mbeya DC,Mbeya Vijijini,Isuto ,Idiwili,278,Shilungu B,,1.4,1,0,0,1.4,0.9,2.3,45,1,46
Mbeya,Mbeya,Mbeya DC,Mbeya Vijijini,Isuto ,Idiwili,279,Itaga,,0.5,1,0,0,1.3,0.8,2.1,41,1,42
Mbeya,Mbeya,Mbeya DC,Mbeya Vijijini,Isuto ,Idiwili,280,Mtakuja,,1.9,0,1,0,2.0,1.3,3.3,64,1,65
Mbeya,Mbeya,Mbeya DC,Mbeya Vijijini,Isuto ,Idiwili,281, Lutengano,,0.6,0,1,0,2.0,1.3,3.4,66,1,67
Mbeya,Mbeya,Mbeya DC,Mbeya Vijijini,Isuto ,Shisonta ,282,Shisonta B,,1.1,0,2,0,6.5,4.3,10.9,213,4,217
Mbeya,Mbeya,Mbeya DC,Mbeya Vijijini,Isuto ,Shisonta ,283,Shisonta C,,0.8,0,2,0,4.8,3.2,8.1,158,3,161
Mbeya,Mbeya,Mbeya DC,Mbeya Vijijini,Isuto ,Shisonta ,284,Mwanjelwa,,1.0,0,2,0,5.6,3.7,9.3,182,4,186
Mbeya,Mbeya,Mbeya DC,Mbeya Vijijini,Isuto ,Shisonta ,285, Ileya kati,,1.1,0,1,0,2.6,1.7,4.3,84,2,86
Mbeya,Mbeya,Mbeya DC,Mbeya Vijijini,Isuto ,Shisonta ,286,Matipu,,4.3,0,1,0,1.9,1.2,3.1,61,1,62
Mbeya,Mbeya,Mbeya DC,Mbeya Vijijini,Isuto ,Shisonta ,287,Ileya,,1.8,0,1,0,2.2,1.4,3.6,71,1,72
Mbeya,Mbeya,Mbeya DC,Mbeya Vijijini,Isuto ,Shisonta ,288,Kaloleni,,0.6,0,2,0,5.7,3.8,9.6,187,4,191
Mbeya,Mbeya,Mbeya DC,Mbeya Vijijini,Isuto ,Shisonta ,289, Mkuyuni,,1.2,0,2,0,4.8,3.2,8.1,158,3,161
Mbeya,Mbeya,Mbeya DC,Mbeya Vijijini,Isuto ,Shisonta ,290, Muungano,,1.4,0,1,0,1.7,1.1,2.8,55,1,56
Mbeya,Mbeya,Mbeya DC,Mbeya Vijijini,Isuto ,Isuto ,291,Ihenga A,,0.0,0,1,0,2.8,1.8,4.6,90,2,92
Mbeya,Mbeya,Mbeya DC,Mbeya Vijijini,Isuto ,Isuto ,292,Ihenga B,,0.0,0,1,0,2.0,1.3,3.3,64,2,66
Mbeya,Mbeya,Mbeya DC,Mbeya Vijijini,Isuto ,Isuto ,293,Mapinduzi B,,0.0,0,1,0,2.2,1.5,3.7,72,2,74
Mbeya,Mbeya,Mbeya DC,Mbeya Vijijini,Isuto ,Isuto ,294,Lywayo,,1.5,0,1,0,2.1,1.4,3.5,68,2,70
Mbeya,Mbeya,Mbeya DC,Mbeya Vijijini,Isuto ,Isuto ,295,Mtakuja,,0.0,0,1,0,2.2,1.4,3.6,70,2,72
Mbeya,Mbeya,Mbeya DC,Mbeya Vijijini,Isuto ,Isuto ,296,Igosya,,0.5,0,1,0,2.5,1.5,4.0,90,4,94
Mbeya,Mbeya,Mbeya DC,Mbeya Vijijini,Isuto ,Shitete,297, Shitete B,,3.0,0,2,0,4.9,3.3,8.2,160,3,163
Mbeya,Mbeya,Mbeya DC,Mbeya Vijijini,Isuto ,Shitete,298,Yona B,,0.0,0,1,0,1.6,1.1,2.7,52,1,53
Mbeya,Mbeya,Mbeya DC,Mbeya Vijijini,Isuto ,Shitete,299,Halungu,,2.1,0,1,0,2.3,1.6,3.9,76,2,78
Mbeya,Mbeya,Mbeya DC,Mbeya Vijijini,Isuto ,Ilindi,300,Mkuyuni,,0.0,0,1,0,2.9,1.9,4.9,95,2,97
Mbeya,Mbeya,Mbeya DC,Mbeya Vijijini,Isuto ,Ilindi,301, Shilungu,,1.5,0,1,0,2.0,1.4,3.4,66,2,68
Mbeya,Mbeya,Mbeya DC,Mbeya Vijijini,Isuto ,Ilindi,302,Igunda,,1.5,0,1,0,2.7,1.8,4.6,89,2,91
Mbeya,Mbeya,Mbeya DC,Mbeya Vijijini,Isuto ,Ilindi,303, Honde,,0.0,0,1,0,2.0,1.3,3.4,65,2,67
Mbeya,Mbeya,Mbeya DC,Mbeya Vijijini,Isuto ,Ilindi,304, Mlingotini,,0.0,0,1,0,2.6,1.7,4.3,84,2,86
Mbeya,Mbeya,Mbeya DC,Mbeya Vijijini,Isuto ,Ilindi,305,Sogea Ilala,,1.5,0,1,0,2.2,1.5,3.7,72,2,74
Mbeya,Mbeya,Mbeya DC,Mbeya Vijijini,Isuto ,Ilindi,306,Sanyesya,,0.0,0,1,0,2.1,1.4,3.5,68,2,70
Mbeya,Mbeya,Mbeya DC,Mbeya Vijijini,Itawa ,Iwowo,307,Iwowo A,,0.0,0,1,0,2.9,1.9,4.8,94,2,96
Mbeya,Mbeya,Mbeya DC,Mbeya Vijijini,Itawa ,Iwowo,308,Mpesu A,,0.5,0,1,0,2.6,1.7,4.3,84,2,86
Mbeya,Mbeya,Mbeya DC,Mbeya Vijijini,Itawa ,Iwowo,309,Mpesu B,,0.9,0,1,0,2.7,1.8,4.6,89,2,91
Mbeya,Mbeya,Mbeya DC,Mbeya Vijijini,Itawa ,Iwowo,310, Itawa A,,0.0,0,2,0,5.0,3.3,8.3,163,3,166
Mbeya,Mbeya,Mbeya DC,Mbeya Vijijini,Itawa ,Iwowo,311,Itawa B,,2.1,0,2,0,3.6,2.4,6.1,119,2,121
Mbeya,Mbeya,Mbeya DC,Mbeya Vijijini,Itawa ,Iwowo,312, Lukasamo,,1.6,0,2,0,9.0,6.0,15.1,295,6,301
Mbeya,Mbeya,Mbeya DC,Mbeya Vijijini,Itawa ,Iwowo,313,Nkeke,,0.0,0,1,0,2.3,1.5,3.8,74,2,75
Mbeya,Mbeya,Mbeya DC,Mbeya Vijijini,Itawa ,Iwowo,314,Madugu,,1.5,0,1,0,1.8,1.2,3.1,60,1,61
Mbeya,Mbeya,Mbeya DC,Mbeya Vijijini,Itawa ,Iwowo,315,Songwe,,0.0,0,2,0,3.7,2.4,6.1,120,2,122
Mbeya,Mbeya,Mbeya DC,Mbeya Vijijini,Itawa ,Pashungu ,316,Sakukwa,,1.6,0,2,0,7.8,5.2,13.1,256,5,261
Mbeya,Mbeya,Mbeya DC,Mbeya Vijijini,Itawa ,Pashungu ,317,Mwongozo,,1.2,0,2,0,8.9,5.9,14.8,290,6,296
Mbeya,Mbeya,Mbeya DC,Mbeya Vijijini,Itawa ,Pashungu ,318,Mwanza,,1.4,0,2,0,5.8,3.8,9.6,188,4,192
Mbeya,Mbeya,Mbeya DC,Mbeya Vijijini,Itawa ,Pashungu ,319, Idunda,,0.0,0,1,0,2.8,1.8,4.6,90,2,92
Mbeya,Mbeya,Mbeya DC,Mbeya Vijijini,Itawa ,Igalukwa,320,Mondwe,,1.9,0,2,0,5.0,3.3,8.3,163,3,166
Mbeya,Mbeya,Mbeya DC,Mbeya Vijijini,Itawa ,Igalukwa,321,Iwanga,,1.6,0,2,0,9.6,6.4,16.1,315,6,321
Mbeya,Mbeya,Mbeya DC,Mbeya Vijijini,Itawa ,Igalukwa,322,"Itega ""A""",,0.9,0,2,0,5.6,3.7,9.3,182,4,186
Mbeya,Mbeya,Mbeya DC,Mbeya Vijijini,Itawa ,Igalukwa,323,"Itega ""B""",,0.8,0,2,0,5.3,3.5,8.8,172,4,176
Mbeya,Mbeya,Mbeya DC,Mbeya Vijijini,Itawa ,Igalukwa,324,Nsusu,,1.9,0,2,0,4.5,3.0,7.6,148,3,151
Mbeya,Mbeya,Mbeya DC,Mbeya Vijijini,Itawa ,Shigamba ,325,Shigamba A,,1.2,0,2,0,4.9,3.2,8.1,159,3,162
Mbeya,Mbeya,Mbeya DC,Mbeya Vijijini,Itawa ,Shigamba ,326, Muungano,,0.9,0,2,0,3.5,2.3,5.9,115,2,117
Mbeya,Mbeya,Mbeya DC,Mbeya Vijijini,Itawa ,Shigamba ,327,Iyanza,,0.8,0,1,0,1.6,1.0,2.6,51,1,52
Mbeya,Mbeya,Mbeya DC,Mbeya Vijijini,Iyunga Mapinduzi ,Izuo ,328, Mpenye,,1.3,0,2,0,3.8,2.6,6.4,125,3,128
Mbeya,Mbeya,Mbeya DC,Mbeya Vijijini,Iyunga Mapinduzi ,Izuo ,329,Ntumba,,0.0,0,2,0,7.9,5.3,13.2,258,5,263
Mbeya,Mbeya,Mbeya DC,Mbeya Vijijini,Iyunga Mapinduzi , Iyunga Mapinduzi,330,Mwasanga A,,0.0,0,2,0,3.2,2.1,5.3,102,3,105
Mbeya,Mbeya,Mbeya DC,Mbeya Vijijini,Iyunga Mapinduzi ,Madugu ,331,"Zola ""A""",,1.0,0,2,0,3.7,2.5,6.2,122,2,124
Mbeya,Mbeya,Mbeya DC,Mbeya Vijijini,Iyunga Mapinduzi ,Madugu ,332," Zola ""B""",,0.5,0,2,0,3.5,2.3,5.8,114,2,116
Mbeya,Mbeya,Mbeya DC,Mbeya Vijijini,Iyunga Mapinduzi ,Madugu ,333,"Shiwele ""B""",,1.3,0,2,0,3.4,2.3,5.7,110,3,113
Mbeya,Mbeya,Mbeya DC,Mbeya Vijijini,Iyunga Mapinduzi ,Shuwa,334,Ilanga B,,0.2,0,1,0,2.5,1.5,4.0,90,4,94
Mbeya,Mbeya,Mbeya DC,Mbeya Vijijini,Iyunga Mapinduzi ,Shuwa,335,Nsagamo,,2.0,0,1,0,2.5,1.5,4.0,90,4,94
Mbeya,Mbeya,Mbeya DC,Mbeya Vijijini,Iyunga Mapinduzi ,Shuwa,336,Lupembe,,0.5,0,1,0,2.5,1.5,4.0,90,4,94
Mbeya,Mbeya,Mbeya DC,Mbeya Vijijini,Iyunga Mapinduzi ,Shuwa,337,Igagu,,1.5,0,1,0,2.5,1.5,4.0,90,4,94
Mbeya,Mbeya,Mbeya DC,Mbeya Vijijini,Iyunga Mapinduzi ,Shuwa,338,Shuwa C,,0.0,0,1,0,2.5,1.5,4.0,90,4,94
Mbeya,Mbeya,Mbeya DC,Mbeya Vijijini,Iyunga Mapinduzi ,Shuwa,339,Isonso,,1.6,0,1,0,2.5,1.5,4.0,90,4,94
Mbeya,Mbeya,Mbeya DC,Mbeya Vijijini,Iyunga Mapinduzi ,Shuwa,340,Ilanga C,,0.2,0,1,0,2.5,1.5,4.0,90,4,94
Mbeya,Mbeya,Mbeya DC,Mbeya Vijijini,Santilya,Santilya,341,Izosya,,1.7,0,2,0,5.0,3.3,8.3,162,4,166
Mbeya,Mbeya,Mbeya DC,Mbeya Vijijini,Santilya,Sanje ,342, Mantenga,,1.2,1,0,0,1.5,1.0,2.5,48,2,50
Mbeya,Mbeya,Mbeya DC,Mbeya Vijijini,Santilya,Sanje ,343, Ilindi,,1.8,0,2,0,4.1,2.7,6.8,132,4,136
Mbeya,Mbeya,Mbeya DC,Mbeya Vijijini,Santilya,Sanje ,344, Magao,,1.2,0,1,0,2.7,1.8,4.5,86,3,89
Mbeya,Mbeya,Mbeya DC,Mbeya Vijijini,Santilya,Sanje ,345,Santwinji,,2.9,0,2,0,3.7,2.5,6.2,119,4,123
Mbeya,Mbeya,Mbeya DC,Mbeya Vijijini,Santilya,Iswago,346, Ntete,,0.8,0,2,0,4.7,3.1,7.8,152,3,155
Mbeya,Mbeya,Mbeya DC,Mbeya Vijijini,Santilya,Iswago,347,Sindyanga,,1.3,0,2,0,3.4,2.2,5.6,110,2,112
Mbeya,Mbeya,Mbeya DC,Mbeya Vijijini,Santilya,Iswago,348, Hazumbi,,1.0,0,1,0,1.8,1.2,3.0,57,2,59
Mbeya,Mbeya,Mbeya DC,Mbeya Vijijini,Santilya,Mpande ,349, Idunda B,,1.1,0,1,0,2.3,1.6,3.9,76,2,78
Mbeya,Mbeya,Mbeya DC,Mbeya Vijijini,Santilya,Jojo ,350,Horongo,,0.0,0,2,0,12.2,8.2,20.4,402,6,408
Mbeya,Mbeya,Mbeya DC,Mbeya Vijijini,Santilya,Jojo ,351,Itundu A,,0.0,0,2,0,4.6,3.1,7.7,152,2,154
Mbeya,Mbeya,Mbeya DC,Mbeya Vijijini,Santilya,Jojo ,352, Itundu B,,0.0,0,2,0,4.7,3.1,7.9,154,3,157
Mbeya,Mbeya,Mbeya DC,Mbeya Vijijini,Santilya,Jojo ,353,Ilewe A,,2.5,0,2,0,6.4,4.3,10.7,210,4,214
Mbeya,Mbeya,Mbeya DC,Mbeya Vijijini,Santilya,Nsheha ,354,Nsheha,,0.0,0,1,0,2.3,1.5,3.8,73,2,75
Mbeya,Mbeya,Mbeya DC,Mbeya Vijijini,Santilya,Isongole,355,Isongole B,,0.9,0,1,0,1.6,1.1,2.7,52,1,53
Mbeya,Mbeya,Mbeya DC,Mbeya Vijijini,Santilya,Isongole,356,Shizyangule,,1.4,0,2,0,3.5,2.3,5.8,112,3,115
Mbeya,Mbeya,Mbeya DC,Mbeya Vijijini,Santilya,Masyeta ,357,"Masyeta ""B""",,1.1,0,1,0,2.3,1.5,3.8,75,,75
JUMLA NDOGO,,,,,,357,,0.0,422.8,23,450,0,"1,116.6",739.2,"1,855.8","36,702",848,"37,550"
Mbeya,Chunya,Chunya DC,Lupa,Chalangwa,Itumba,1,Simbalivu,,0.0,0,2,0,5.2,3.5,8.7,170,3,173
Mbeya,Chunya,Chunya DC,Lupa,Chalangwa,Isewe,2,Izumbi,,7.0,0,2,0,12.1,8.1,20.2,400,3,403
Mbeya,Chunya,Chunya DC,Lupa,Chalangwa,Isewe,3,Mbilwa,,2.9,0,1,0,1.0,1.0,2.0,20,4,24
Mbeya,Chunya,Chunya DC,Lupa,Sangambi,Sangambi,4,Idendeluka,,6.0,0,1,0,2.5,1.5,4.0,90,4,94
Mbeya,Chunya,Chunya DC,Lupa,Sangambi,Sangambi,5,Mapaliji,,3.6,0,1,0,2.5,1.5,4.0,90,4,94
Mbeya,Chunya,Chunya DC,Lupa,Sangambi,Igundu,6,Isoko,,2.0,0,2,0,3.7,2.5,6.2,120,3,123
Mbeya,Chunya,Chunya DC,Lupa,Sangambi,Shoga,7,Ihamba,,0.0,0,1,0,1.6,1.1,2.7,50,3,53
Mbeya,Chunya,Chunya DC,Lupa,Sangambi,Shoga,8,Tukuyu,,3.2,0,1,0,1.6,1.0,2.6,50,2,52
Mbeya,Chunya,Chunya DC,Lupa,Ifumbo,Ifumbo,9,Chikula,,9.3,0,1,0,1.6,1.1,2.7,50,4,54
Mbeya,Chunya,Chunya DC,Lupa,Ifumbo,Lupamarket,10,Mabomba,,2.6,0,1,0,2.4,1.6,4.1,80,1,81
Mbeya,Chunya,Chunya DC,Lupa,Ifumbo,Lupamarket,11,Kasanga,,4.4,0,1,0,1.8,1.2,3.1,60,1,61
Mbeya,Chunya,Chunya DC,Lupa,Kasanga,Soweto,12,Mapapai,,4.4,0,1,0,1.6,1.1,2.7,52,1,53
Mbeya,Chunya,Chunya DC,Lupa,Kasanga,Soweto,13,Kivukoni,,8.4,0,1,0,1.5,1.0,2.6,50,1,51
Mbeya,Chunya,Chunya DC,Lupa,Kasanga,Soweto,14,Mabatini,,6.8,0,1,0,2.5,1.5,4.0,90,4,94
Mbeya,Chunya,Chunya DC,Lupa,Kasanga,Mawelu,15,Lupa Bwawani,,8.1,0,1,0,2.5,1.5,4.0,90,4,94
Mbeya,Chunya,Chunya DC,Lupa,Kasanga,Mawelu,16,Lupa Mapunga,,2.6,0,1,0,2.5,1.5,4.0,90,4,94
Mbeya,Chunya,Chunya DC,Lupa,Chokaa,Mapogoro,17,Ashishila,,4.0,0,2,0,4.0,2.7,6.7,130,3,133
Mbeya,Chunya,Chunya DC,Lupa,Chokaa,Mapogoro,18,Mnyolima,,3.5,0,2,0,3.9,2.6,6.5,125,5,130
Mbeya,Chunya,Chunya DC,Lupa,Chokaa,Mapogoro,19,Wafugaji,,16.1,0,2,0,4.2,2.8,7.0,135,4,139
Mbeya,Chunya,Chunya DC,Lupa,Chokaa,Chokaa,20,Sambilimwaya,,3.4,0,2,0,3.1,2.1,5.2,100,4,104
Mbeya,Chunya,Chunya DC,Lupa,Chokaa,Godima,21,Ikamasi,,2.2,0,1,0,2.8,1.9,4.7,93,1,94
Mbeya,Chunya,Chunya DC,Lupa,Chokaa,Godima,22,Mwankonyonto,,2.6,0,1,0,2.7,1.8,4.6,90,1,91
Mbeya,Chunya,Chunya DC,Lupa,Chokaa,Godima,23,Saitunduma,,4.9,0,2,0,3.7,2.5,6.2,123,1,124
Mbeya,Chunya,Chunya DC,Lupa,Mamba,Mtande,24,Magunga,,0.0,0,1,0,1.9,1.3,3.2,60,3,63
Mbeya,Chunya,Chunya DC,Lupa,Mamba,Mtande,25,Mabatini,,4.0,0,1,0,2.2,1.4,3.6,70,2,72
Mbeya,Chunya,Chunya DC,Lupa,Mamba,Mamba,26,Mandumbwini,,11.0,0,1,0,2.5,1.5,4.0,90,4,94
Mbeya,Chunya,Chunya DC,Lupa,Mamba,Mtande,27,Ijiwa,,7.7,0,1,0,1.6,1.1,2.7,50,3,53
Mbeya,Chunya,Chunya DC,Lupa,Mamba,Mapinduzi,28,Ngwangu,,21.7,0,2,0,3.1,2.0,5.1,100,2,102
Mbeya,Chunya,Chunya DC,Lupa,Upendo,Upendo,29,Kitete,,0.0,0,1,0,2.5,1.6,4.1,80,2,82
Mbeya,Chunya,Chunya DC,Lupa,Upendo,Upendo,30,Mbugani,,10.1,1,0,0,1.4,0.9,2.4,45,2,47
Mbeya,Chunya,Chunya DC,Lupa,Upendo,Lola,31,Ilula,,7.8,0,1,0,2.5,1.5,4.0,90,4,94
Mbeya,Chunya,Chunya DC,Lupa,Upendo,Lola,32,Lola,,3.6,0,1,0,2.5,1.5,4.0,90,4,94
Mbeya,Chunya,Chunya DC,Lupa,Upendo,Lola,33,Mapiti,,2.3,0,1,0,2.5,1.5,4.0,90,4,94
Mbeya,Chunya,Chunya DC,Lupa,Upendo,Nkwangu,34,Malangali,,3.8,1,0,0,1.5,1.0,2.5,49,1,50
Mbeya,Chunya,Chunya DC,Lupa,Upendo,Nkwangu,35,Kisungu,,11.0,1,0,0,1.4,0.9,2.4,45,2,47
Mbeya,Chunya,Chunya DC,Lupa,Upendo,Nkwangu,36,Kasisi,,9.7,1,0,0,1.5,1.0,2.5,48,2,50
Mbeya,Chunya,Chunya DC,Lupa,Lupa,Lyeselo,37,Ngonilima,,0.8,0,2,0,3.2,2.1,5.3,102,3,105
Mbeya,Chunya,Chunya DC,Lupa,Lupa,Lyeselo,38,Songambele.,,4.7,1,0,0,1.1,0.7,1.9,35,2,37
Mbeya,Chunya,Chunya DC,Lupa,Lupa,Lyeselo,39,Legeza Mwendo,,8.0,0,1,0,1.5,1.5,4.0,40,4,44
Mbeya,Chunya,Chunya DC,Lupa,Lupa,Lyeselo,40,Mapambano,,3.3,0,1,0,1.5,1.5,4.0,40,4,44
Mbeya,Chunya,Chunya DC,Lupa,Lupa,Ifuma,41,Kazaroho,,4.0,0,1,0,3.0,2.0,5.0,95,4,99
Mbeya,Chunya,Chunya DC,Lupa,Lupa,Ifuma,42,Kagera,,0.0,0,1,0,2.8,1.9,4.7,90,4,94
Mbeya,Chunya,Chunya DC,Lupa,Lupa,Lupatingatinga,43,Mtukula,,5.3,0,2,0,3.1,2.1,5.2,100,4,104
Mbeya,Chunya,Chunya DC,Lupa,Nkungungu,Majengo,44,Mtakuja,,4.0,0,2,0,6.7,4.5,11.2,217,6,223
Mbeya,Chunya,Chunya DC,Lupa,Nkungungu,Majengo,45,Itagata,,7.6,0,1,0,2.5,1.5,4.0,90,4,94
Mbeya,Chunya,Chunya DC,Lupa,Nkungungu,Nkungungu,46,Lukarya,,5.8,0,2,0,6.1,4.1,10.2,200,4,204
Mbeya,Chunya,Chunya DC,Lupa,Nkungungu,Magunga,47,Kinyampuma,,6.1,0,2,0,3.1,2.1,5.2,100,3,103
Mbeya,Chunya,Chunya DC,Lupa,Nkungungu,Magunga,48,Ukombozi,,2.7,0,2,0,4.3,2.9,7.2,140,3,143
Mbeya,Chunya,Chunya DC,Lupa,Lualaje,Lualaje,49,Sumbwe,,1.9,1,0,0,1.2,0.8,2.1,40,1,41
Mbeya,Chunya,Chunya DC,Lupa,Lualaje,Lualaje,50,Kabuta,,0.7,0,2,0,9.1,6.1,15.2,300,4,304
Mbeya,Chunya,Chunya DC,Lupa,Lualaje,Lualaje,51,Itete,,1.3,0,1,0,2.2,1.5,3.7,70,4,74
Mbeya,Chunya,Chunya DC,Lupa,Lualaje,Lualaje,52,Kitakwa,,2.5,0,2,0,4.6,3.1,7.7,150,4,154
Mbeya,Chunya,Chunya DC,Lupa,Lualaje,Lualaje,53,Ikingo,,2.0,0,1,0,1.9,1.2,3.1,60,2,62
Mbeya,Chunya,Chunya DC,Lupa,Lualaje,Lualaje,54,Kiselu,,1.0,0,2,0,4.6,3.1,7.7,150,4,154
Mbeya,Chunya,Chunya DC,Lupa,Lualaje,Lualaje,55,Mpembe Magh.,,17.0,0,2,0,4.6,3.1,7.7,150,3,153
Mbeya,Chunya,Chunya DC,Lupa,Lualaje,Mwiji,56,Mwiji  C,,0.0,1,0,0,0.8,0.5,1.3,25,1,26
Mbeya,Chunya,Chunya DC,Lupa,Lualaje,Mwiji,57,Mwiji  D,,0.0,1,0,0,0.6,0.4,1.1,20,1,21
Mbeya,Chunya,Chunya DC,Lupa,Lualaje,Mwiji,58,Isote,,5.0,1,0,0,0.6,0.4,1.0,18,1,19
Mbeya,Chunya,Chunya DC,Lupa,Lualaje,Mwiji,59,Mtakuja,,9.3,1,0,0,0.5,0.3,0.8,15,1,16
Mbeya,Chunya,Chunya DC,Lupa,Mtanila,Mtanila,60,Kawisunge,,11.9,0,1,0,1.7,1.1,2.8,50,5,55
Mbeya,Chunya,Chunya DC,Lupa,Mtanila,Mtanila,61,Mtanila C,,0.9,0,1,0,2.5,1.5,4.0,90,4,94
Mbeya,Chunya,Chunya DC,Lupa,Mtanila,Mtanila,62,Manolo,,12.2,0,1,0,2.5,1.5,4.0,90,4,94
Mbeya,Chunya,Chunya DC,Lupa,Mtanila,Igangwe,63,Lupuju,,10.8,1,0,0,0.6,0.4,1.1,1,20,21
Mbeya,Chunya,Chunya DC,Lupa,Mtanila,Igangwe,64,Shauri Moyo,,12.3,0,1,0,2.7,1.8,4.5,88,2,90
Mbeya,Chunya,Chunya DC,Lupa,Mtanila,Kalangali,65,Itigi,,0.0,1,0,0,1.4,0.9,2.4,45,2,47
Mbeya,Chunya,Chunya DC,Lupa,Mtanila,Kalangali,66,Konde,,3.9,1,0,0,0.5,0.3,0.8,15,1,16
Mbeya,Chunya,Chunya DC,Lupa,Mtanila,Kalangali,67,Ilolo,,1.9,1,0,0,1.2,0.8,2.1,40,1,41
Mbeya,Chunya,Chunya DC,Lupa,Mtanila,Kalangali,68,Majengo,,4.7,0,2,0,8.5,5.7,14.2,280,4,284
Mbeya,Chunya,Chunya DC,Lupa,Mtanila,Kalangali,69,Kasasya,,0.0,0,2,0,6.2,4.1,10.3,200,6,206
Mbeya,Chunya,Chunya DC,Lupa,Mtanila,Kalangali,70,Ndola,,0.0,0,2,0,7.7,5.2,12.9,250,8,258
Mbeya,Chunya,Chunya DC,Lupa,Matwiga,Matwiga,71,Konde,,10.4,0,1,0,1.7,1.1,2.8,50,5,55
Mbeya,Chunya,Chunya DC,Lupa,Matwiga,Matwiga,72,Moyo,,7.3,0,2,0,3.3,2.2,5.5,108,2,110
Mbeya,Chunya,Chunya DC,Lupa,Matwiga,Matwiga,73,Mlimani.,,5.7,0,1,0,2.7,1.8,4.5,88,2,90
Mbeya,Chunya,Chunya DC,Lupa,Matwiga,Matwiga,74,Ilindi,,0.0,0,2,0,8.2,5.5,13.7,270,4,274
Mbeya,Chunya,Chunya DC,Lupa,Matwiga,Mazimbo,75,Kiyombo,,0.0,0,2,0,4.0,2.7,6.7,130,3,133
Mbeya,Chunya,Chunya DC,Lupa,Mafyeko,Mafyeko,76,Mafyeko  C,,0.0,0,2,0,9.0,6.0,15.1,296,5,301
Mbeya,Chunya,Chunya DC,Lupa,Mafyeko,Mafyeko,77,Mafyeko  D,,0.0,0,2,0,17.9,11.9,29.9,592,5,597
Mbeya,Chunya,Chunya DC,Lupa,Mafyeko,Mafyeko,78,Tulieni,,4.7,0,2,0,6.5,4.3,10.9,215,2,217
Mbeya,Chunya,Chunya DC,Lupa,Mafyeko,Bitimanyanga,79,Bitimanyanga  E,,4.6,0,1,0,1.6,1.0,2.6,50,2,52
Mbeya,Chunya,Chunya DC,Lupa,Mafyeko,Bitimanyanga,80,IDodoma,,10.4,0,2,0,6.1,4.1,10.2,200,4,204
Mbeya,Chunya,Chunya DC,Lupa,Kambikatoto,Kambikatoto,81,Kibaoni,,0.7,0,2,0,7.7,5.2,12.9,250,8,258
Mbeya,Chunya,Chunya DC,Lupa,Kambikatoto,Kambikatoto,82,Laini,,0.0,0,2,0,6.9,4.6,11.5,225,4,229
Mbeya,Chunya,Chunya DC,Lupa,Kambikatoto,Kambikatoto,83,Iwolelo,,6.5,0,2,0,6.1,4.1,10.2,200,4,204
Mbeya,Chunya,Chunya DC,Lupa,Kambikatoto,Sipa,84,Majiweni,,0.0,1,0,0,0.8,0.5,1.3,25,1,26
Mbeya,Chunya,Chunya DC,Lupa,Kambikatoto,Sipa,85,Mwamasesa,,0.0,0,1,0,1.5,1.0,2.6,50,1,51
Mbeya,Chunya,Chunya DC,Lupa,Makongolosi,Makongolosi TC,86,Songambele.,,0.0,0,1,0,2.5,1.5,4.0,90,4,94
Mbeya,Chunya,Chunya DC,Lupa,Bwawani,Makongolosi TC,87,Kitete,,2.2,0,1,0,2.5,1.5,4.0,90,4,94
Mbeya,Chunya,Chunya DC,Lupa,Bwawani,Makongolosi TC,88,Kipoka,,0.0,0,2,0,4.6,3.1,7.7,150,3,153
Mbeya,Chunya,Chunya DC,Lupa,Matundasi,Makongolosi TC,89,Makatag'ombe,,0.0,0,2,0,4.6,3.1,7.7,150,4,154
Mbeya,Chunya,Chunya DC,Lupa,Matundasi,Makongolosi TC,90,Nanyuki,,7.0,1,0,0,1.4,0.9,2.4,45,2,47
Mbeya,Chunya,Chunya DC,Lupa,Matundasi,Makongolosi TC,91,Nzingwa,,8.5,1,0,0,0.9,0.6,1.6,30,1,31
Mbeya,Chunya,Chunya DC,Lupa,Mkola,Makongolosi TC,92,Gepu,,0.8,1,0,0,1.1,0.7,1.8,35,1,36
JUMLA NDOGO,,,,,,92,92.0,0.0,421.0,18,108,0,304.8,202.2,509.1,"9,990",299,"10,289"
JUMLA KUU,,,,,,,92,40.4,"1,648.0",132,"1,141",0,"3,316.8","2,210.2","5,528.9","107,215","2,472","109,687"
