MKOA WA PWANI,,,,,,,,Scope of works,,,,,,,,,,
,,,,,,,,,,,,,,,,,,
,,,,,,,,Medium Voltage Line (Km),,Distribution Transformer (kVA),,,LV (km),,,Customers,,
Mkoa,Wilaya,Halmashauri,Jimbo,Kata,Kijiji,Na,Kitongoji,11kV,33kV,50,100,200,4x95 sq.mm,4x50 sq.mm,LV Total (km),Single Phase,Three Phase,Total
Pwani,Bagamoyo,Bagamoyo DC,Bagamoyo,Yombo,Yombo,1,Chombe Juu,,3.0,1,,,1.0,1.0,2.0,20,2,22
Pwani,Bagamoyo,Bagamoyo DC,Bagamoyo,Yombo,Yombo,2, Lwazi,,1.1,1,,,1.0,1.0,2.0,20,2,22
Pwani,Bagamoyo,Bagamoyo DC,Bagamoyo,Yombo,Yombo,3,Ukwamani,,0.8,1,,,1.0,1.0,2.0,20,2,22
Pwani,Bagamoyo,Bagamoyo DC,Bagamoyo,Yombo,Yombo,4,Goba,,0.3,1,,,1.0,1.0,2.0,20,2,22
Pwani,Bagamoyo,Bagamoyo DC,Bagamoyo,Yombo,Yombo,5,Ushokolani,,0.0,,,,1.0,1.0,2.0,20,2,22
Pwani,Bagamoyo,Bagamoyo DC,Bagamoyo,Yombo,Yombo,6,Masogola,,0.0,1,,,1.0,1.0,2.0,20,2,22
Pwani,Bagamoyo,Bagamoyo DC,Bagamoyo,Yombo,Yombo,7," Kiegea ""B""",,0.0,,,,1.0,1.0,2.0,20,2,22
Pwani,Bagamoyo,Bagamoyo DC,Bagamoyo,Yombo,Yombo,8,Mfulu,,0.5,1,,,1.0,1.0,2.0,20,2,22
Pwani,Bagamoyo,Bagamoyo DC,Bagamoyo,Yombo,Yombo,9," Kiegea ""A""",,2.0,1,,,1.0,1.0,2.0,20,2,22
Pwani,Bagamoyo,Bagamoyo DC,Bagamoyo,Yombo,Yombo,10, Bwembweni,,0.0,,,,1.0,1.0,2.0,20,2,22
Pwani,Bagamoyo,Bagamoyo DC,Bagamoyo,Yombo,Kongo,11,Kajiungeni,,0.6,1,,,1.0,1.0,2.0,20,2,22
Pwani,Bagamoyo,Bagamoyo DC,Bagamoyo,Yombo,Kongo,12,Shuleni,,0.6,1,,,1.0,1.0,2.0,20,2,22
Pwani,Bagamoyo,Bagamoyo DC,Bagamoyo,Yombo,Kongo,13, Umakondeni,,0.6,1,,,1.0,1.0,2.0,20,2,22
Pwani,Bagamoyo,Bagamoyo DC,Bagamoyo,Yombo,Kongo,14,Mkunge,,0.0,,,,1.0,1.0,2.0,20,2,22
Pwani,Bagamoyo,Bagamoyo DC,Bagamoyo,Yombo,Matimbwa,15,Kikuichola,,0.0,,,,1.0,1.0,2.0,20,2,22
Pwani,Bagamoyo,Bagamoyo DC,Bagamoyo,Yombo,Matimbwa,16,Kimbehengwa,,1.5,,,,1.0,1.0,2.0,20,2,22
Pwani,Bagamoyo,Bagamoyo DC,Bagamoyo,Yombo,Matimbwa,17,Zombengalawa,,0.0,1,,,1.0,1.0,2.0,20,2,22
Pwani,Bagamoyo,Bagamoyo DC,Bagamoyo,Yombo,Matimbwa,18,Chamkwela,,0.9,1,,,1.0,1.0,2.0,20,2,22
Pwani,Bagamoyo,Bagamoyo DC,Bagamoyo,Fukayosi,Fukayosi,19,Lusako,,4.8,1,,,1.0,1.0,2.0,20,2,22
Pwani,Bagamoyo,Bagamoyo DC,Bagamoyo,Fukayosi,Fukayosi,20,Kalimeni,,3.0,1,,,1.0,1.0,2.0,20,2,22
Pwani,Bagamoyo,Bagamoyo DC,Bagamoyo,Fukayosi,Fukayosi,21,Kulwi,,1.6,1,,,1.0,1.0,2.0,20,2,22
Pwani,Bagamoyo,Bagamoyo DC,Bagamoyo,Fukayosi,Fukayosi,22,Umasaini,,0.7,1,,,1.0,1.0,2.0,20,2,22
Pwani,Bagamoyo,Bagamoyo DC,Bagamoyo,Fukayosi,Fukayosi,23,"Mtakuja ""A""",,0.0,1,,,1.0,1.0,2.0,20,2,22
Pwani,Bagamoyo,Bagamoyo DC,Bagamoyo,Fukayosi,Fukayosi,24,Mwanavuli,,0.0,1,,,1.0,1.0,2.0,20,2,22
Pwani,Bagamoyo,Bagamoyo DC,Bagamoyo,Fukayosi,Fukayosi,25,Ndoleni,,8.5,1,,,1.0,1.0,2.0,20,2,22
Pwani,Bagamoyo,Bagamoyo DC,Bagamoyo,Fukayosi,Mwavi,26,Sengasenga,,2.5,1,,,1.0,1.0,2.0,20,2,22
Pwani,Bagamoyo,Bagamoyo DC,Bagamoyo,Fukayosi,Mwavi,27,Vigwaza,,2.8,1,,,1.0,1.0,2.0,20,2,22
Pwani,Bagamoyo,Bagamoyo DC,Bagamoyo,Fukayosi,Mwavi,28,Kudibaha,,1.9,1,,,1.0,1.0,2.0,20,2,22
Pwani,Bagamoyo,Bagamoyo DC,Bagamoyo,Fukayosi,Mwavi,29,Segwa,,2.8,1,,,1.0,1.0,2.0,20,2,22
Pwani,Bagamoyo,Bagamoyo DC,Bagamoyo,Fukayosi,Mwavi,30,Mwavi A/B,,0.0,,,,1.0,1.0,2.0,20,2,22
Pwani,Bagamoyo,Bagamoyo DC,Bagamoyo,Fukayosi,Kidomole,31,Kinyemvuli,,1.1,1,,,1.0,1.0,2.0,20,2,22
Pwani,Bagamoyo,Bagamoyo DC,Bagamoyo,Fukayosi,Kidomole,32,Mwanansenga,,0.0,,,,1.0,1.0,2.0,20,2,22
Pwani,Bagamoyo,Bagamoyo DC,Bagamoyo,Fukayosi,Kidomole,33,Vihagate,,1.7,1,,,1.0,1.0,2.0,20,2,22
Pwani,Bagamoyo,Bagamoyo DC,Bagamoyo,Fukayosi,Mkenge,34,Mkwama,,4.7,1,,,1.0,1.0,2.0,20,2,22
Pwani,Bagamoyo,Bagamoyo DC,Bagamoyo,Fukayosi,Mkenge,35,Engelo,,4.4,1,,,1.0,1.0,2.0,20,2,22
Pwani,Bagamoyo,Bagamoyo DC,Bagamoyo,Zinga,Zinga,36,Kikonga,,0.7,,,,1.0,1.0,2.0,20,2,22
Pwani,Bagamoyo,Bagamoyo DC,Bagamoyo,Zinga,Zinga,37,Kwadosi,,0.6,,,,1.0,1.0,2.0,20,2,22
Pwani,Bagamoyo,Bagamoyo DC,Bagamoyo,Zinga,Zinga,38,Mwajimbo,,0.0,,,,1.0,1.0,2.0,20,2,22
Pwani,Bagamoyo,Bagamoyo DC,Bagamoyo,Zinga,Zinga,39,Gwazzo,,0.0,,,,1.0,1.0,2.0,20,2,22
Pwani,Bagamoyo,Bagamoyo DC,Bagamoyo,Zinga,Zinga,40,Kigovu,,0.0,,,,1.0,1.0,2.0,20,2,22
Pwani,Bagamoyo,Bagamoyo DC,Bagamoyo,Zinga,Zinga,41,Kibuba,,0.0,,,,1.0,1.0,2.0,20,2,22
Pwani,Bagamoyo,Bagamoyo DC,Bagamoyo,Zinga,Zinga,42,Kidugu,,0.0,,,,1.0,1.0,2.0,20,2,22
Pwani,Bagamoyo,Bagamoyo DC,Bagamoyo,Zinga,Zinga,43,Gongoni,,0.0,,,,1.0,1.0,2.0,20,2,22
Pwani,Bagamoyo,Bagamoyo DC,Bagamoyo,Zinga,Zinga,44,Kibuyuni,,0.0,,,,1.0,1.0,2.0,20,2,22
Pwani,Bagamoyo,Bagamoyo DC,Bagamoyo,Zinga,Zinga,45,Kokoto,,0.9,1,,,1.0,1.0,2.0,20,2,22
Pwani,Bagamoyo,Bagamoyo DC,Bagamoyo,Zinga,Zinga,46,Mnamata,,0.0,1,,,1.0,1.0,2.0,20,2,22
Pwani,Bagamoyo,Bagamoyo DC,Bagamoyo,Zinga,Zinga,47,Changuluwe,,0.6,1,,,1.0,1.0,2.0,20,2,22
Pwani,Bagamoyo,Bagamoyo DC,Bagamoyo,Kerege,Zinga,48,Amani,,2.0,,,1,1.0,1.0,2.0,20,2,22
Pwani,Bagamoyo,Bagamoyo DC,Bagamoyo,Kerege,Zinga,49,Nyakahamba,,1.5,,1,,1.0,1.0,2.0,20,2,22
Pwani,Bagamoyo,Bagamoyo DC,Bagamoyo,Kerege,Zinga,50,Matumbini,,0.8,,1,,1.0,1.0,2.0,20,2,22
Pwani,Bagamoyo,Bagamoyo DC,Bagamoyo,Kerege,Zinga,51,KwaKiwete,,0.0,,,,1.0,1.0,2.0,20,2,22
Pwani,Bagamoyo,Bagamoyo DC,Bagamoyo,Kerege,Zinga,52,Kibemela,,1.5,1,,,1.0,1.0,2.0,20,2,22
Pwani,Bagamoyo,Bagamoyo DC,Bagamoyo,Mapinga,Zinga,53,Mtambani,,0.0,,,,1.0,1.0,2.0,20,2,22
Pwani,Bagamoyo,Bagamoyo DC,Bagamoyo,Mapinga,Zinga,54,Kimele,,1.2,,,1,1.0,1.0,2.0,20,2,22
Pwani,Bagamoyo,Bagamoyo DC,Bagamoyo,Mapinga,Zinga,55,Changwahela,,1.1,1,,,1.0,1.0,2.0,20,2,22
Pwani,Bagamoyo,Bagamoyo DC,Bagamoyo,Mapinga,Zinga,56,Kiharaka,,0.0,,,,1.0,1.0,2.0,20,2,22
Pwani,Bagamoyo,Bagamoyo DC,Bagamoyo,Mapinga,Zinga,57,KitongaA,,0.4,1,,,1.0,1.0,2.0,20,2,22
Pwani,Bagamoyo,Bagamoyo DC,Bagamoyo,Mapinga,Zinga,58,ChaggaB,,1.1,2,,,1.0,1.0,2.0,20,2,22
Pwani,Bagamoyo,Bagamoyo DC,Bagamoyo,Mapinga,Zinga,59,Mandawe,,2.0,1,,,1.0,1.0,2.0,20,2,22
Pwani,Bagamoyo,Bagamoyo DC,Bagamoyo,Mapinga,Zinga,60,"Kitonga""B""",,1.4,1,,,1.0,1.0,2.0,20,2,22
Pwani,Bagamoyo,Bagamoyo DC,Bagamoyo,Mapinga,Zinga,61,Goba,,0.0,,,,1.0,1.0,2.0,20,2,22
Pwani,Bagamoyo,Bagamoyo DC,Bagamoyo,Mapinga,Zinga,62,Magole,,1.7,1,,,1.0,1.0,2.0,20,2,22
Pwani,Bagamoyo,Bagamoyo DC,Bagamoyo,Mapinga,Zinga,63,Mratange,,1.0,1,,,1.0,1.0,2.0,20,2,22
Pwani,Bagamoyo,Bagamoyo DC,Bagamoyo,Mapinga,Zinga,64,"Baukani ""B""",,1.3,1,,,1.0,1.0,2.0,20,2,22
Pwani,Bagamoyo,Bagamoyo DC,Bagamoyo,Mapinga,Zinga,65,Kimeremeta,,1.5,1,,,1.0,1.0,2.0,20,2,22
Pwani,Bagamoyo,Bagamoyo DC,Bagamoyo,Mapinga,Zinga,66,Changoi,,2.0,1,,,1.0,1.0,2.0,20,2,22
Pwani,Bagamoyo,Bagamoyo DC,Bagamoyo,Mapinga,Zinga,67,Kiwangwa,,0.8,1,,,1.0,1.0,2.0,20,2,22
Pwani,Bagamoyo,Bagamoyo DC,Bagamoyo,Mapinga,Zinga,68,Chambezi 'A',,1.4,1,,,1.0,1.0,2.0,20,2,22
Pwani,Bagamoyo,Bagamoyo DC,Bagamoyo,Dunda,Zinga,69,Mitimingi,,1.6,1,,,1.0,1.0,2.0,20,2,22
Pwani,Bagamoyo,Bagamoyo DC,Bagamoyo,Dunda,Zinga,70,Sanzale Kigori,,1.0,1,,,1.0,1.0,2.0,20,2,22
Pwani,Bagamoyo,Bagamoyo DC,Bagamoyo,Nianjema,Zinga,71,Kimarangombe,,0.7,1,,,1.0,1.0,2.0,20,2,22
Pwani,Bagamoyo,Bagamoyo DC,Bagamoyo,Kisutu,Zinga,72,Mji Mpya,,0.8,1,,,1.0,1.0,2.0,20,2,22
Pwani,Bagamoyo,Bagamoyo DC,Bagamoyo,Kisutu,Zinga,73,Mtoni,,0.9,1,,,1.0,1.0,2.0,20,2,22
Pwani,Bagamoyo,Bagamoyo DC,Bagamoyo,Kisutu,Zinga,74,Gezaulole,,0.7,1,,,1.0,1.0,2.0,20,2,22
Pwani,Bagamoyo,Bagamoyo DC,Bagamoyo,Kisutu,Zinga,75,Kifude,,0.5,1,,,1.0,1.0,2.0,20,2,22
Pwani,Bagamoyo,Bagamoyo DC,Bagamoyo,Kisutu,Zinga,76,Kibaoni,,0.9,1,,,1.0,1.0,2.0,20,2,22
Pwani,Bagamoyo,Bagamoyo DC,Bagamoyo,Kisutu,Zinga,77,Razaba,,0.0,,,,1.0,1.0,2.0,20,2,22
Pwani,Bagamoyo,Bagamoyo DC,Bagamoyo,Kisutu,Zinga,78,Kitame,,0.0,1,,,1.0,1.0,2.0,20,2,22
Pwani,Bagamoyo,Chalinze DC,Chalinze,Msata,Kihangaiko,79,Mchokozeni,,0.0,1,1,,2.0,4.5,6.5,89,4,93
Pwani,Bagamoyo,Chalinze DC,Chalinze,Msata,Kihangaiko,80,Kudigongo,,0.0,1,,,1.0,1.5,2.5,86,2,88
Pwani,Bagamoyo,Chalinze DC,Chalinze,Msata,Mkoko,81,Debwani,,0.4,1,,,2.0,3.0,5.0,58,3,61
Pwani,Bagamoyo,Chalinze DC,Chalinze,Msata,Mkoko,82,Majengo,,0.4,1,,,1,3.0,4.0,47,1,48
Pwani,Bagamoyo,Chalinze DC,Chalinze,Msata,Mkoko,83,Bwawani,,0.7,1,,,1,2.0,3.0,77,2,79
Pwani,Bagamoyo,Chalinze DC,Chalinze,Msata,Mkoko,84,Sokoni,,3.3,1,,,0.5,2.0,2.5,45,1,46
Pwani,Bagamoyo,Chalinze DC,Chalinze,Msata,Mkoko,85,Wame Kafa,,0.4,1,,,1.0,3.0,4.0,39,2,41
Pwani,Bagamoyo,Chalinze DC,Chalinze,Msata,Mkoko,86,Kilimanjaro,,0.2,1,,,0.5,2.0,2.5,36,1,37
Pwani,Bagamoyo,Chalinze DC,Chalinze,Msata,Mkoko,87,Msikitini “A”,,0.4,,1,,1.0,2.0,3.0,76,4,80
Pwani,Bagamoyo,Chalinze DC,Chalinze,Msata,Mkoko,88,"Msikitini ""B""",,0,,,,1.0,2.0,3.0,86,3,89
Pwani,Bagamoyo,Chalinze DC,Chalinze,Msata,Mkoko,89,Mlingotini,,0.2,,,1,1.0,2.0,3.0,57,4,61
Pwani,Bagamoyo,Chalinze DC,Chalinze,Msata,Mazizi,90,Mnkindi/Mntindi,,3.5,1,,,0.5,2.0,2.5,36,1,37
Pwani,Bagamoyo,Chalinze DC,Chalinze,Msata,Mazizi,91,Kibanaho/ Kibonkho,,8.0,1,,,1.0,2.0,3.0,30,3,33
Pwani,Bagamoyo,Chalinze DC,Chalinze,Msata,Msata,92,Mifugoni,,1.1,,1,,1.0,2.0,3.0,106,4,110
Pwani,Bagamoyo,Chalinze DC,Chalinze,Msata,Msata,93,Pugini,,0,,2,,2.0,4.0,6.0,100,10,110
Pwani,Bagamoyo,Chalinze DC,Chalinze,Msata,Msata,94,Zunga,,0,,1,,1.0,2.0,3.0,86,3,89
Pwani,Bagamoyo,Chalinze DC,Chalinze,Msata,Pongwe Msungura,95,Tobora,,5.7,1,,,0.5,1.5,2.0,56,1,57
Pwani,Bagamoyo,Chalinze DC,Chalinze,Kiwangwa,Kiwangwa,96,Misani,,2.6,,2,,3.0,6.0,9.0,76,3,79
Pwani,Bagamoyo,Chalinze DC,Chalinze,Kiwangwa,Kiwangwa,97,Zongomelo,,2.9,,1,,2.0,2.0,4.0,56,2,58
Pwani,Bagamoyo,Chalinze DC,Chalinze,Kiwangwa,Msinune,98,Kwamkizi,,3.8,0,2,,2.0,5.0,7.0,165,3,168
Pwani,Bagamoyo,Chalinze DC,Chalinze,Kiwangwa,Msinune,99,Magogoni,,2.6,1,1,,2.0,5.0,7.0,89,3,92
Pwani,Bagamoyo,Chalinze DC,Chalinze,Kiwangwa,Masuguru,100,Bonele,,5.2,1,,,0.5,1.5,2.0,43,1,44
Pwani,Bagamoyo,Chalinze DC,Chalinze,Kiwangwa,Masuguru,101,Changa,,0,1,,,0.5,1.5,2.0,56,1,57
Pwani,Bagamoyo,Chalinze DC,Chalinze,Kiwangwa,Mwetemo,102,Kwenu ni kwenu,,3.3,1,,,0.5,1.5,2.0,36,1,37
Pwani,Bagamoyo,Chalinze DC,Chalinze,Mbwewe,Mbwewe,103,Minazini,,0.2,,1,,0.5,2.0,2.5,36,0,36
Pwani,Bagamoyo,Chalinze DC,Chalinze,Mbwewe,Mpaji,104,Pafe,,0.0,1,,,0.5,1.5,2.0,102,1,103
Pwani,Bagamoyo,Chalinze DC,Chalinze,Mbwewe,Mpaji,105,Kwenchana,,0.0,,,1,1.0,2.0,3.0,98,5,103
Pwani,Bagamoyo,Chalinze DC,Chalinze,Mbwewe,Mpaji,106,Kwedilemela,,2.8,1,,,0.5,1.7,2.2,96,1,97
Pwani,Bagamoyo,Chalinze DC,Chalinze,Mbwewe,Kwang’andu,107,Kwamingwa,,1.5,1,,,0.5,2.0,2.5,96,1,97
Pwani,Bagamoyo,Chalinze DC,Chalinze,Mbwewe,Kwang’andu,108,Nung’ulu,,0.2,1,,,0.5,1.8,2.3,82,1,83
Pwani,Bagamoyo,Chalinze DC,Chalinze,Mbwewe,Kwang’andu,109,Komtonga,,2.2,1,,,0.5,1.8,2.3,76,1,77
Pwani,Bagamoyo,Chalinze DC,Chalinze,Mbwewe,Kwang’andu,110,Msumbiji,,0.4,1,,,0.5,1.5,2.0,56,1,57
Pwani,Bagamoyo,Chalinze DC,Chalinze,Mbwewe,Kwang’andu,111,Tambala,,11.6,,1,,1.0,2.0,3.0,123,2,125
Pwani,Bagamoyo,Chalinze DC,Chalinze,Mbwewe,Kwang’andu,112,Pozzo,,7.3,1,,,0.5,1.5,2.0,86,1,87
Pwani,Bagamoyo,Chalinze DC,Chalinze,Mbwewe,Changalikwa,113,Kolugulu “A”,,0.0,,1,,1.0,2.0,3.0,135,2,137
Pwani,Bagamoyo,Chalinze DC,Chalinze,Mbwewe,Changalikwa,114,Kolugulu “B”,,0.9,1,,,0.5,1.5,2.0,41,1,42
Pwani,Bagamoyo,Chalinze DC,Chalinze,Mbwewe,Changalikwa,115,Komkula,,3.0,1,,,0.5,1.5,2.0,150,1,151
Pwani,Bagamoyo,Chalinze DC,Chalinze,Mbwewe,Changalikwa,116,Kwedivumo,,0.0,1,,,0.5,1.5,2.0,56,1,57
Pwani,Bagamoyo,Chalinze DC,Chalinze,Mbwewe,Kunduchi,117,Kwamakonde,,0.3,,,,,,0.0,,,0
Pwani,Bagamoyo,Chalinze DC,Chalinze,Kimange,Kimange,118,"Komzige,",,0.0,1,,,0.5,1.5,2.0,102,1,103
Pwani,Bagamoyo,Chalinze DC,Chalinze,Kimange,Kimange,119,Kwevilangu,,0.1,1,,,0.5,1.5,2.0,41,1,42
Pwani,Bagamoyo,Chalinze DC,Chalinze,Kimange,Kimange,120,Komkwazu,,0.3,1,,,0.5,1.5,2.0,52,1,53
Pwani,Bagamoyo,Chalinze DC,Chalinze,Kimange,Pongwe Kiona,121,Kwedigondo,,0.2,,1,,2.0,4.0,6.0,141,1,142
Pwani,Bagamoyo,Chalinze DC,Chalinze,Kimange,Pongwe Kiona,122,Komsola,,0.2,1,,,0.5,1.5,2.0,41,1,42
Pwani,Bagamoyo,Chalinze DC,Chalinze,Kimange,Pongwe Kiona,123,Mpakani “A”,,0,1,,,0.5,1.5,2.0,52,1,53
Pwani,Bagamoyo,Chalinze DC,Chalinze,Kimange,Pongwe Kiona,124,Kwedikwiji “A”,,0.3,1,,,0.5,1.5,2.0,41,1,42
Pwani,Bagamoyo,Chalinze DC,Chalinze,Kimange,Pongwe Kiona,125,Kwedikwiji “B”,,0,1,,,0.5,1.5,2.0,52,1,53
Pwani,Bagamoyo,Chalinze DC,Chalinze,Kimange,Pongwe Kiona,126,Kousungu,,0.3,,1,,2.0,4.0,6.0,173,2,175
Pwani,Bagamoyo,Chalinze DC,Chalinze,Kimange,Pongwe Kiona,127,Tengeni,,0.0,1,,,0.5,1.5,2.0,41,1,42
Pwani,Bagamoyo,Chalinze DC,Chalinze,Kimange,Pongwe Kiona,128,Mazimunyu,,0,,,,,0.0,0.0,,,0
Pwani,Bagamoyo,Chalinze DC,Chalinze,Kimange,Pongwe Kiona,129,Msete,,0.2,1,,,0.5,1.5,2.0,41,1,42
Pwani,Bagamoyo,Chalinze DC,Chalinze,Kimange,Pongwe Kiona,130,Kweisweza,,0.6,,,,,0.0,0.0,,,0
Pwani,Bagamoyo,Chalinze DC,Chalinze,Kimange,Pongwemnazi,131,Kwedilongo,,0.3,1,,,0.5,1.5,2.0,46,1,47
Pwani,Bagamoyo,Chalinze DC,Chalinze,Kimange,Pongwemnazi,132,Kwasamnonga,,0.2,,,1,2.0,5.0,7.0,125,1,126
Pwani,Bagamoyo,Chalinze DC,Chalinze,Kimange,Pongwemnazi,133,Makitano,,0,,,,,0.0,0.0,,,0
Pwani,Bagamoyo,Chalinze DC,Chalinze,Kimange,Pongwemnazi,134,Kilimangwidu,,0.3,1,,,1.5,1.5,3.0,41,1,42
Pwani,Bagamoyo,Chalinze DC,Chalinze,Kimange,Pongwemnazi,135,Mpaji Mungu,,0.3,1,,,0.5,1.5,2.0,52,1,53
Pwani,Bagamoyo,Chalinze DC,Chalinze,Kimange,Kifuleta,136,Kunduchi,,0.1,1,,,0.5,1.5,2.0,41,1,42
Pwani,Bagamoyo,Chalinze DC,Chalinze,Kimange,Kifuleta,137,Kwediyembe,,0.4,,,,,0.0,0.0,,,0
Pwani,Bagamoyo,Chalinze DC,Chalinze,Kimange,Kifuleta,138,Kwengomero,,0.6,1,,,0.5,1.5,2.0,63,1,64
Pwani,Bagamoyo,Chalinze DC,Chalinze,Kimange,Kifuleta,139,Kichangani,,0,1,,,0.5,1.5,2.0,52,1,53
Pwani,Bagamoyo,Chalinze DC,Chalinze,Kimange,Kifuleta,140,Kiwanjani,,0.5,,,,,0.0,0.0,,,0
Pwani,Bagamoyo,Chalinze DC,Chalinze,Kimange,Kifuleta,141,Shuleni,,0.1,,,1,2.0,5.0,7.0,173,2,175
Pwani,Bagamoyo,Chalinze DC,Chalinze,Kibindu,Kibindu,142,Kwa Mabele,,7.1,,,1,,1.0,1.0,34,1,35
Pwani,Bagamoyo,Chalinze DC,Chalinze,Kibindu,Kwa Konje,143,Kwamazengo,,0.2,1,,,0.5,2.0,2.5,56,1,57
Pwani,Bagamoyo,Chalinze DC,Chalinze,Kibindu,Kwa Konje,144,Matongolo,,0,1,,,0.5,2.0,2.5,71,1,72
Pwani,Bagamoyo,Chalinze DC,Chalinze,Kibindu,Kwa Konje,145,Kwemsiga,,0,1,,,7.0,2.0,9.0,96,1,97
Pwani,Bagamoyo,Chalinze DC,Chalinze,Kibindu,Kwamsanja,146,Mazingara,,0,1,,,0.5,1.5,2.0,36,1,37
Pwani,Bagamoyo,Chalinze DC,Chalinze,Kibindu,Kwamduma,147,Kwavuli,,4.2,1,,,4.0,1.7,5.7,41,1,42
Pwani,Bagamoyo,Chalinze DC,Chalinze,Kibindu,Kwamduma,148,Mjembe A,,15.4,1,,,0.5,2.0,2.5,103,1,104
Pwani,Bagamoyo,Chalinze DC,Chalinze,Kibindu,Kwamduma,149,Gole,,13.7,1,,,0.5,7.0,7.5,49,1,50
Pwani,Bagamoyo,Chalinze DC,Chalinze,Miono,Miono,150,Umasaini,,2.8,1,,,0.5,1.5,2.0,36,1,37
Pwani,Bagamoyo,Chalinze DC,Chalinze,Miono,Miono,151,Ndumi,,1.7,1,,,0.5,1.5,2.0,47,1,48
Pwani,Bagamoyo,Chalinze DC,Chalinze,Miono,Miono,152,Kisangasa “A”,,1.9,,1,,1.0,2.0,3.0,203,3,206
Pwani,Bagamoyo,Chalinze DC,Chalinze,Miono,Miono,153,Kisangasa “B”,,0.8,1,,,0.5,1.5,2.0,52,1,53
Pwani,Bagamoyo,Chalinze DC,Chalinze,Miono,Miono,154,Selewa,,1.8,1,,,0.5,1.5,2.0,41,1,42
Pwani,Bagamoyo,Chalinze DC,Chalinze,Miono,Miono,155,Kwamayuwe,,1.0,1,,,0.5,1.5,2.0,52,1,53
Pwani,Bagamoyo,Chalinze DC,Chalinze,Miono,Miono,156,Komsanga,,1.5,,1,,1.0,2.0,3.0,42,3,45
Pwani,Bagamoyo,Chalinze DC,Chalinze,Miono,Miono,157,Kwamkopi,,0.0,1,,,0.5,1.5,2.0,52,1,53
Pwani,Bagamoyo,Chalinze DC,Chalinze,Miono,Mkwajuni,158,Kwamkodongo,,0.0,1,,,0.5,1.5,2.0,42,1,43
Pwani,Bagamoyo,Chalinze DC,Chalinze,Miono,Masimbani,159,Kwadibago,,3.7,1,,,0.5,2.0,2.5,56,1,57
Pwani,Bagamoyo,Chalinze DC,Chalinze,Miono,Masimbani,160,Kwedigoto  ‘A’,,0,1,,,0.5,2.0,2.5,71,1,72
Pwani,Bagamoyo,Chalinze DC,Chalinze,Miono,Masimbani,161,Michungwani,,0.4,1,,,7.0,2.0,9.0,96,1,97
Pwani,Bagamoyo,Chalinze DC,Chalinze,Miono,Masimbani,162,Mnazi  Mmoja,,0,1,,,0.5,1.5,2.0,36,1,37
Pwani,Bagamoyo,Chalinze DC,Chalinze,Miono,Masimbani,163,Mabega “B”,,0.4,1,,,0.5,1.5,2.0,36,1,37
Pwani,Bagamoyo,Chalinze DC,Chalinze,Miono,Masimbani,164,Kwedigoto “B”,,0,,,,0.5,1.5,2.0,36,1,37
Pwani,Bagamoyo,Chalinze DC,Chalinze,Miono,Mihuga,165,Maskani/Maekani,,0.6,1,,,7.0,2.0,9.0,96,1,97
Pwani,Bagamoyo,Chalinze DC,Chalinze,Miono,Mihuga,166,Mifugoni,,1,1,,,0.5,1.5,2.0,36,1,37
Pwani,Bagamoyo,Chalinze DC,Chalinze,Miono,Mihuga,167,Mkonga,,15.3,1,,,5.0,6.0,11.0,56,,56
Pwani,Bagamoyo,Chalinze DC,Chalinze,Miono,Mihuga,168,Dunda,,3.2,1,,,3.0,2.3,5.3,77,1,78
Pwani,Bagamoyo,Chalinze DC,Chalinze,Miono,Mihuga,169,Machala “A”,,6.6,1,,,0.5,1.5,2.0,36,1,37
Pwani,Bagamoyo,Chalinze DC,Chalinze,Miono,Mihuga,170,Machala “B”,,2.4,,1,,1.0,2.0,3.0,170,2,172
Pwani,Bagamoyo,Chalinze DC,Chalinze,Miono,Mihuga,171,Msinune “A”,,4.1,,1,,1.0,2.0,3.0,160,1,161
Pwani,Bagamoyo,Chalinze DC,Chalinze,Miono,Mihuga,172,Msinune “B”,,0,1,,,0.5,1.5,2.0,36,1,37
Pwani,Bagamoyo,Chalinze DC,Chalinze,Miono,Kweikonje,173,Ngorongoro,,4.1,1,,,0.7,2.0,2.7,98,2,100
Pwani,Bagamoyo,Chalinze DC,Chalinze,Miono,Kweikonje,174,Kwamaganga,,0,1,,,0.5,1.5,2.0,65,1,66
Pwani,Bagamoyo,Chalinze DC,Chalinze,Miono,Kikaro,175,Kwa Msaganguvu,,0,1,,,0.5,2.0,2.5,78,1,79
Pwani,Bagamoyo,Chalinze DC,Chalinze,Miono,Kikaro,176,Komkomba,,0,1,,,0.5,1.5,2.0,36,1,37
Pwani,Bagamoyo,Chalinze DC,Chalinze,Miono,Makao Makuu,177,Mafungo Mifugo,,0,,1,,1.0,2.5,3.5,154,2,156
Pwani,Bagamoyo,Chalinze DC,Chalinze,Miono,Makao Makuu,178,Mafungo Tongoni,,0,1,,,0.5,1.5,2.0,36,1,37
Pwani,Bagamoyo,Chalinze DC,Chalinze,Miono,Kipera,179,Kipera “B”,,0.3,1,,,0.5,1.5,2.0,79,1,80
Pwani,Bagamoyo,Chalinze DC,Chalinze,Miono,Kipera,180,Kipera Tongoni,,4.7,1,,,0.5,1.5,2.0,124,1,125
Pwani,Bagamoyo,Chalinze DC,Chalinze,Mandera,Mandera,181,Senta,,0,1,,,0.5,2.0,2.5,85,1,86
Pwani,Bagamoyo,Chalinze DC,Chalinze,Mandera,Mandera,182,Mkomba,,0.9,1,,,0.5,2.0,2.5,41,1,42
Pwani,Bagamoyo,Chalinze DC,Chalinze,Mandera,Mandera,183,Mumbi Mkangazi,,1.9,1,,,1.0,2.0,3.0,79,2,81
Pwani,Bagamoyo,Chalinze DC,Chalinze,Mandera,Mandera,184,Mumbi Mzambarau,,4.2,1,,,0.5,2.0,2.5,56,1,57
Pwani,Bagamoyo,Chalinze DC,Chalinze,Mandera,Mandera,185,Chemichemi,,0.3,1,,,0.5,1.5,2.0,36,1,37
Pwani,Bagamoyo,Chalinze DC,Chalinze,Mandera,Kibaoni,186,Kwamaraha.,,0,1,,,0.5,2.0,2.5,57,1,58
Pwani,Bagamoyo,Chalinze DC,Chalinze,Mandera,Kibaoni,187,Mnazi mmoja,,0,1,,,0.5,3.0,3.5,36,,36
Pwani,Bagamoyo,Chalinze DC,Chalinze,Mandera,Kibaoni,188,Tundu la Mwene,,0.5,1,,,0.5,2.0,2.5,30,,30
Pwani,Bagamoyo,Chalinze DC,Chalinze,Mandera,Kibaoni,189,Kikondeni,,0.4,1,,,0.5,2.0,2.5,70,1,71
Pwani,Bagamoyo,Chalinze DC,Chalinze,Mandera,Kibaoni,190,Maloweza,,0.8,1,,,0.5,2.0,2.5,30,1,31
Pwani,Bagamoyo,Chalinze DC,Chalinze,Mandera,Kibaoni,191,ChaTanga,,2.2,1,,,0.5,3.0,3.5,52,1,53
Pwani,Bagamoyo,Chalinze DC,Chalinze,Mandera,Kibaoni,192,Umasaini,,0.7,1,,,0.5,2.0,2.5,41,1,42
Pwani,Bagamoyo,Chalinze DC,Chalinze,Mandera,Kilemera,193,Kilemera “A”,,0.6,,,,1.0,2.5,3.5,171,3,174
Pwani,Bagamoyo,Chalinze DC,Chalinze,Mandera,Kilemera,194,Kilemera “B”,,1.7,,,3,5.0,6.0,11.0,95,10,105
Pwani,Bagamoyo,Chalinze DC,Chalinze,Mandera,Kilemera,195,Ndavindavi,,0.3,,1,,2.0,2.0,4.0,80,1,81
Pwani,Bagamoyo,Chalinze DC,Chalinze,Mandera,Kilemera,196,Bonye,,0.4,1,,,0.5,1.5,2.0,50,1,51
Pwani,Bagamoyo,Chalinze DC,Chalinze,Mandera,Rupungwi,197,Kongowe  ,,0.7,1,,,0.5,2.0,2.5,35,1,36
Pwani,Bagamoyo,Chalinze DC,Chalinze,Mandera,Rupungwi,198,Kwempila,,3.4,,1,,0.7,2.0,2.7,37,1,38
Pwani,Bagamoyo,Chalinze DC,Chalinze,Mandera,Rupungwi,199,Komdimu,,1.4,,,,,2.0,2.0,45,,45
Pwani,Bagamoyo,Chalinze DC,Chalinze,Mandera,Rupungwi,200,Kwa Mwanamang'ombe,,0,,,,0.5,2.0,2.5,20,,20
Pwani,Bagamoyo,Chalinze DC,Chalinze,Mandera,Rupungwi,201,Kilimanyani,,1.2,1,,,0.5,2.0,2.5,30,,30
Pwani,Bagamoyo,Chalinze DC,Chalinze,Mandera,Rupungwi,202,"Kwa Makocho""A""",,0.3,1,,,0.5,1.5,2.0,36,1,37
Pwani,Bagamoyo,Chalinze DC,Chalinze,Mandera,Makole,203,Chagutwi,,1.4,1,,,0.5,2.0,2.5,152,1,153
Pwani,Bagamoyo,Chalinze DC,Chalinze,Mandera,Makole,204,Kwamgoha,,0.3,1,,,0.5,1.5,2.0,106,1,107
Pwani,Bagamoyo,Chalinze DC,Chalinze,Mandera,Makole,205,Kwalugata,,2.3,1,,,0.5,2.0,2.5,35,1,36
Pwani,Bagamoyo,Chalinze DC,Chalinze,Mandera,Makole,206,Makole,,1.3,1,,,0.5,1.5,2.0,36,1,37
Pwani,Bagamoyo,Chalinze DC,Chalinze,Mandera,Makole,207,Mwerungwi,,0.2,1,,,0.5,1.5,2.0,36,1,37
Pwani,Bagamoyo,Chalinze DC,Chalinze,Mandera,Hondogo,208,Kivu,,0,1,,,0.5,1.5,2.0,36,1,37
Pwani,Bagamoyo,Chalinze DC,Chalinze,Mandera,Hondogo,209,Kipera,,0,1,,,0.5,1.5,2.0,36,1,37
Pwani,Bagamoyo,Chalinze DC,Chalinze,Mkange,Mkange,210,Luhande,,0.0,1,,,0.5,1.5,2.0,40,1,41
Pwani,Bagamoyo,Chalinze DC,Chalinze,Mkange,Mkange,211,Mgodole,,0,1,,,0.3,1.5,1.8,34,1,35
Pwani,Bagamoyo,Chalinze DC,Chalinze,Mkange,Mkange,212,Java,,8.6,,1,,2.0,4.0,6.0,170,1,171
Pwani,Bagamoyo,Chalinze DC,Chalinze,Mkange,Matipwili,213,Biga,,0.0,1,,,0.3,1.0,1.3,20,1,21
Pwani,Bagamoyo,Chalinze DC,Chalinze,Mkange,Matipwili,214,Mkunguni,,0.4,1,,,0.5,1.5,2.0,36,1,37
Pwani,Bagamoyo,Chalinze DC,Chalinze,Mkange,Matipwili,215,Tumbilini,,0.0,1,,,0.5,2.5,3.0,21,2,23
Pwani,Bagamoyo,Chalinze DC,Chalinze,Mkange,Matipwili,216,Kisauke,,0.7,1,,,0.5,1.5,2.0,21,2,23
Pwani,Bagamoyo,Chalinze DC,Chalinze,Mkange,Gongo,217,Kwamlinga,,0.0,,,1,2.0,4.0,6.0,177,3,180
Pwani,Bagamoyo,Chalinze DC,Chalinze,Mkange,Gongo,218,Kalimeni,,1.2,1,,,0.5,2.0,2.5,56,1,57
Pwani,Bagamoyo,Chalinze DC,Chalinze,Mkange,Gongo,219,Mtuba,,0.0,1,,,0.5,2.0,2.5,71,1,72
Pwani,Bagamoyo,Chalinze DC,Chalinze,Mkange,Mandamazingara,220,Kitoapindi,,1.0,1,,,0.5,1.0,1.5,20,,20
Pwani,Bagamoyo,Chalinze DC,Chalinze,Mkange,Mandamazingara,221,Kitonga,,2.4,1,,,0.3,1.5,1.8,35,1,36
Pwani,Bagamoyo,Chalinze DC,Chalinze,Mkange,Mandamazingara,222,Komtonga,,3.4,1,,,0.3,1.5,1.8,51,1,52
Pwani,Bagamoyo,Chalinze DC,Chalinze,Mkange,Mandamazingara,223,Kwanazidi “A”,,4.8,1,,,0.5,2.0,2.5,95,1,96
Pwani,Bagamoyo,Chalinze DC,Chalinze,Mkange,Mandamazingara,224,Kwanazidi “B”,,2.4,1,,,0.3,1.5,1.8,35,1,36
Pwani,Bagamoyo,Chalinze DC,Chalinze,Mkange,Mandamazingara,225,Kwedikanga “A”,,0,1,,,0.3,1.4,1.7,30,,30
Pwani,Bagamoyo,Chalinze DC,Chalinze,Mkange,Mandamazingara,226,Kwedikanga “B”,,4,1,,,0.3,1.5,1.8,45,1,46
Pwani,Bagamoyo,Chalinze DC,Chalinze,Mkange,Mandamazingara,227,Kwedikanga “C”,,0,1,,,0.3,1.5,1.8,51,,51
Pwani,Bagamoyo,Chalinze DC,Chalinze,Mkange,Saadani,228,Timba,,9.4,,1,,1.0,3.0,4.0,57,1,58
Pwani,Bagamoyo,Chalinze DC,Chalinze,Mkange,Saadani,229,Makupani,,1.3,1,,,0.5,1.5,2.0,36,1,37
Pwani,Bagamoyo,Chalinze DC,Chalinze,Mkange,Saadani,230,Uvinje,,9.0,1,,,0.3,2.0,2.3,23,1,24
Pwani,Bagamoyo,Chalinze DC,Chalinze,Mkange,Saadani,231,Mbuyuni ,,0,,1,1,2.0,3.0,5.0,66,4,70
Pwani,Bagamoyo,Chalinze DC,Chalinze,Mkange,Saadani,232,Bomani,,0.3,,1,1,2.0,5.0,7.0,43,4,47
Pwani,Bagamoyo,Chalinze DC,Chalinze,Mkange,Saadani,233,Pwani,,0.2,1,,,0.3,1.4,1.7,30,,30
Pwani,Bagamoyo,Chalinze DC,Chalinze,Mkange,Saadani,234,Jangwani,,0.2,,1,1,2.0,5.0,7.0,77,4,81
Pwani,Bagamoyo,Chalinze DC,Chalinze,Mkange,Saadani,235,Januari,,0,1,,,0.3,1.4,1.7,30,,30
Pwani,Bagamoyo,Chalinze DC,Chalinze,Mkange,Saadani,236,Mkwajuni,,0.2,1,,,0.3,1.5,1.8,45,1,46
Pwani,Bagamoyo,Chalinze DC,Chalinze,Mkange,Saadani,237,Kati,,0.3,1,,,0.3,1.5,1.8,51,,51
Pwani,Bagamoyo,Chalinze DC,Chalinze,Mkange,Saadani,238,Kajanjo,,1.7,1,,,0.3,1.4,1.7,30,,30
Pwani,Bagamoyo,Chalinze DC,Chalinze,Lugoba,Mindutulieni,239,Nadanya,,3.2,1,,,1.0,2.0,3.0,65,1,66
Pwani,Bagamoyo,Chalinze DC,Chalinze,Lugoba,Makombe,240,Lamboni,,0,1,,,0.5,2.0,2.5,43,1,44
Pwani,Bagamoyo,Chalinze DC,Chalinze,Lugoba,Makombe,241,Lufako,,0,1,,,0.5,1.5,2.0,36,1,37
Pwani,Bagamoyo,Chalinze DC,Chalinze,Lugoba,Kinzagu,242,Kwamkucha,,2.2,1,,,0.5,1.5,2.0,75,1,76
Pwani,Bagamoyo,Chalinze DC,Chalinze,Lugoba,Kinzagu,243,Lugata,,1.4,1,,,0.5,1.5,2.0,65,1,66
Pwani,Bagamoyo,Chalinze DC,Chalinze,Lugoba,Kinzagu,244,Mindu Bwawani,,0.0,1,,,0.5,1.5,2.0,36,1,37
Pwani,Bagamoyo,Chalinze DC,Chalinze,Lugoba,Lugoba,245,Sekondari,,0.0,1,,,0.5,2.0,2.5,102,,102
Pwani,Bagamoyo,Chalinze DC,Chalinze,Lugoba,Lugoba,246,Mbukwa,,2.1,1,,,0.5,2.0,2.5,52,,52
Pwani,Bagamoyo,Chalinze DC,Chalinze,Lugoba,Lunga,247,Kudibawe,,0,,1,,,1.5,1.5,65,,65
Pwani,Bagamoyo,Chalinze DC,Chalinze,Lugoba,Saleni,248,Mihande,,0,1,,,0.5,1.5,2.0,36,1,37
Pwani,Bagamoyo,Chalinze DC,Chalinze,Msoga,Msoga,249,Mkundi,,3.8,1,,,0.5,2.5,3.0,53,1,54
Pwani,Bagamoyo,Chalinze DC,Chalinze,Msoga,Msoga,250,Kingugi,,2.3,5,,,0.5,2.0,2.5,64,1,65
Pwani,Bagamoyo,Chalinze DC,Chalinze,Msoga,Msoga,251,Mokela,,1.6,,,,0.5,2.0,2.5,64,1,65
Pwani,Bagamoyo,Chalinze DC,Chalinze,Msoga,Diozile,252,Mokela,,0,1,,,0.5,1.5,2.0,56,1,57
Pwani,Bagamoyo,Chalinze DC,Chalinze,Msoga,Diozile,253,Changa,,1.5,1,,,1.0,1.5,2.5,156,1,157
Pwani,Bagamoyo,Chalinze DC,Chalinze,Msoga,Diozile,254,Diyagaya,,3.2,1,,,,2.0,2.0,50,1,51
Pwani,Bagamoyo,Chalinze DC,Chalinze,Msoga,Diozile,255,Frands corna,,0,1,,,0.5,2.0,2.5,111,1,112
Pwani,Bagamoyo,Chalinze DC,Chalinze,Msoga,Diozile,256,Korong’ombe,,1.7,1,,,0.5,2.0,2.5,30,1,31
Pwani,Bagamoyo,Chalinze DC,Chalinze,Msoga,Diozile,257,Makole,,12.9,1,,,0.5,1.5,2.0,36,1,37
Pwani,Bagamoyo,Chalinze DC,Chalinze,Msoga,Mboga,258,Kudidege,,1.6,,,2,1.5,2.0,3.5,108,3,111
Pwani,Bagamoyo,Chalinze DC,Chalinze,Talawanda,Mindukene,259,Bane,,0.7,1,,,0.5,1.5,2.0,69,1,70
Pwani,Bagamoyo,Chalinze DC,Chalinze,Talawanda,Mindukene,260,Kudikulwi,,0.9,1,,,1.0,1.0,2.0,43,1,44
Pwani,Bagamoyo,Chalinze DC,Chalinze,Talawanda,Mindukene,261,Kidayi,,2.0,5,,,0.5,1.5,2.0,63,1,64
Pwani,Bagamoyo,Chalinze DC,Chalinze,Talawanda,Msigi,262,Mabwe,,3.2,1,,,0.5,2.0,2.5,55,1,56
Pwani,Bagamoyo,Chalinze DC,Chalinze,Talawanda,Kisanga,263,Kipera,,5.7,1,,,0.5,1.5,2.0,50,1,51
Pwani,Bagamoyo,Chalinze DC,Chalinze,Talawanda,Talawanda,264,Ludiga,,8.1,,1,,1.0,3.0,4.0,195,3,198
Pwani,Bagamoyo,Chalinze DC,Chalinze,Talawanda,Talawanda,265,Vundumu,,1.5,1,,,0.5,2.0,2.5,75,1,76
Pwani,Bagamoyo,Chalinze DC,Chalinze,Talawanda,Magulumatali,266,Kudihungo,,2.4,1,,,0.5,1.5,2.0,49,1,50
Pwani,Bagamoyo,Chalinze DC,Chalinze,Talawanda,Magulumatali,267,Mwananyamala,,0.4,1,,,1,2.0,3.0,21,2,23
Pwani,Bagamoyo,Chalinze DC,Chalinze,Talawanda,Magulumatali,268,Kisambi,,10.5,1,,,0.5,1.0,1.5,79,1,80
Pwani,Bagamoyo,Chalinze DC,Chalinze,Talawanda,Magulumatali,269,Kihungo,,9.9,1,,,0.5,1.5,2.0,80,1,81
Pwani,Bagamoyo,Chalinze DC,Chalinze,Vigwaza,Buyuni,270,Jificheni,,1.4,1,,,0.5,1.5,2.0,47,1,48
Pwani,Bagamoyo,Chalinze DC,Chalinze,Vigwaza,Buyuni,271,Chang'ombe,,0.0,1,,,0.5,1.5,2.0,56,1,57
Pwani,Bagamoyo,Chalinze DC,Chalinze,Vigwaza,Buyuni,272,Kingubwi,,2.7,,1,,1.0,2.0,3.0,203,3,206
Pwani,Bagamoyo,Chalinze DC,Chalinze,Vigwaza,Buyuni,273,Mziuguni,,9.6,1,,,0.5,1.5,2.0,36,1,37
Pwani,Bagamoyo,Chalinze DC,Chalinze,Vigwaza,Buyuni,274,Visangalila,,3.3,1,,,0.5,1.5,2.0,41,1,42
Pwani,Bagamoyo,Chalinze DC,Chalinze,Vigwaza,Buyuni,275,Kudihungo,,2.5,1,,,0.5,1.5,2.0,52,1,53
Pwani,Bagamoyo,Chalinze DC,Chalinze,Vigwaza,Buyuni,276,Vitengwe,,0.7,,1,,1.0,2.0,3.0,42,3,45
Pwani,Bagamoyo,Chalinze DC,Chalinze,Vigwaza,Buyuni,277,Kilimahewa,,0.3,1,,,0.5,1.5,2.0,42,1,43
Pwani,Bagamoyo,Chalinze DC,Chalinze,Vigwaza,Kitonga,278,Mji Mpya,,0.0,,1,,1.0,2.0,3.0,203,3,206
Pwani,Bagamoyo,Chalinze DC,Chalinze,Vigwaza,Milo,279,Migude,,2.8,1,,,0.5,1.5,2.0,41,1,42
Pwani,Bagamoyo,Chalinze DC,Chalinze,Vigwaza,Milo,280,Hekanane,,0.0,1,,,0.5,1.5,2.0,52,1,53
Pwani,Bagamoyo,Chalinze DC,Chalinze,Vigwaza,Milo,281,Relini,,6.4,1,,,0.5,1.5,2.0,42,1,43
Pwani,Bagamoyo,Chalinze DC,Chalinze,Vigwaza,Vigwaza,282,Kipera,,0.3,1,,,0.5,1.5,2.0,36,1,37
Pwani,Bagamoyo,Chalinze DC,Chalinze,Vigwaza,Vigwaza,283,Bwagi,,1.3,1,,,0.5,1.5,2.0,47,1,48
Pwani,Bagamoyo,Chalinze DC,Chalinze,Vigwaza,Vigwaza,284,Kihugo A,,0.5,1,,,0.5,1.5,2.0,56,1,57
Pwani,Bagamoyo,Chalinze DC,Chalinze,Vigwaza,Vigwaza,285,Kihugo B,,1.5,,1,,1.0,2.0,3.0,50,3,53
Pwani,Bagamoyo,Chalinze DC,Chalinze,Vigwaza,Kwazoka,286,Kivungwi,,2.9,1,,,0.5,1.5,2.0,52,1,53
Pwani,Bagamoyo,Chalinze DC,Chalinze,Vigwaza,Kwazoka,287,Kiloweko,,1.4,,1,,1.0,2.0,3.0,42,3,45
Pwani,Bagamoyo,Chalinze DC,Chalinze,Vigwaza,Mnindi,288,Lusanzala,,0.8,,1,1,2.0,5.0,7.0,34,3,37
Pwani,Bagamoyo,Chalinze DC,Chalinze,Vigwaza,Mnindi,289,Kolong'ombe,,0.2,1,,,0.5,2.0,2.5,71,1,72
Pwani,Bagamoyo,Chalinze DC,Chalinze,Vigwaza,Visezi,290,Changedere,,2.8,,1,,1.0,1.5,2.5,75,,75
Pwani,Bagamoyo,Chalinze DC,Chalinze,Vigwaza,Visezi,291,Kisogo,,0,,,,,1.0,1.0,1,,1
Pwani,Bagamoyo,Chalinze DC,Chalinze,Ubenazomozi,Ubenazomozi,292,Kilimahewa,,0.6,,1,,1.0,1.5,2.5,75,,75
Pwani,Bagamoyo,Chalinze DC,Chalinze,Ubenazomozi,Ubenazomozi,293,Mkuyuni,,1.1,1,,,0.5,1.5,2.0,36,1,37
Pwani,Bagamoyo,Chalinze DC,Chalinze,Ubenazomozi,Ubenazomozi,294,Kuding`ongo ,,0.8,1,,,0.5,1.5,2.0,56,1,57
Pwani,Bagamoyo,Chalinze DC,Chalinze,Ubenazomozi,Ubenazomozi,295,Njianne,,1.2,1,,,0.5,1.5,2.0,36,1,37
Pwani,Bagamoyo,Chalinze DC,Chalinze,Ubenazomozi,Tukamisasa,296,Tuka Mjini ,,1.0,,1,,1.0,4.0,5.0,173,2,175
Pwani,Bagamoyo,Chalinze DC,Chalinze,Ubenazomozi,Tukamisasa,297,Kichangani,,3.7,1,,,1.0,1.5,2.5,73,1,74
Pwani,Bagamoyo,Chalinze DC,Chalinze,Ubenazomozi,Tukamisasa,298,Kongwa,,1.5,1,,,1.0,1.0,2.0,43,1,44
Pwani,Bagamoyo,Chalinze DC,Chalinze,Ubenazomozi,Tukamisasa,299,"MBuyu ""A""",,2.6,,1,,2.0,4.0,6.0,120,2,122
Pwani,Bagamoyo,Chalinze DC,Chalinze,Ubenazomozi,Tukamisasa,300,"MBuyu ""B""",,0,,,,1.0,1.0,2.0,43,1,44
Pwani,Bagamoyo,Chalinze DC,Chalinze,Ubenazomozi,Tukamisasa,301,KiPera,,2.1,1,,,0.5,2.0,2.5,42,1,43
Pwani,Bagamoyo,Chalinze DC,Chalinze,Ubenazomozi,Tukamisasa,302,Mazimunyu,,7.7,1,,,0.5,2.0,2.5,51,2,53
Pwani,Bagamoyo,Chalinze DC,Chalinze,Ubenazomozi,Tukamisasa,303,Kidughwe,,0,1,,,0.5,2.0,2.5,45,1,46
Pwani,Bagamoyo,Chalinze DC,Chalinze,Ubenazomozi,Tukamisasa,304,Choza,,5.9,1,,,0.5,2.0,2.5,63,1,64
Pwani,Bagamoyo,Chalinze DC,Chalinze,Ubenazomozi,Tukamisasa,305,Mbuyu,,0.0,1,,,1.0,2.0,3.0,146,1,147
Pwani,Bagamoyo,Chalinze DC,Chalinze,Ubenazomozi,Mwidu,306,Mwedida,,0.6,1,,,,2.0,2.0,43,,43
Pwani,Bagamoyo,Chalinze DC,Chalinze,Ubenazomozi,Mwidu,307,Lungo ,,6.1,,1,,1.0,2.5,3.5,53,2,55
Pwani,Bagamoyo,Chalinze DC,Chalinze,Ubenazomozi,Mwidu,308,Mbega,,8.1,1,,,0.5,2.0,2.5,45,1,46
Pwani,Bagamoyo,Chalinze DC,Chalinze,Ubenazomozi,Kaloleni,309,Lulenge,,8.6,1,1,,2.0,6.0,8.0,195,3,198
Pwani,Bagamoyo,Chalinze DC,Chalinze,Ubenazomozi,Visakazi,310,Visakazi Juu,,1.1,,1,,1.0,3.0,4.0,75,2,77
Pwani,Bagamoyo,Chalinze DC,Chalinze,Ubenazomozi,Visakazi,311,Visakazi Lukwembe,,9.6,1,,,1.0,2.0,3.0,33,2,35
Pwani,Bagamoyo,Chalinze DC,Chalinze,Bwilingu,Matuli,312,Mapalamba,,1.9,1,,,0.5,1.5,2.0,56,1,57
Pwani,Bagamoyo,Chalinze DC,Chalinze,Bwilingu,Matuli,313,Chalambe,,6.8,1,,,0.5,1.5,2.0,36,1,37
Pwani,Bagamoyo,Chalinze DC,Chalinze,Bwilingu,Matuli,314,Kudimoze,,3.2,1,,,0.5,1.5,2.0,36,1,37
,,,,Mamlaka ya Mji Mdogo wa Chalinze,,,,,,,,,,,0.0,,,0
Pwani,Bagamoyo,Chalinze DC,Chalinze,Bwilingu,,315,Mtambani,,8.1,1,1,,2.0,5.0,7.0,176,3,179
JUMLA NDOGO,,,,,,315,,0.0,456.7,234,44,17,274.6,551.4,829.0,"16,783",469,"17,285"
Pwani,Kibaha,Kibaha DC,Kibaha Vijijini,Bokomnemela,Mkalambati,1,Mpakani ,,0.8,1,,,2.0,3.0,5.0,55,1,56
Pwani,Kibaha,Kibaha DC,Kibaha Vijijini,Soga,Soga,2,Kongo,,0.0,1,,,1.0,2.0,3.0,43,1,44
Pwani,Kibaha,Kibaha DC,Kibaha Vijijini,Soga,Kipangege,3,Chamgohi,,0.0,1,,,1.0,2.0,3.0,32,1,33
Pwani,Kibaha,Kibaha DC,Kibaha Vijijini,Kwala,Kwala,4,Waya,,4.9,1,,,1.0,1.0,2.0,37,1,38
Pwani,Kibaha,Kibaha DC,Kibaha Vijijini,Gwata,Milalazi,5,Milalazi,,0.0,1,,,2.0,3.0,5.0,55,1,56
Pwani,Kibaha,Kibaha DC,Kibaha Vijijini,Gwata,Milalazi,6,Buguruni ,,1.4,1,,,2.0,3.0,5.0,55,1,56
Pwani,Kibaha,Kibaha DC,Kibaha Vijijini,Gwata,Milalazi,7,Gude ,,0.0,1,,,1.0,2.0,3.0,43,1,44
Pwani,Kibaha,Kibaha DC,Kibaha Vijijini,Gwata,Gwata,8,Mguluka,,3.4,1,,,2.0,3.0,5.0,55,1,56
Pwani,Kibaha,Kibaha DC,Kibaha Vijijini,Gwata,Ngwale,9,Vinyenze,,8.1,1,,,1.0,2.0,3.0,43,1,44
Pwani,Kibaha,Kibaha DC,Kibaha Vijijini,Gwata,Kigoda,10,Mtonga B,,4.0,1,,,1.5,3.0,4.5,57,2,59
Pwani,Kibaha,Kibaha DC,Kibaha Vijijini,Magindu,Lukenge,11,Vifonze,,0.0,,1,,1.0,3.0,4.0,49,1,50
Pwani,Kibaha,Kibaha DC,Kibaha Vijijini,Magindu,Lukenge,12,Muyombo Kati,,4.1,,1,,1.5,3.0,4.5,44,2,46
Pwani,Kibaha,Kibaha DC,Kibaha Vijijini,Magindu,Lukenge,13,Kiseka,,0.0,1,,,2.0,3.0,5.0,64,1,65
Pwani,Kibaha,Kibaha DC,Kibaha Vijijini,Magindu,Magindu,14,Mnyonge ,,0.0,1,,,1.5,3.0,4.5,57,2,59
Pwani,Kibaha,Kibaha DC,Kibaha Vijijini,Magindu,Magindu,15,Lukalasi ,,0.0,,1,,1.0,3.0,4.0,49,1,50
Pwani,Kibaha,Kibaha DC,Kibaha Vijijini,Magindu,Magindu,16,Masaki ,,1.4,,1,,1.5,3.0,4.5,39,2,41
Pwani,Kibaha,Kibaha DC,Kibaha Vijijini,Magindu,Mizuguni,17,Mizuguni ‘B’,,2.8,1,,,2.0,3.0,5.0,55,1,56
Pwani,Kibaha,Kibaha DC,Kibaha Vijijini,Magindu,Mizuguni,18,Muyombo Ukulima,,2.2,1,,,2.0,3.0,5.0,55,1,56
JUMLA NDOGO,,,,,,18,,0.0,33.1,14,4,0,27.0,48.0,75.0,887,22,909
Pwani,Kibiti,Kibiti DC,Kibiti,Salale,Kiomboni,1,Pwani,,0.0,1,,,0.8,4.8,5.6,43,1,44
Pwani,Kibiti,Kibiti DC,Kibiti,Salale,Kiomboni,2,Twana,,0.0,,,,,2.0,2.0,41,2,43
Pwani,Kibiti,Kibiti DC,Kibiti,Salale,Kiomboni,3,Ulongoni,,0.0,,,,,4.0,4.0,24,3,27
Pwani,Kibiti,Kibiti DC,Kibiti,Salale,Mchinga,4,Kilwani,,0.0,,1,,1.0,5.0,6.0,43,3,46
Pwani,Kibiti,Kibiti DC,Kibiti,Salale,Mchinga,5,Mchinga,,0.0,,,,,4.0,4.0,35,2,37
Pwani,Kibiti,Kibiti DC,Kibiti,Salale,Mchinga,6,Salale,,0.0,,,,,4.0,4.0,33,4,37
Pwani,Kibiti,Kibiti DC,Kibiti,Salale,Mchinga,7,Saninga,,0.0,,,,,2.0,2.0,37,5,42
Pwani,Kibiti,Kibiti DC,Kibiti,Salale,Mchinga,8,Simbaulanga,,0.0,,,,,2.0,2.0,52,6,58
Pwani,Kibiti,Kibiti DC,Kibiti,Salale,Mfisini,9,Mfisini 'A',,0.0,1,,,1.0,4.2,5.2,24,7,31
Pwani,Kibiti,Kibiti DC,Kibiti,Salale,Mfisini,10,Mfisini 'B',,0.0,,,,,3.6,3.6,56,7,63
Pwani,Kibiti,Kibiti DC,Kibiti,Salale,Mfisini,11,Mfisini Kati,,0.0,,,,,3.2,3.2,19,6,25
Pwani,Kibiti,Kibiti DC,Kibiti,Kiongoroni,Jaja,12,Bumbuamani,,0.0,,1,,1.0,4.4,5.4,22,4,26
Pwani,Kibiti,Kibiti DC,Kibiti,Kiongoroni,Jaja,13,Kitongani,,0.0,,,,,4.0,4.0,32,3,35
Pwani,Kibiti,Kibiti DC,Kibiti,Kiongoroni,Jaja,14,Mjimwema,,0.0,,,,,3.4,3.4,32,5,37
Pwani,Kibiti,Kibiti DC,Kibiti,Kiongoroni,Kiongoroni,15,Bweni,,1.0,1,,,1.0,4.8,5.8,34,3,37
Pwani,Kibiti,Kibiti DC,Kibiti,Kiongoroni,Kiongoroni,16,Makwende,,2.0,1,,,1.0,4.0,5.0,36,4,40
Pwani,Kibiti,Kibiti DC,Kibiti,Kiongoroni,Kiongoroni,17,Nyaobe,,2.0,1,,,1.0,4.0,5.0,37,6,43
Pwani,Kibiti,Kibiti DC,Kibiti,Kiongoroni,Pombwe,18,Kilambani,,0.0,,1,,1.0,5.8,6.8,41,6,47
Pwani,Kibiti,Kibiti DC,Kibiti,Kiongoroni,Pombwe,19,Pombwe kubwa,,0.0,,,,,5.0,5.0,24,5,29
Pwani,Kibiti,Kibiti DC,Kibiti,Kiongoroni,Pombwe,20,Mbungwi,,0.0,,,,,4.0,4.0,43,7,50
Pwani,Kibiti,Kibiti DC,Kibiti,Kiongoroni,Pombwe,21,Sunni,,0.0,,,,,3.9,3.9,35,6,41
Pwani,Kibiti,Kibiti DC,Kibiti,Kiongoroni,Ruma,23,Emelwa,,0.0,,,,,4.0,4.0,37,6,43
Pwani,Kibiti,Kibiti DC,Kibiti,Kiongoroni,Ruma,25,MTanga,,0.0,1,,,,2.0,2.0,24,5,29
Pwani,Kibiti,Kibiti DC,Kibiti,Kiongoroni,Ruma,26,Nyamikamba,,0.0,,,,,3.0,3.0,56,1,57
Pwani,Kibiti,Kibiti DC,Kibiti,Maparoni,Kiechuru,27,Kati,,0.0,1,,,1.0,5.0,6.0,19,2,21
Pwani,Kibiti,Kibiti DC,Kibiti,Maparoni,Kiechuru,28,Kityanga,,0.0,,,,,3.6,3.6,21,1,22
Pwani,Kibiti,Kibiti DC,Kibiti,Maparoni,Kiechuru,29,Korango,,0.0,,,,,3.0,3.0,23,1,24
Pwani,Kibiti,Kibiti DC,Kibiti,Maparoni,Kiechuru,30,Mgambo,,0.0,,,,,3.6,3.6,24,2,26
Pwani,Kibiti,Kibiti DC,Kibiti,Maparoni,Maparoni,31,Gingi,,0.0,,1,,1.0,6.0,7.0,22,1,23
Pwani,Kibiti,Kibiti DC,Kibiti,Maparoni,Maparoni,32,Mbangani,,0.0,,,,,2.8,2.8,32,2,34
Pwani,Kibiti,Kibiti DC,Kibiti,Maparoni,Maparoni,33,Tuwa,,0.0,,,,,3.0,3.0,32,1,33
Pwani,Kibiti,Kibiti DC,Kibiti,Maparoni,Maparoni,34,Usimbe Kiwanjani,,0.0,,,,,3.2,3.2,34,3,37
Pwani,Kibiti,Kibiti DC,Kibiti,Maparoni,Maparoni,35,Usimbe Kidoga,,0.0,,,,,2.6,2.6,36,2,38
Pwani,Kibiti,Kibiti DC,Kibiti,Mbuchi,Mbuchi,36,Barabarani,,0.0,,1,,1.0,6.0,7.0,37,2,39
Pwani,Kibiti,Kibiti DC,Kibiti,Mbuchi,Mbuchi,37,Kipoka,,0.0,1,,,1.0,4.0,5.0,41,4,45
Pwani,Kibiti,Kibiti DC,Kibiti,Mbuchi,Mbuchi,38,Kitingi,,1.6,1,,,1.0,4.0,5.0,24,3,27
Pwani,Kibiti,Kibiti DC,Kibiti,Mbuchi,Mbuchi,39,Makondoro,,0.0,1,,,1.0,4.0,5.0,43,2,45
Pwani,Kibiti,Kibiti DC,Kibiti,Mbuchi,Mbuchi,40,Mikwang`ombe,,3.9,1,,,1.0,4.0,5.0,35,3,38
Pwani,Kibiti,Kibiti DC,Kibiti,Mbuchi,Mbuchi,41,Nganje,,1.2,1,,,1.0,4.0,5.0,33,2,35
Pwani,Kibiti,Kibiti DC,Kibiti,Mbuchi,Mbwera Magharibi,42,Doka,,5.9,1,1,,1.0,5.0,6.0,37,1,38
Pwani,Kibiti,Kibiti DC,Kibiti,Mbuchi,Mbwera Magharibi,43,Kibumburu,,3.1,1,,,1.0,4.0,5.0,52,2,54
Pwani,Kibiti,Kibiti DC,Kibiti,Mbuchi,Mbwera Magharibi,44,Kiongoro,,0.0,1,,,1.0,4.0,5.0,24,1,25
Pwani,Kibiti,Kibiti DC,Kibiti,Mbuchi,Mbwera Magharibi,45,Kumbacha,,4.5,1,,,1.0,4.0,5.0,56,2,58
Pwani,Kibiti,Kibiti DC,Kibiti,Mbuchi,Mbwera Magharibi,46,Mkepa,,1.0,1,,,1.0,2.0,3.0,19,1,20
Pwani,Kibiti,Kibiti DC,Kibiti,Mbuchi,Mbwera Magharibi,47,Mtawatawa,,1.8,1,,,1.0,4.0,5.0,21,2,23
Pwani,Kibiti,Kibiti DC,Kibiti,Mbuchi,Mbwera Magharibi,48,Mkurumo,,1.8,1,,,1.0,2.0,3.0,23,1,24
Pwani,Kibiti,Kibiti DC,Kibiti,Mbuchi,Mbwera Mashariki,49,Marongoni,,1.4,,1,,1.0,5.0,6.0,24,2,26
Pwani,Kibiti,Kibiti DC,Kibiti,Mbuchi,Mbwera Mashariki,50,Mbumburu,,0.5,1,,,1.0,4.0,5.0,22,1,23
Pwani,Kibiti,Kibiti DC,Kibiti,Mbuchi,Mbwera Mashariki,51,Mdai,,1.6,1,,,1.0,4.0,5.0,32,2,34
Pwani,Kibiti,Kibiti DC,Kibiti,Mbuchi,Mbwera Mashariki,52,Mkirika,,1.6,1,,,1.0,3.0,4.0,32,1,33
Pwani,Kibiti,Kibiti DC,Kibiti,Msala,Kiasi,53,Nunu,,0.0,1,,,,4.0,4.0,34,2,36
Pwani,Kibiti,Kibiti DC,Kibiti,Msala,Kiasi,54,Nyunguni,,0.0,,,,,3.6,3.6,36,1,37
Pwani,Kibiti,Kibiti DC,Kibiti,Msala,Kiasi,55,Poloti,,0.0,,,,,3.4,3.4,37,2,39
Pwani,Kibiti,Kibiti DC,Kibiti,Msala,Kiasi,56,Uwandani,,0.0,,,,,2.6,2.6,41,2,43
Pwani,Kibiti,Kibiti DC,Kibiti,Msala,Msala,57,Majaliwa,,0.0,1,1,,1.0,5.0,6.0,24,2,26
Pwani,Kibiti,Kibiti DC,Kibiti,Msala,Msala,58,Mbaleni,,0.0,,,,,3.0,3.0,43,3,46
Pwani,Kibiti,Kibiti DC,Kibiti,Msala,Msala,59,Mbomboni,,0.0,,,,,3.4,3.4,35,3,38
Pwani,Kibiti,Kibiti DC,Kibiti,Msala,Msala,60,Ukongoro,,0.0,,,,,3.6,3.6,33,3,36
Pwani,Kibiti,Kibiti DC,Kibiti,Msala,Msala,61,Wasamade,,0.0,,,,,3.2,3.2,37,2,39
Pwani,Kibiti,Kibiti DC,Kibiti,Msala,Twasalie,62,Domwe,,0.0,,1,,1.0,5.0,6.0,52,3,55
Pwani,Kibiti,Kibiti DC,Kibiti,Msala,Twasalie,63,Kisimbya,,0.0,,,,,2.8,2.8,24,3,27
Pwani,Kibiti,Kibiti DC,Kibiti,Msala,Twasalie,64,Nyahimba,,0.0,,,,,2.4,2.4,56,3,59
Pwani,Kibiti,Kibiti DC,Kibiti,Msala,Twasalie,65,Poloti,,0.0,,,,,3.0,3.0,19,4,23
Pwani,Kibiti,Kibiti DC,Kibiti,Msala,Twasalie,66,Tarachu,,0.0,,,,,2.0,2.0,21,4,25
Pwani,Kibiti,Kibiti DC,Kibiti,Mlanzi,Machipi,67,Kibuni,,0.8,,1,,1.0,5.0,6.0,23,4,27
Pwani,Kibiti,Kibiti DC,Kibiti,Mlanzi,Machipi,70,Ngunja,,0.7,1,,,1.0,3.0,4.0,24,3,27
Pwani,Kibiti,Kibiti DC,Kibiti,Mlanzi,Machipi,71,Ruanda,,1.2,,,,,2.6,2.6,43,2,45
Pwani,Kibiti,Kibiti DC,Kibiti,Mlanzi,Nyamwimbe,73,UmTanga,,0.5,1,,,1.0,3.0,4.0,22,2,24
Pwani,Kibiti,Kibiti DC,Kibiti,Mlanzi,Nyamwimbe,74,Malenda,,0.0,1,,,1.0,3.0,4.0,32,2,34
Pwani,Kibiti,Kibiti DC,Kibiti,Mlanzi,Nyamwimbe,75,Malenda halisi,,3.1,1,,,1.0,2.0,3.0,32,3,35
Pwani,Kibiti,Kibiti DC,Kibiti,Mlanzi,Nyamwimbe,76,Mipirani,,2.6,1,,,1.0,3.0,4.0,41,4,45
Pwani,Kibiti,Kibiti DC,Kibiti,Mlanzi,Mlanzi,77,Milonzi,,3.7,1,,,1.0,3.0,4.0,41,4,45
Pwani,Kibiti,Kibiti DC,Kibiti,Mlanzi,Mlanzi,78,Kikimbili,,5.1,1,,,1.0,3.0,4.0,41,4,45
Pwani,Kibiti,Kibiti DC,Kibiti,Mlanzi,Mlanzi,79,Kingweti,,0.0,1,,,1.0,3.0,4.0,41,4,45
Pwani,Kibiti,Kibiti DC,Kibiti,Mlanzi,Ngondae,80,Like,,1.9,1,,,1.0,3.0,4.0,41,4,45
Pwani,Kibiti,Kibiti DC,Kibiti,Mahege,Nyakinyo,81,Mlete Soso,,1.3,1,,,1.0,5.0,6.0,19,4,23
Pwani,Kibiti,Kibiti DC,Kibiti,Mahege,Nyanjati,83,Saudia,,0.5,1,,,1.0,3.0,4.0,41,4,45
Pwani,Kibiti,Kibiti DC,Kibiti,Mahege,Nyanjati,84,Mapinduzi,,0.6,1,,,1.0,3.0,4.0,41,4,45
Pwani,Kibiti,Kibiti DC,Kibiti,Mahege,Tomoni,85,Halisi,,2.9,1,,,1.0,3.0,4.0,41,4,45
Pwani,Kibiti,Kibiti DC,Kibiti,Mahege,Hanga,86,Mkima,,0.2,1,,,1.0,3.0,4.0,41,4,45
Pwani,Kibiti,Kibiti DC,Kibiti,Mahege,Hanga,87,Ngambe,,0.5,1,,,1.0,3.0,4.0,41,4,45
Pwani,Kibiti,Kibiti DC,Kibiti,Mchukwi,Mangwi,88,Misimbo,,1.2,1,,,1.0,4.2,5.2,43,2,45
Pwani,Kibiti,Kibiti DC,Kibiti,Mchukwi,Mangwi,90,Rondo,,0.8,,,,,2.0,2.0,33,1,34
Pwani,Kibiti,Kibiti DC,Kibiti,Mchukwi,Mchukwi 'A',91,Nyakaumbanga,,4.1,1,,1,1.0,9.0,10.0,52,1,53
Pwani,Kibiti,Kibiti DC,Kibiti,Mchukwi,Mchukwi 'A',92,Matimbwani,,2.3,1,,,1.0,3.0,4.0,41,4,45
Pwani,Kibiti,Kibiti DC,Kibiti,Mchukwi,Mchukwi 'A',93,Nyamanjenga,,2.1,1,,,1.0,3.0,4.0,41,4,45
Pwani,Kibiti,Kibiti DC,Kibiti,Mchukwi,Mkupuka,94,Bani,,1.7,1,,,1.0,3.0,4.0,41,4,45
Pwani,Kibiti,Kibiti DC,Kibiti,Mchukwi,Mkupuka,95,Nyunga,,1.4,1,,,1.0,3.0,4.0,41,4,45
Pwani,Kibiti,Kibiti DC,Kibiti,Mchukwi,"Mchukwi ""B""",96,Nyaubi,,2.9,1,,,1.0,3.0,4.0,41,4,45
Pwani,Kibiti,Kibiti DC,Kibiti,Mchukwi,"Mchukwi ""B""",97,Mbindia,,3.7,1,,,1.0,3.0,4.0,41,4,45
Pwani,Kibiti,Kibiti DC,Kibiti,Mchukwi,"Mchukwi ""B""",98,Msikitini,,0.0,1,,,1.0,3.0,4.0,41,4,45
Pwani,Kibiti,Kibiti DC,Kibiti,Mchukwi,"Mchukwi ""B""",99,Kichangini,,0.0,1,,,1.0,3.0,4.0,41,4,45
Pwani,Kibiti,Kibiti DC,Kibiti,Mtunda,"Mtunda ""A""",100,Mbongola,,9.9,1,,,1.0,3.0,4.0,41,4,45
Pwani,Kibiti,Kibiti DC,Kibiti,Mtunda,"Mtunda ""A""",101,Nguaro,,7.2,1,,,1.0,3.0,4.0,41,4,45
Pwani,Kibiti,Kibiti DC,Kibiti,Mtunda,"Mtunda ""A""",102,Mikunguni,,3.1,1,,,1.0,3.0,4.0,41,4,45
Pwani,Kibiti,Kibiti DC,Kibiti,Mtunda,"Mtunda ""B""",103,Beta,,0.6,1,,,1.0,3.0,4.0,41,4,45
Pwani,Kibiti,Kibiti DC,Kibiti,Mtunda,"Mtunda ""B""",104,Nganyanga,,12.0,1,,,1.0,3.0,4.0,41,4,45
Pwani,Kibiti,Kibiti DC,Kibiti,Mtunda,"Mtunda ""B""",105,Nyafeda,,2.0,1,,,1.0,3.0,4.0,41,4,45
Pwani,Kibiti,Kibiti DC,Kibiti,Mtunda,Muyuyu,106,Misuguli,,7.8,1,,,1.0,3.0,4.0,41,4,45
Pwani,Kibiti,Kibiti DC,Kibiti,Mtunda,Muyuyu,107,Mkata,,3.4,1,,,1.0,3.0,4.0,41,4,45
Pwani,Kibiti,Kibiti DC,Kibiti,Mtunda,Muyuyu,108,Njianne,,0.0,1,,,1.0,3.0,4.0,41,4,45
Pwani,Kibiti,Kibiti DC,Kibiti,Mtunda,Muyuyu,109,Nyambele,,28.8,1,,,1.0,3.0,4.0,41,4,45
Pwani,Kibiti,Kibiti DC,Kibiti,Mtunda,Muyuyu,110,Sonywe,,5.6,1,,,1.0,3.0,4.0,41,4,45
Pwani,Kibiti,Kibiti DC,Kibiti,Mjawa,Ngalengwa,111,Msega,,0.6,1,,,1.0,5.0,6.0,52,2,54
Pwani,Kibiti,Kibiti DC,Kibiti,Mjawa,Uchembe,113,Uchembe Chini,,7.8,1,,,1.0,3.0,4.0,41,4,45
Pwani,Kibiti,Kibiti DC,Kibiti,Mjawa,Uponda,114,Uponda Chini,,3.6,1,,,1.0,3.0,4.0,41,4,45
Pwani,Kibiti,Kibiti DC,Kibiti,Mjawa,Uponda,115,Njianne,,3.1,1,,,1.0,3.0,4.0,41,4,45
Pwani,Kibiti,Kibiti DC,Kibiti,Mjawa,Mjawa,116,Bonjo,,5.4,1,,,1.0,3.0,4.0,41,4,45
Pwani,Kibiti,Kibiti DC,Kibiti,Mjawa,Mjawa,117,Dutani,,1.6,1,,,1.0,3.0,4.0,41,4,45
Pwani,Kibiti,Kibiti DC,Kibiti,Mjawa,Motomoto,118,Goloatanga,,4.2,1,,,1.0,3.0,4.0,41,4,45
Pwani,Kibiti,Kibiti DC,Kibiti,Mjawa,Jaribu Mpakani,119,Mikwala,,0.6,1,,,1.0,3.0,4.0,41,4,45
Pwani,Kibiti,Kibiti DC,Kibiti,Mwambao,Kigunguli,120,Mkole,,0.0,1,,,1.0,5.0,6.0,19,2,21
Pwani,Kibiti,Kibiti DC,Kibiti,Mwambao,Kigunguli,121,Mpafuni,,0.0,,,,,3.2,3.2,21,3,24
Pwani,Kibiti,Kibiti DC,Kibiti,Mwambao,Kivinja 'A',123,Kariakoo,,6.7,,,1,1.0,5.0,6.0,24,2,26
Pwani,Kibiti,Kibiti DC,Kibiti,Mwambao,Kivinja 'A',125,Masakwi,,2.3,,,,,2.8,2.8,24,2,26
Pwani,Kibiti,Kibiti DC,Kibiti,Mwambao,Kivinja 'B',126,Mfenesini,,0.0,,1,,1.0,5.0,6.0,43,4,47
Pwani,Kibiti,Kibiti DC,Kibiti,Mwambao,Kivinja 'B',127,Mkegetoni,,0.0,,,,,3.0,3.0,35,2,37
Pwani,Kibiti,Kibiti DC,Kibiti,Mwambao,Kivinja 'B',128,Mweyubaruti,,3.9,,,,,2.8,2.8,33,3,36
Pwani,Kibiti,Kibiti DC,Kibiti,Mwambao,Mchungu,130,Mpekeso,,0.7,,,,,3.2,3.2,52,3,55
Pwani,Kibiti,Kibiti DC,Kibiti,Mwambao,Mkenda,133,Ngungule,,2.0,1,,,1.0,3.0,4.0,19,4,23
Pwani,Kibiti,Kibiti DC,Kibiti,Mwambao,Msindaji,134,Genju,,0.8,1,,,1.0,5.0,6.0,21,23,44
Pwani,Kibiti,Kibiti DC,Kibiti,Ruaruke,Kilulatambwe,137,Mbusi,,0.0,1,,,1.0,3.0,4.0,22,2,24
Pwani,Kibiti,Kibiti DC,Kibiti,Ruaruke,Kilulatambwe,138,Milonzi,,0.8,1,,,1.0,3.0,4.0,32,3,35
Pwani,Kibiti,Kibiti DC,Kibiti,Ruaruke,"Ruaruke ""A""",139,Kindande,,2.4,1,,,1.0,3.0,4.0,41,4,45
Pwani,Kibiti,Kibiti DC,Kibiti,Ruaruke,"Ruaruke ""A""",140,Mbawa,,9.8,2,1,,4.0,6.0,10.0,41,4,45
Pwani,Kibiti,Kibiti DC,Kibiti,Ruaruke,"Ruaruke ""A""",141,Nyambalapi,,0.0,1,,,1.0,3.0,4.0,41,4,45
Pwani,Kibiti,Kibiti DC,Kibiti,Ruaruke,"Ruaruke "" B""",142,Sangweni Matosa,,1.2,1,,,1.0,3.0,4.0,41,4,45
Pwani,Kibiti,Kibiti DC,Kibiti,Ruaruke,"Ruaruke "" B""",143,Kimbwere Famiti,,1.5,1,,,1.0,3.0,4.0,41,4,45
Pwani,Kibiti,Kibiti DC,Kibiti,Ruaruke,"Ruaruke "" B""",144,Mfule Mkumbini,,1.9,1,,,1.0,3.0,4.0,41,4,45
Pwani,Kibiti,Kibiti DC,Kibiti,Ruaruke,"Ruaruke "" B""",145,Nyanindi - Makoge,,0.2,1,,,1.0,3.0,4.0,41,4,45
Pwani,Kibiti,Kibiti DC,Kibiti,Ruaruke,Rungungu,147,Mkwende,,0.0,1,,,1.0,3.0,4.0,41,4,45
Pwani,Kibiti,Kibiti DC,Kibiti,Ruaruke,Rungungu,148,Mungutwa,,0.0,1,,,1.0,3.0,4.0,41,4,45
Pwani,Kibiti,Kibiti DC,Kibiti,Ruaruke,Nyamatanga,150,Mtomboloka,,0.0,1,,,1.0,3.0,4.0,41,4,45
Pwani,Kibiti,Kibiti DC,Kibiti,Bungu,Nyambili,153,Ndungutu,,6.1,1,,,1.0,3.0,4.0,41,4,45
Pwani,Kibiti,Kibiti DC,Kibiti,Bungu,Nyambunda,154,Mkwandara,,4.8,1,,,1.0,5.0,6.0,35,3,38
Pwani,Kibiti,Kibiti DC,Kibiti,Bungu,Nyambunda,156,Nyang'undu,,0.0,1,,,1.0,3.0,4.0,41,4,45
,,,,Mamlaka ya Mji Mdogo wa Kibiti,,,,,,1,,,1.0,3.0,4.0,41,4,45
Pwani,Kibiti,Kibiti DC,Kibiti,Bungu,Msafiri,157,Nyakiro,,0.0,1,,,1.0,3.0,4.0,41,4,45
Pwani,Kibiti,Kibiti DC,Kibiti,Bungu,Msafiri,158,Zumbe,,2.4,1,,,1.0,3.0,4.0,41,4,45
Pwani,Kibiti,Kibiti DC,Kibiti,Bungu,Pagae,159,Lugome,,0.9,1,,,1.0,3.0,4.0,41,4,45
Pwani,Kibiti,Kibiti DC,Kibiti,Bungu,"Bungu ""A""",160,Mkundi,,0.0,1,,,1.0,3.0,4.0,41,4,45
Pwani,Kibiti,Kibiti DC,Kibiti,Bungu,Bungu B,161,Kibwibwi,,8.3,1,,,1.0,3.0,4.0,41,4,45
Pwani,Kibiti,Kibiti DC,Kibiti,Bungu,Bungu B,162,Kipenya,,0.2,1,,,1.0,3.0,4.0,41,4,45
Pwani,Kibiti,Kibiti DC,Kibiti,Bungu,Mangombela,163,Azimio,,1.5,1,,,1.0,3.0,4.0,41,4,45
Pwani,Kibiti,Kibiti DC,Kibiti,Kibiti,,164,Zimbwini,,0.0,1,,,1.0,9.0,10.0,24,3,27
Pwani,Kibiti,Kibiti DC,Kibiti,Kibiti,,165,Nyamakingili,,0.6,1,,,1.0,3.0,4.0,41,4,45
Pwani,Kibiti,Kibiti DC,Kibiti,Kibiti,,166,Lumiozi,,1.8,1,,,1.0,3.0,4.0,41,4,45
Pwani,Kibiti,Kibiti DC,Kibiti,Mtawanya,,167,Bumba,,0.0,,,1,1.0,11.0,12.0,32,3,35
Pwani,Kibiti,Kibiti DC,Kibiti,Mtawanya,,169,Ndechamula,,0.1,1,,,1.0,3.0,4.0,41,4,45
Pwani,Kibiti,Kibiti DC,Kibiti,Mtawanya,,170,Unyamulani,,2.5,1,,,1.0,3.0,4.0,41,4,45
Pwani,Kibiti,Kibiti DC,Kibiti,Mtawanya,,171,Ugezi,,10.2,1,,,1.0,3.0,4.0,41,4,45
Pwani,Kibiti,Kibiti DC,Kibiti,Dimani,,173,Nyambangala,,3.3,1,,,1.0,3.0,4.0,41,4,45
Pwani,Kibiti,Kibiti DC,Kibiti,Dimani,,174,Penda Kimbuga,,8.4,1,,,1.0,3.0,4.0,41,4,45
Pwani,Kibiti,Kibiti DC,Kibiti,Dimani,,175,"Dimani ""A""",,0.0,1,,,1.0,3.0,4.0,41,4,45
JUMLA NDOGO,,,,,,175,175,0.0,273.3,104,12,3,114.8,545.7,660.5,"5,585",535,"6,120"
Pwani,Kisarawe,Kisarawe DC,Kisarawe,Kibuta ,Mtamba ,1,Kisiso ,,0.0,,1,,4.0,4.0,8.0,30,2,32
Pwani,Kisarawe,Kisarawe DC,Kisarawe,Kibuta ,Mtamba ,3,Mpigi,,2.6,,1,,5.0,5.0,10.0,20,4,24
Pwani,Kisarawe,Kisarawe DC,Kisarawe,Kibuta ,Mloo,5,Vikolongo/Mloo,,2.3,,1,,4.0,4.0,8.0,30,8,38
Pwani,Kisarawe,Kisarawe DC,Kisarawe,Kibuta ,Mloo,6,Kibitu,,0.0,,1,,6.0,4.0,10.0,15,2,17
Pwani,Kisarawe,Kisarawe DC,Kisarawe,Kibuta ,Mloo,7,Ng'huzu,,2.5,,1,,5.0,5.0,10.0,35,7,42
Pwani,Kisarawe,Kisarawe DC,Kisarawe,Kibuta ,Bwama ,8,Nyegelehu ,,1.8,,1,,6.0,6.0,12.0,19,4,23
Pwani,Kisarawe,Kisarawe DC,Kisarawe,Kibuta ,Bwama ,9,Kibungo,,1.2,,1,,5.0,5.0,10.0,20,9,29
Pwani,Kisarawe,Kisarawe DC,Kisarawe,Kibuta ,Masanganya,12,Mlegele,,5.3,,1,,6.0,6.0,12.0,25,2,27
Pwani,Kisarawe,Kisarawe DC,Kisarawe,Kibuta ,Muhaga,14,Mhaga Shuleni,,1.2,,1,,5.0,5.0,10.0,28,9,37
Pwani,Kisarawe,Kisarawe DC,Kisarawe,Masaki,Sungwi ,15,Kimbaranganji,,4.9,,1,,7.0,7.0,14.0,20,7,27
Pwani,Kisarawe,Kisarawe DC,Kisarawe,Masaki,Sungwi ,16,Sungwi Mashariki,,2.6,,1,,5.0,5.0,10.0,30,5,35
Pwani,Kisarawe,Kisarawe DC,Kisarawe,Masaki,Sungwi ,17,Sungwi Kati,,0.0,,1,,6.0,6.0,12.0,35,3,38
Pwani,Kisarawe,Kisarawe DC,Kisarawe,Masaki,Sungwi ,18,Sungwi Kaskazini,,0.8,,1,,6.0,6.0,12.0,18,4,22
Pwani,Kisarawe,Kisarawe DC,Kisarawe,Masaki,Gumba,20,Ngugu,,1.4,,1,,6.0,6.0,12.0,24,2,26
Pwani,Kisarawe,Kisarawe DC,Kisarawe,Masaki,Masaki,21,Mitwini,,1.8,,1,,6.0,6.0,12.0,35,3,38
Pwani,Kisarawe,Kisarawe DC,Kisarawe,Masaki,Masaki,22,Kidugalo,,1.6,,1,,6.0,6.0,12.0,35,3,38
Pwani,Kisarawe,Kisarawe DC,Kisarawe,Masaki,Masaki,23,Kibesa,,0.0,,1,,6.0,6.0,12.0,35,3,38
Pwani,Kisarawe,Kisarawe DC,Kisarawe,Masaki,Masaki,24,Mwale,,1.4,,1,,6.0,6.0,12.0,35,3,38
Pwani,Kisarawe,Kisarawe DC,Kisarawe,Masaki,Kisanga,25,Kibweni,,1.2,,1,,6.0,6.0,12.0,35,3,38
Pwani,Kisarawe,Kisarawe DC,Kisarawe,Masaki,Kisanga,26,Fukwi,,1.5,,1,,6.0,6.0,12.0,35,3,38
Pwani,Kisarawe,Kisarawe DC,Kisarawe,Masaki,Kisanga,27,Nzasa,,2.0,,1,,6.0,6.0,12.0,35,3,38
Pwani,Kisarawe,Kisarawe DC,Kisarawe,Mzenga,Mzenga ‘A’,28,Sungura,,0.0,,1,,7.0,7.0,14.0,25,9,34
Pwani,Kisarawe,Kisarawe DC,Kisarawe,Mzenga,Mzenga ‘A’,29,Bwawani,,2.1,,1,,6.0,6.0,12.0,35,3,38
Pwani,Kisarawe,Kisarawe DC,Kisarawe,Mzenga,Mitengwe,30,Videte,,1.9,,1,,6.0,6.0,12.0,25,7,32
Pwani,Kisarawe,Kisarawe DC,Kisarawe,Mzenga,Mitengwe,31,Mwendapole,,0.7,,1,,5.0,5.0,10.0,22,9,31
Pwani,Kisarawe,Kisarawe DC,Kisarawe,Mzenga,Vilabwa,32,Kifuru  timtim,,2.7,,1,,6.0,6.0,12.0,25,7,32
Pwani,Kisarawe,Kisarawe DC,Kisarawe,Mzenga,Vilabwa,33,Kinyemvulu,,0.0,,0,,7.0,7.0,14.0,27,9,36
Pwani,Kisarawe,Kisarawe DC,Kisarawe,Mzenga,Chakenge,34,Mzambarauni,,0.4,,1,,6.0,6.0,12.0,35,3,38
Pwani,Kisarawe,Kisarawe DC,Kisarawe,Vihingo ,Mihugwe ,35,Bidiga ,,2.1,,1,,5.0,5.0,10.0,26,8,34
Pwani,Kisarawe,Kisarawe DC,Kisarawe,Vihingo ,Kibwemwenda ,38,Makutupola ,,2.5,,1,,4.0,4.0,8.0,29,7,36
Pwani,Kisarawe,Kisarawe DC,Kisarawe,Vihingo ,Kibwemwenda ,39,Msese ,,1.9,,1,,5.0,5.0,10.0,24,4,28
Pwani,Kisarawe,Kisarawe DC,Kisarawe,Vihingo ,Mzenga ‘B’,40,Kjang'ande,,1.0,,1,,6.0,6.0,12.0,29,5,34
Pwani,Kisarawe,Kisarawe DC,Kisarawe,Vihingo ,Mzenga ‘B’,41,Kizota,,0.8,,1,,6.0,6.0,12.0,35,3,38
Pwani,Kisarawe,Kisarawe DC,Kisarawe,Vihingo ,Malangalanga,42,Taliani,,1.3,,1,,5.0,5.0,10.0,25,7,32
Pwani,Kisarawe,Kisarawe DC,Kisarawe,Vihingo ,Malangalanga,43,Mayasa,,1.0,,1,,6.0,6.0,12.0,22,8,30
Pwani,Kisarawe,Kisarawe DC,Kisarawe,Vihingo ,Sangwe ,44,Chang’ombe,,0.0,,1,,6.0,6.0,12.0,32,8,40
Pwani,Kisarawe,Kisarawe DC,Kisarawe,Vihingo ,Sangwe ,45,Pangani .,,3.0,,1,,7.0,7.0,14.0,27,7,34
Pwani,Kisarawe,Kisarawe DC,Kisarawe,Vihingo ,Vihingo ,47,Vihingo ,,0.3,,,,,0.0,0.0,,4,4
Pwani,Kisarawe,Kisarawe DC,Kisarawe,Vihingo ,Chamalale,48,Bondeni,,0.0,,1,,6.0,6.0,12.0,35,3,38
Pwani,Kisarawe,Kisarawe DC,Kisarawe,Kurui ,Kurui ,49,Kurui A,,0.0,,1,,6.0,6.0,12.0,15,9,24
Pwani,Kisarawe,Kisarawe DC,Kisarawe,Kurui ,Kurui ,50,Kurui B,,0.2,,1,,6.0,6.0,12.0,17,4,21
Pwani,Kisarawe,Kisarawe DC,Kisarawe,Kurui ,Mtakayo ,53,Jaribu Tena,,0.8,,1,,6.0,6.0,12.0,25,2,27
Pwani,Kisarawe,Kisarawe DC,Kisarawe,Kurui ,Kidugalo ,54,Majumba Sita,,0.0,,1,,8.0,8.0,16.0,35,4,39
Pwani,Kisarawe,Kisarawe DC,Kisarawe,Mafizi,Mafizi,55,Visima Vitatu,,0.0,,1,,7.0,7.0,14.0,30,3,33
Pwani,Kisarawe,Kisarawe DC,Kisarawe,Mafizi,Mafizi,56,Mafizi,,0.3,,1,,6.0,6.0,12.0,35,3,38
Pwani,Kisarawe,Kisarawe DC,Kisarawe,Mafizi,Nyani ,58,Kimeremeta ,,3.1,,1,,6.0,6.0,12.0,24,4,28
Pwani,Kisarawe,Kisarawe DC,Kisarawe,Mafizi,Kimalamisale ,59,Kimalamisale ,,0.0,,1,,7.0,7.0,14.0,28,5,33
Pwani,Kisarawe,Kisarawe DC,Kisarawe,Mafizi,Kimalamisale ,60,Kigogo,,0.0,,1,,5.0,5.0,10.0,30,6,36
Pwani,Kisarawe,Kisarawe DC,Kisarawe,Mafizi,Gwata ,61,Kipora ,,0.8,,1,,6.0,6.0,12.0,25,8,33
Pwani,Kisarawe,Kisarawe DC,Kisarawe,Mafizi,Gwata ,62,Chekereni,,4.0,,1,,4.0,4.0,8.0,22,2,24
Pwani,Kisarawe,Kisarawe DC,Kisarawe,Mafizi,Gwata ,63,Vizembe,,6.1,,1,,6.0,6.0,12.0,20,3,23
Pwani,Kisarawe,Kisarawe DC,Kisarawe,Mafizi,Gwata ,64,Dololo ,,0.6,,1,,6.0,6.0,12.0,29,4,33
Pwani,Kisarawe,Kisarawe DC,Kisarawe,Mafizi,Gwata ,65,Masimba,,0.5,,1,,8.0,8.0,16.0,25,9,34
Pwani,Kisarawe,Kisarawe DC,Kisarawe,Mafizi,Ving’andi ,66,Tazara,,6.3,,1,,6.0,6.0,12.0,30,6,36
Pwani,Kisarawe,Kisarawe DC,Kisarawe,Mafizi,Ving’andi ,68,Mkundi ,,0.0,,1,,6.0,6.0,12.0,19,7,26
Pwani,Kisarawe,Kisarawe DC,Kisarawe,Chole ,Chole ,69,Kwa Ponza,,0.4,,1,,5.0,5.0,10.0,20,8,28
Pwani,Kisarawe,Kisarawe DC,Kisarawe,Chole ,Chole ,70,Egeya,,0.4,,1,,6.0,6.0,12.0,26,9,35
Pwani,Kisarawe,Kisarawe DC,Kisarawe,Chole ,Chole ,71,Muwanda,,1.6,,1,,5.0,5.0,10.0,28,8,36
Pwani,Kisarawe,Kisarawe DC,Kisarawe,Chole ,Chole ,72,Chole/Ndogoyo,,0.0,,1,,6.0,6.0,12.0,35,3,38
Pwani,Kisarawe,Kisarawe DC,Kisarawe,Chole ,Kwala ,73,Mbuguni,,1.4,,1,,6.0,6.0,12.0,25,8,33
Pwani,Kisarawe,Kisarawe DC,Kisarawe,Chole ,Kwala ,74,Sobondole,,0.3,,1,,6.0,6.0,12.0,19,9,28
Pwani,Kisarawe,Kisarawe DC,Kisarawe,Chole ,Kwala ,76,Viyombo,,0.3,,1,,6.0,6.0,12.0,19,6,25
Pwani,Kisarawe,Kisarawe DC,Kisarawe,Chole ,Kurui ,77,Kurui B,,0.0,,1,,6.0,6.0,12.0,35,3,38
Pwani,Kisarawe,Kisarawe DC,Kisarawe,Chole ,Yombo Lukinga,79,Shuleni ,,1.2,,1,,5.0,5.0,10.0,25,8,33
Pwani,Kisarawe,Kisarawe DC,Kisarawe,Chole ,Mafumbi ,81,Umoja,,0.0,,1,,5.0,5.0,10.0,23,4,27
Pwani,Kisarawe,Kisarawe DC,Kisarawe,Marui ,Titu ,85,Majumba Sita,,0.0,,1,,6.0,6.0,12.0,35,3,38
Pwani,Kisarawe,Kisarawe DC,Kisarawe,Marui ,Titu ,86,Shuleni ,,3.5,,1,,6.0,6.0,12.0,35,3,38
Pwani,Kisarawe,Kisarawe DC,Kisarawe,Marui ,Kihare ,87,Ng’uta,,0.0,,1,,6.0,6.0,12.0,30,8,38
Pwani,Kisarawe,Kisarawe DC,Kisarawe,Marui ,Kihare ,89,Bozi,,0.8,,1,,6.0,6.0,12.0,35,3,38
Pwani,Kisarawe,Kisarawe DC,Kisarawe,Marui ,Mngwata  ,90,Mkere,,1.9,,1,,6.0,6.0,12.0,26,3,29
Pwani,Kisarawe,Kisarawe DC,Kisarawe,Marui ,Mngwata  ,91,Uvihangani ,,1.5,,1,,6.0,6.0,12.0,25,4,29
Pwani,Kisarawe,Kisarawe DC,Kisarawe,Marui ,Kisangire ,92,Kisangire,,0.0,,1,,5.0,5.0,10.0,20,9,29
Pwani,Kisarawe,Kisarawe DC,Kisarawe,Marui ,Mipera,93,Mipera,,2.1,,1,,7.0,7.0,14.0,26,5,31
Pwani,Kisarawe,Kisarawe DC,Kisarawe,Marui ,Mipera,94,Mwelanzi,,0.0,,1,,6.0,6.0,12.0,23,6,29
Pwani,Kisarawe,Kisarawe DC,Kisarawe,Marui ,Mipera,95,Mtunani,,1.1,,1,,6.0,6.0,12.0,25,8,33
Pwani,Kisarawe,Kisarawe DC,Kisarawe,Marui ,Mipera,96,Mgama ,,0.0,,1,,5.0,5.0,10.0,19,2,21
Pwani,Kisarawe,Kisarawe DC,Kisarawe,Vikumburu,Vikumburu,97,Kwa Migoko,,0.4,,1,,6.0,6.0,12.0,20,7,27
Pwani,Kisarawe,Kisarawe DC,Kisarawe,Vikumburu,Kitonga,100,Kitonga Chini,,0.8,,1,,8.0,8.0,16.0,27,7,34
Pwani,Kisarawe,Kisarawe DC,Kisarawe,Vikumburu,Mtunani,101,Mwembehasara ,,0.0,,1,,7.0,7.0,14.0,25,9,34
Pwani,Kisarawe,Kisarawe DC,Kisarawe,Vikumburu,Panga La Mwingereza,102,Kwa Zavu,,0.0,,1,,6.0,6.0,12.0,22,4,26
Pwani,Kisarawe,Kisarawe DC,Kisarawe,Vikumburu,Panga La Mwingereza,103,Kwa Madogo,,0.0,,1,,6.0,6.0,12.0,26,6,32
Pwani,Kisarawe,Kisarawe DC,Kisarawe,Maneromango,Manaromango Kaskazini,104,Kwasi,,0.0,,1,,6.0,6.0,12.0,20,6,26
Pwani,Kisarawe,Kisarawe DC,Kisarawe,Maneromango,Manaromango Kaskazini,105,Umbogoni,,0.0,,1,,6.0,6.0,12.0,35,3,38
Pwani,Kisarawe,Kisarawe DC,Kisarawe,Maneromango,Msegamo,107,Msegamo B,,0.8,,1,,6.0,6.0,12.0,19,9,28
Pwani,Kisarawe,Kisarawe DC,Kisarawe,Maneromango,Kidugalo Chakanga,108,Kidugalo Khanga,,0.0,,1,,7.0,7.0,14.0,25,8,33
Pwani,Kisarawe,Kisarawe DC,Kisarawe,Maneromango,Kidugalo Chakanga,109,Mnanila ,,1.2,,1,,6.0,6.0,12.0,18,7,25
Pwani,Kisarawe,Kisarawe DC,Kisarawe,Maneromango,Kidugalo Chakanga,111,Gelelo ,,1.5,,1,,6.0,6.0,12.0,22,9,31
Pwani,Kisarawe,Kisarawe DC,Kisarawe,Boga,Mengwa,112,Magoza,,0.8,,1,,7.0,7.0,14.0,25,6,31
Pwani,Kisarawe,Kisarawe DC,Kisarawe,Boga,Boga,113,Boga ‘C’,,0.0,,1,,6.0,6.0,12.0,28,9,37
Pwani,Kisarawe,Kisarawe DC,Kisarawe,Boga,Boga,114,Mlima Wa Dhambi,,0.5,,1,,8.0,8.0,16.0,30,9,39
Pwani,Kisarawe,Kisarawe DC,Kisarawe,Boga,Chale,115,Mikungugu ,,0.0,,1,,6.0,6.0,12.0,22,4,26
Pwani,Kisarawe,Kisarawe DC,Kisarawe,Boga,Ngongele,116,Ngongele B,,1.2,,1,,6.0,6.0,12.0,35,3,38
Pwani,Kisarawe,Kisarawe DC,Kisarawe,Marumbo ,Marumbo ,117,Tondo ,,O.8,,1,,6.0,6.0,12.0,22,7,29
Pwani,Kisarawe,Kisarawe DC,Kisarawe,Marumbo ,Marumbo ,118,Bangu,,4.9,,1,,5.0,5.0,10.0,20,4,24
Pwani,Kisarawe,Kisarawe DC,Kisarawe,Marumbo ,Marumbo ,119,Zunguni ,,2.3,,1,,5.0,5.0,10.0,19,4,23
Pwani,Kisarawe,Kisarawe DC,Kisarawe,Marumbo ,Kitonga,120,Viwege ,,1.1,,1,,6.0,6.0,12.0,30,6,36
Pwani,Kisarawe,Kisarawe DC,Kisarawe,Marumbo ,Palaka ,121,Palaka ‘A’,,0.2,,1,,5.0,5.0,10.0,22,8,30
Pwani,Kisarawe,Kisarawe DC,Kisarawe,Marumbo ,Palaka ,122,Kifuru,,0.0,,1,,6.0,6.0,12.0,29,2,31
Pwani,Kisarawe,Kisarawe DC,Kisarawe,Marumbo ,Palaka ,123,Lukose,,1.1,,1,,6.0,6.0,12.0,25,3,28
Pwani,Kisarawe,Kisarawe DC,Kisarawe,Marumbo ,Kivukoni,125,Lubane ,,1.0,,1,,6.0,6.0,12.0,23,4,27
Pwani,Kisarawe,Kisarawe DC,Kisarawe,Marumbo ,Kikwete ,127,Kwa Maleta,,0.0,,1,,6.0,6.0,12.0,27,5,32
Pwani,Kisarawe,Kisarawe DC,Kisarawe,Marumbo ,Chang’ombe,128,Kitamba ,,,,1,,6.0,6.0,12.0,28,3,31
Pwani,Kisarawe,Kisarawe DC,Kisarawe,Marumbo ,Chang’ombe A,129,Kitamba,,1.6,,1,,6.0,6.0,12.0,35,3,38
Pwani,Kisarawe,Kisarawe DC,Kisarawe,Msimbu,,130,Mwanzomgumu,,0.0,,2,,8.0,8.0,16.0,22,9,31
Pwani,Kisarawe,Kisarawe DC,Kisarawe,Msimbu,,134,Chambasi,,0.0,,1,,5.0,5.0,10.0,26,7,33
Pwani,Kisarawe,Kisarawe DC,Kisarawe,Msanga,Msanga,135,Ngulungulu,,1.0,,1,,6.0,6.0,12.0,35,3,38
Pwani,Kisarawe,Kisarawe DC,Kisarawe,Msanga,Bembeza,136,Kibululu,,1.6,,1,,6.0,6.0,12.0,35,3,38
,,,,Mamlaka ya Mji Mdogo wa Kisarawe,,,,,,,,,,,0.0,,,0
Pwani,Kisarawe,Kisarawe DC,Kisarawe,Msimbu,,137,Mwanzomgumu,,0.0,,2,,8.0,8.0,16.0,22,9,31
Pwani,Kisarawe,Kisarawe DC,Kisarawe,Msimbu,,138,Chambasi,,0.0,,1,,5.0,5.0,10.0,26,7,33
JUMLA NDOGO,,,,,,138,138,0.0,119.0,0,109,0,641.0,639.0,"1,280.0","2,880",592,"3,472"
Pwani,Mafia,Mafia DC,Mafia,Kanga,Bweni,2,Sadani,0.0,0.0,0,0,0,0.0,1.5,1.5,20,1,21
Pwani,Mafia,Mafia DC,Mafia,Kanga,Bweni,5,Longwani,0.0,0.0,0,0,0,0.0,1.5,1.5,20,1,21
Pwani,Mafia,Mafia DC,Mafia,Kanga,Kanga,13,Ng'okwe,0.0,0.8,0,1,0,4.0,4.5,8.5,80,1,81
Pwani,Mafia,Mafia DC,Mafia,Kanga,Kanga,14,Barabarani,0.0,0.0,0,0,0,0.0,2.5,2.5,20,1,21
Pwani,Mafia,Mafia DC,Mafia,Kirongwe,Jojo,19,Mlundo,0.0,3.5,1,0,0,1.0,2.5,3.5,30,1,31
Pwani,Mafia,Mafia DC,Mafia,Kirongwe,Jojo,20,Tongola,0.0,0.0,1,0,0,2.0,2.0,4.0,30,1,31
Pwani,Mafia,Mafia DC,Mafia,Kirongwe,Kirongwe,22,Vuleni,0.0,1.6,1,0,0,1.0,2.0,3.0,20,1,21
Pwani,Mafia,Mafia DC,Mafia,Kirongwe,Kirongwe,26,Mikongoni,0.0,1.6,1,0,0,0.0,2.2,2.2,40,1,41
Pwani,Mafia,Mafia DC,Mafia,Kirongwe,Kirongwe,27,Mikomani,0.0,1.8,1,0,0,1.0,1.5,2.5,25,0,25
Pwani,Mafia,Mafia DC,Mafia,Kirongwe,Kirongwe,29,Mji Kati,0.0,0.0,1,0,0,1.5,2.0,3.5,30,1,31
Pwani,Mafia,Mafia DC,Mafia,Kirongwe,Kirongwe,30,Mkamba,0.0,1.7,1,0,0,0.0,3.5,3.5,50,0,50
Pwani,Mafia,Mafia DC,Mafia,Kirongwe,Jimbo,36,Ruma,0.0,0.7,1,0,0,0.0,2.0,2.0,35,1,36
Pwani,Mafia,Mafia DC,Mafia,Kirongwe,Jimbo,39,Kivuni,0.0,1.0,1,0,0,0.0,2.0,2.0,30,1,31
Pwani,Mafia,Mafia DC,Mafia,Baleni,Baleni,42,Ngwena,0.0,1.1,1,0,0,0.0,1.5,1.5,24,1,25
Pwani,Mafia,Mafia DC,Mafia,Baleni,Baleni,45,Kidele,0.0,1.2,1,0,0,0.0,1.5,1.5,30,1,31
Pwani,Mafia,Mafia DC,Mafia,Baleni,Baleni,47,Kiwawe,0.0,1.9,1,0,0,0.0,1.5,1.5,30,1,31
Pwani,Mafia,Mafia DC,Mafia,Baleni,Kifinge,49,Mwawani,0.0,2.2,1,0,0,0.0,2.0,2.0,32,2,34
Pwani,Mafia,Mafia DC,Mafia,Baleni,Kifinge,50,Nduji,0.0,0.0,0,0,0,0.0,3.5,3.5,50,1,51
Pwani,Mafia,Mafia DC,Mafia,Baleni,Kibada,53,Mkundini,0.0,0.0,0,0,0,0.0,3.5,3.5,30,1,31
Pwani,Mafia,Mafia DC,Mafia,Ndagoni,Chunguruma,61,Mavumbi,0.0,0.6,1,0,0,2.0,1.5,3.5,40,2,42
Pwani,Mafia,Mafia DC,Mafia,Ndagoni,Ndagoni,66,Kipandeni,0.0,1.4,1,0,0,1.0,2.0,3.0,20,1,21
Pwani,Mafia,Mafia DC,Mafia,Ndagoni,Ndagoni,67,Manywaga,0.0,0.0,1,0,0,1.5,2.0,3.5,30,1,31
Pwani,Mafia,Mafia DC,Mafia,Ndagoni,Ndagoni,70,Simba,0.0,1.0,1,0,0,0.0,2.0,2.0,30,1,31
Pwani,Mafia,Mafia DC,Mafia,Ndagoni,Ndagoni,72,Umbwerani,0.0,0.0,0,0,0,0.0,3.0,3.0,30,0,30
Pwani,Mafia,Mafia DC,Mafia,Miburani,Miburani,78,Ng’ombeni,0.0,0.0,1,0,0,0.0,1.6,1.6,27,0,27
Pwani,Mafia,Mafia DC,Mafia,Miburani,Miburani,81,Mpafuni,0.0,1.3,1,0,0,1.0,1.5,2.5,20,0,20
Pwani,Mafia,Mafia DC,Mafia,Miburani,Miburani,82,Kiluli,0.0,0.0,1,0,0,0.0,1.5,1.5,30,1,31
Pwani,Mafia,Mafia DC,Mafia,Miburani,Mlongo,85,Kisimani Mafia,0.0,3.4,1,0,0,1.5,2.0,3.5,30,2,32
Pwani,Mafia,Mafia DC,Mafia,Miburani,Chemchem,87,Purura,0.0,1.2,1,0,0,1.5,2.0,3.5,30,1,31
Pwani,Mafia,Mafia DC,Mafia,Miburani,Chemchem,88,Changarama,0.0,1.0,1,0,0,1.0,2.0,3.0,25,1,26
Pwani,Mafia,Mafia DC,Mafia,Kilindoni,Kilindoni,94,Bwejuu ,0.0,8.4,0,1,0,0.0,3.0,3.0,62,2,64
Pwani,Mafia,Mafia DC,Mafia,Kilindoni,Dongo,103,Dongo kati,0.0,0.0,0,0,0,0.0,2.5,2.5,20,1,21
Pwani,Mafia,Mafia DC,Mafia,Kilindoni,Dongo,104,Kitundu,0.0,0.0,0,0,0,0.0,2.5,2.5,23,1,24
Pwani,Mafia,Mafia DC,Mafia,Kilindoni,Dongo,106,Sikula,0.0,0.0,1,0,0,1.0,2.0,3.0,30,1,31
Pwani,Mafia,Mafia DC,Mafia,Kiegeani,Marimbani,111,Kibisini,0.0,2.8,1,0,0,1.0,1.5,2.5,25,1,26
Pwani,Mafia,Mafia DC,Mafia,Kiegeani,Marimbani,112,Mkarangama,0.0,0.0,1,0,0,1.0,1.5,2.5,25,1,26
Pwani,Mafia,Mafia DC,Mafia,Kiegeani,Marimbani,113,Mbogani,0.0,0.0,1,0,0,1.0,1.5,2.5,20,0,20
Pwani,Mafia,Mafia DC,Mafia,Kiegeani,Marimbani,115,Bungara,0.0,1.5,2,0,0,0.0,2.5,2.5,40,1,41
Pwani,Mafia,Mafia DC,Mafia,Kiegeani,Kiegeani,120,Unyambwa A,1.6,0.0,1,0,0,0.0,2.0,2.0,0,25,25
Pwani,Mafia,Mafia DC,Mafia,Kiegeani,Kiegeani,122,Ukunda,1.7,0.0,2,0,0,0.0,4.0,4.0,0,44,44
Pwani,Mafia,Mafia DC,Mafia,Jibondo,Jibondo ,124,Shinyanga,9.8,0.0,0,0,1,2.0,2.5,4.5,51,2,53
Pwani,Mafia,Mafia DC,Mafia,Jibondo,Jibondo ,125,Juumaji,0.0,0.0,0,0,0,0.0,1.0,1.0,30,0,30
Pwani,Mafia,Mafia DC,Mafia,Jibondo,Jibondo ,126,Pwanandoni,0.0,0.0,0,0,0,0.0,2.0,2.0,46,1,47
Pwani,Mafia,Mafia DC,Mafia,Jibondo,Jibondo ,127,Shangamoyo,0.0,0.0,0,0,0,0.0,1.0,1.0,52,0,52
Pwani,Mafia,Mafia DC,Mafia,Jibondo,Jibondo ,128,Mtenga,1.0,0.0,1,0,0,1.0,1.5,2.5,27,1,28
Pwani,Mafia,Mafia DC,Mafia,Jibondo,Jibondo ,129,Kichanga Chui,0.0,0.0,0,0,0,0.0,1.5,1.5,30,2,32
Pwani,Mafia,Mafia DC,Mafia,Jibondo,Chole ,130,Mwapepo,0.0,0.0,0,0,0,1.0,2.5,3.5,25,1,26
Pwani,Mafia,Mafia DC,Mafia,Jibondo,Chole ,131,Mnyange,0.0,0.0,1,0,0,1.0,2.0,3.0,40,1,41
Pwani,Mafia,Mafia DC,Mafia,Jibondo,Chole ,132,Kilimani,2.2,0.0,0,1,0,1.0,2.5,3.5,72,2,74
Pwani,Mafia,Mafia DC,Mafia,Jibondo,Juani ,133,Juani Mjini,2.5,0.0,0,1,0,1.0,3.0,4.0,56,0,56
Pwani,Mafia,Mafia DC,Mafia,Jibondo,Juani ,134,Juani Shule,0.0,0.0,0,0,0,0.0,2.5,2.5,20,1,21
Pwani,Mafia,Mafia DC,Mafia,Jibondo,Juani ,135,Manda,3.3,0.0,1,0,0,1.0,1.5,2.5,25,1,26
Pwani,Mafia,Mafia DC,Mafia,Jibondo,Juani ,136,Vikomba,0.0,0.0,0,0,0,0.0,2.5,2.5,23,0,23
JUMLA NDOGO,,,,,,136,,22.1,41.4,35,4,1,32.0,113.3,145.3,"1,680",117,"1,797"
Pwani,Mkuranga,Mkuranga DC,Mkuranga, Mbezi,Mihekela,2,Kimbokeha,,1.3,2,,,2.7,5.6,8.3,56,12,68
Pwani,Mkuranga,Mkuranga DC,Mkuranga, Mbezi,Mihekela,3,Mihekela B,,0.0,1,,,2.7,5.7,8.4,73,2,75
Pwani,Mkuranga,Mkuranga DC,Mkuranga, Mbezi,Mponga,5,Misasa,,1.3,1,,,3.6,5.8,9.4,90,11,101
Pwani,Mkuranga,Mkuranga DC,Mkuranga, Mbezi,Mponga,6,Tundu,,2.6,1,,,3.5,6.0,9.5,102,9,111
Pwani,Mkuranga,Mkuranga DC,Mkuranga, Mbezi,Mponga,7,Mgola,,0.6,1,,,3.0,5.8,8.8,76,12,88
Pwani,Mkuranga,Mkuranga DC,Mkuranga, Mbezi,Mponga,8,Mahinga,,0.9,1,,,2.2,5.1,7.3,45,18,63
Pwani,Mkuranga,Mkuranga DC,Mkuranga, Mbezi,Ngarambe,9,Ngarambe Kubwa,,1.8,1,,,2.0,4.2,6.2,65,10,75
Pwani,Mkuranga,Mkuranga DC,Mkuranga, Mbezi,Ngarambe,10,Malowe,,1.8,1,,,2.4,4.6,7.0,56,11,67
Pwani,Mkuranga,Mkuranga DC,Mkuranga, Mbezi,Ngarambe,11,Kwa Moshi,,0.0,1,1,,2.2,4.7,6.9,65,12,77
Pwani,Mkuranga,Mkuranga DC,Mkuranga, Mbezi,Ngarambe,12,Umasengani,,0.0,1,,,3.6,6.2,9.8,55,2,57
Pwani,Mkuranga,Mkuranga DC,Mkuranga, Mbezi,Msufini/Kidete,13,Msorokelo,,2.7,1,,,3.0,5.8,8.8,45,11,56
Pwani,Mkuranga,Mkuranga DC,Mkuranga, Mbezi,Msufini/Kidete,14,Kidete,,2.6,1,,,3.0,6.0,9.0,73,12,85
Pwani,Mkuranga,Mkuranga DC,Mkuranga, Mbezi,Msufini/Kidete,15,Mangehele,,2.9,1,,,2.0,4.2,6.2,120,18,138
Pwani,Mkuranga,Mkuranga DC,Mkuranga,Mbezi,Msufini/Kidete,16,Kivulale,,0.8,1,,,1.0,2.0,3.0,50,2,52
Pwani,Mkuranga,Mkuranga DC,Mkuranga, Mbezi,Mwanzega,17,Kimbili,,3.2,1,,,2.5,5.0,7.5,102,12,114
Pwani,Mkuranga,Mkuranga DC,Mkuranga, Mbezi,Mwanzega,18,Mihande,,1.6,1,,,2.2,4.8,7.0,76,11,87
Pwani,Mkuranga,Mkuranga DC,Mkuranga, Mbezi,Mwanzega,19,Mwanzega,,0,1,,,3.2,5.9,9.1,45,9,54
Pwani,Mkuranga,Mkuranga DC,Mkuranga, Mbezi,Mwanzega,20,Mwatemo,,1.5,1,,,2.2,5.0,7.2,34,12,46
Pwani,Mkuranga,Mkuranga DC,Mkuranga, Mbezi,Mwanzega,21,Mbonzoro,,3.2,1,,,3.6,6.5,10.1,65,18,83
Pwani,Mkuranga,Mkuranga DC,Mkuranga, Mbezi,Mwanzega,22,Gemapembe,,1.4,1,,,3.5,6.5,10.0,56,10,66
Pwani,Mkuranga,Mkuranga DC,Mkuranga, Mbezi,Msorwa,24,Kikope,,1.9,1,,,2.2,5.0,7.2,55,12,67
Pwani,Mkuranga,Mkuranga DC,Mkuranga, Mbezi,Kisayani,26,Payo,,3.7,1,,,2.0,5.0,7.0,45,9,54
Pwani,Mkuranga,Mkuranga DC,Mkuranga, Mbezi,Kisayani,27,Kikurwi,,3.1,1,,,2.4,5.2,7.6,56,12,68
Pwani,Mkuranga,Mkuranga DC,Mkuranga, Mbezi,Kisayani,28,Mkubu,,3.8,1,,,2.5,5.4,7.9,73,18,91
Pwani,Mkuranga,Mkuranga DC,Mkuranga,Shungubweni,Shungubweni,30,Mduzi,,5.2,1,,,2.2,4.4,6.6,90,12,102
Pwani,Mkuranga,Mkuranga DC,Mkuranga,Shungubweni,Funza,32,Kwajagwa,,0,1,,,2.9,5.8,8.7,76,11,87
Pwani,Mkuranga,Mkuranga DC,Mkuranga,Shungubweni,Funza,33,Kikurwi,,2.9,1,,,3.0,6.0,9.0,45,9,54
Pwani,Mkuranga,Mkuranga DC,Mkuranga,Shungubweni,Boza,35,Palacha Kipya,,1.2,1,,,3.0,4.4,7.4,65,18,83
Pwani,Mkuranga,Mkuranga DC,Mkuranga,Shungubweni,Kuruti,36,Kuruti,,0.0,1,,,2.2,5.0,7.2,56,10,66
Pwani,Mkuranga,Mkuranga DC,Mkuranga,Shungubweni,Kuruti,37,Palacha,,0.0,1,,,2.2,5.6,7.8,65,12,77
Pwani,Mkuranga,Mkuranga DC,Mkuranga,Kisiju,Mavunja,38,Msambanyamani,,2.1,1,,,3.0,4.4,7.4,56,18,74
Pwani,Mkuranga,Mkuranga DC,Mkuranga,Kisiju,Mavunja,39,Mkundi,,0.4,1,,,2.2,5.0,7.2,73,10,83
Pwani,Mkuranga,Mkuranga DC,Mkuranga,Kisiju,Koma,41,Koma,,0.0,1,,,2.5,5.4,7.9,90,12,102
Pwani,Mkuranga,Mkuranga DC,Mkuranga,Kisiju,Koma,42,Mpendae,,0.0,1,,,2.6,5.4,8.0,102,11,113
Pwani,Mkuranga,Mkuranga DC,Mkuranga,Kisiju,Koma,43,Kiujuni,,0.0,1,,,2.7,5.4,8.1,76,9,85
Pwani,Mkuranga,Mkuranga DC,Mkuranga,Kisiju,Kwale,44,Kwale,,0.0,1,,,2.8,5.2,8.0,45,12,57
Pwani,Mkuranga,Mkuranga DC,Mkuranga,Kisiju,Kwale,45,Kastam,,0.0,1,,,2.9,5.4,8.3,34,18,52
Pwani,Mkuranga,Mkuranga DC,Mkuranga,Kisiju,Kwale,46,Tondo wamaji,,0.0,1,,,3.0,5.4,8.4,65,10,75
Pwani,Mkuranga,Mkuranga DC,Mkuranga,Kisiju,Kisiju Pwani,47,Ziweziwe,,1.9,1,1,,2.5,6.0,8.5,55,12,67
Pwani,Mkuranga,Mkuranga DC,Mkuranga,Kisiju,Kerekese,49,Muhagatani,,0,1,,,2.6,5.6,8.2,76,11,87
Pwani,Mkuranga,Mkuranga DC,Mkuranga,Kisiju,Kerekese,50,Kerekese,,0.0,1,,,2.7,5.8,8.5,45,9,54
Pwani,Mkuranga,Mkuranga DC,Mkuranga,Kisiju,Kalole,51,Kiwalani,,0.0,,,,,,0.0,,,0
Pwani,Mkuranga,Mkuranga DC,Mkuranga,Dondo,Binga,53,Dombawana,,2.2,1,,,2.9,4.4,7.3,73,18,91
Pwani,Mkuranga,Mkuranga DC,Mkuranga,Dondo,Binga,54,Bingachana,,1.1,1,,,3.0,5.6,8.6,120,10,130
Pwani,Mkuranga,Mkuranga DC,Mkuranga,Dondo,Binga,55,Palani,,3.2,1,,,2.2,5.8,8.0,90,10,100
Pwani,Mkuranga,Mkuranga DC,Mkuranga,Dondo,Sotele,56,Sotele C,,0,1,,,3.0,4.4,7.4,45,2,47
Pwani,Mkuranga,Mkuranga DC,Mkuranga,Dondo,Sotele,57,Sotele B,,3.7,1,,,1.0,2.0,3.0,50,2,52
Pwani,Mkuranga,Mkuranga DC,Mkuranga,Dondo,Dondo,58,Dokambwa,,1.7,1,,,2.9,5.6,8.5,65,11,76
Pwani,Mkuranga,Mkuranga DC,Mkuranga,Dondo,Dondo,59,Mbungo,,2.6,1,,,3.0,5.8,8.8,56,9,65
Pwani,Mkuranga,Mkuranga DC,Mkuranga,Dondo,Dondo,60,Nyasangara,,1.6,1,,,2.2,6.0,8.2,65,12,77
Pwani,Mkuranga,Mkuranga DC,Mkuranga,Dondo,Dondo,61,Gurusi,,4.2,1,,,2.8,4.4,7.2,45,18,63
Pwani,Mkuranga,Mkuranga DC,Mkuranga,Dondo,Mpafu,62,Mpafu,,1.4,1,,,2.9,4.4,7.3,56,10,66
Pwani,Mkuranga,Mkuranga DC,Mkuranga,Dondo,Mpafu,63,Mtundani,,0.0,1,,,3.0,5.0,8.0,73,12,85
Pwani,Mkuranga,Mkuranga DC,Mkuranga,Dondo,Mpafu,65,Moe,,3.8,1,,,2.2,5.4,7.6,90,10,100
Pwani,Mkuranga,Mkuranga DC,Mkuranga,Dondo,Kibewa,67,Dendeni,,0.0,1,,,2.8,5.4,8.2,76,18,94
Pwani,Mkuranga,Mkuranga DC,Mkuranga,Kitomondo,Kitomondo,69,Mzaya,,0.0,1,1,,3.0,6.0,9.0,34,11,45
Pwani,Mkuranga,Mkuranga DC,Mkuranga,Kitomondo,Kitomondo,70,Chanungu,,2.5,1,,,2.2,5.6,7.8,65,12,77
Pwani,Mkuranga,Mkuranga DC,Mkuranga,Kitomondo,Kitomondo,71,Kokobo,,0.0,1,,,2.2,5.8,8.0,56,2,58
Pwani,Mkuranga,Mkuranga DC,Mkuranga,Kitomondo,Mitaranda,73,Kikumbo,,0.0,1,,,2.6,4.4,7.0,55,11,66
Pwani,Mkuranga,Mkuranga DC,Mkuranga,Kitomondo,Kiwambo,74,Mahingi,,0.0,1,,,2.7,5.8,8.5,34,12,46
Pwani,Mkuranga,Mkuranga DC,Mkuranga,Kitomondo,Kiwambo,75,Nyangunguti Kaskazini,,2.7,1,,,2.7,6.0,8.7,65,18,83
Pwani,Mkuranga,Mkuranga DC,Mkuranga,Kitomondo,Kikoo,77,Magungwi,,4.2,1,,,2.7,5.0,7.7,45,11,56
Pwani,Mkuranga,Mkuranga DC,Mkuranga,Kitomondo,Kikoo,78,Nyangunguti Kusini,,1.6,1,,,2.7,5.6,8.3,56,9,65
Pwani,Mkuranga,Mkuranga DC,Mkuranga,Kitomondo,Kipera,79,Kipera,,1.5,1,,,2.9,5.8,8.7,73,12,85
Pwani,Mkuranga,Mkuranga DC,Mkuranga,Kitomondo,Kipera,81,Nyambega,,1.9,1,,,2.8,4.4,7.2,90,10,100
Pwani,Mkuranga,Mkuranga DC,Mkuranga,Magawa,Magawa,83,Nyakele,,0.0,1,,,3.0,5.0,8.0,76,11,87
Pwani,Mkuranga,Mkuranga DC,Mkuranga,Magawa,Magawa,84,Tunduni,,0.8,1,,,2.2,5.2,7.4,45,12,57
Pwani,Mkuranga,Mkuranga DC,Mkuranga,Magawa,Makumbea,87,Zegeni,,1.5,1,,,3.0,5.4,8.4,45,11,56
Pwani,Mkuranga,Mkuranga DC,Mkuranga,Magawa,Makumbea,88,Mpumunde,,2.1,1,,,2.2,5.4,7.6,34,9,43
Pwani,Mkuranga,Mkuranga DC,Mkuranga,Magawa,Kifumangao,90,Kifumangao,,4.0,1,,,2.5,6.0,8.5,56,18,74
Pwani,Mkuranga,Mkuranga DC,Mkuranga,Magawa,Kifumangao,92,Mteta,,1.5,1,,,2.9,5.8,8.7,55,5,60
Pwani,Mkuranga,Mkuranga DC,Mkuranga,Magawa,Mdimni,93,Kidugo,,0.0,1,,,3.0,6.0,9.0,76,4,80
Pwani,Mkuranga,Mkuranga DC,Mkuranga,Magawa,Nganje,96,Nganje B,,0.5,1,,,2.5,5.8,8.3,73,1,74
Pwani,Mkuranga,Mkuranga DC,Mkuranga,Msonga,Msonga,98,Msonga Kaskazini,,0.0,1,,,2.7,4.4,7.1,90,1,91
Pwani,Mkuranga,Mkuranga DC,Mkuranga,Msonga,Mtongani,100,Tambalale,,1.3,1,,,2.7,5.0,7.7,76,3,79
Pwani,Mkuranga,Mkuranga DC,Mkuranga,Msonga,Mtongani,102,Namanga ,,0.0,1,,,3.0,5.8,8.8,34,2,36
Pwani,Mkuranga,Mkuranga DC,Mkuranga,Msonga,Nasibugani,103,Zelele,,1.4,1,,,2.8,6.0,8.8,65,1,66
Pwani,Mkuranga,Mkuranga DC,Mkuranga,Msonga,Nasibugani,105,Nasibugani Kaskazini,,1.8,1,,,3.0,4.4,7.4,65,1,66
Pwani,Mkuranga,Mkuranga DC,Mkuranga,Msonga,Sangasanga,106,Sangasanga,,1.4,1,,,2.2,5.0,7.2,55,2,57
Pwani,Mkuranga,Mkuranga DC,Mkuranga,Msonga,Sangasanga,107,Nyatupa,,1.7,1,,,2.8,5.2,8.0,76,3,79
Pwani,Mkuranga,Mkuranga DC,Mkuranga,Msonga,Sangasanga,109,Zelele,,1.3,1,,,3.0,5.4,8.4,56,5,61
Pwani,Mkuranga,Mkuranga DC,Mkuranga,Msonga,Sangasanga,110,Pwapwapwa,,1.0,1,,,2.2,5.4,7.6,73,6,79
Pwani,Mkuranga,Mkuranga DC,Mkuranga,Msonga,Nyamihimbo,111,Mkotope,,0.0,1,,,2.2,7.2,9.4,120,9,129
Pwani,Mkuranga,Mkuranga DC,Mkuranga,Msonga,Nyamihimbo,113,Mkukwi,,1.6,1,,,2.8,6.0,8.8,102,12,114
Pwani,Mkuranga,Mkuranga DC,Mkuranga,Msonga,Nyamihimbo,114,Mahekani,,2.0,1,,,2.9,4.4,7.3,76,2,78
Pwani,Mkuranga,Mkuranga DC,Mkuranga,Lukanga,Sangalani,116,Nyamikuta,,2.3,1,,,2.2,4.0,6.2,34,11,45
Pwani,Mkuranga,Mkuranga DC,Mkuranga,Lukanga,Sangalani,117,Mtyeke,,2.3,1,,,2.2,4.8,7.0,65,9,74
Pwani,Mkuranga,Mkuranga DC,Mkuranga,Lukanga,Sangalani,118,Shimo la Udongo,,0.0,1,,,2.5,4.4,6.9,56,12,68
Pwani,Mkuranga,Mkuranga DC,Mkuranga,Lukanga,Misasa,120,Nyakiogo,,2.1,1,,,2.7,7.0,9.7,55,18,73
Pwani,Mkuranga,Mkuranga DC,Mkuranga,Lukanga,Misasa,121,Zakwati,,0.0,1,,,2.7,6.0,8.7,76,10,86
Pwani,Mkuranga,Mkuranga DC,Mkuranga,Lukanga,Misasa,122,Kibupuni,,0.0,1,,,2.7,4.4,7.1,45,11,56
Pwani,Mkuranga,Mkuranga DC,Mkuranga,Lukanga,Misasa,123,Mnelei,,0.3,1,,,2.7,6.0,8.7,56,12,68
Pwani,Mkuranga,Mkuranga DC,Mkuranga,Lukanga,Misasa,124,Mkongeni,,1.7,1,,,2.9,4.0,6.9,73,2,75
Pwani,Mkuranga,Mkuranga DC,Mkuranga,Lukanga,Misasa,125,Malibamba,,2.3,1,,,3.0,4.8,7.8,120,12,132
Pwani,Mkuranga,Mkuranga DC,Mkuranga,Lukanga,Lukanga,126,Lukanga A,,0.0,1,,,2.8,5.0,7.8,90,11,101
Pwani,Mkuranga,Mkuranga DC,Mkuranga,Lukanga,Lukanga,127,Kipote,,0.0,1,,,2.9,4.4,7.3,102,9,111
Pwani,Mkuranga,Mkuranga DC,Mkuranga,Lukanga,Lukanga,128,Kilembea,,2.1,1,,,3.0,6.4,9.4,76,12,88
Pwani,Mkuranga,Mkuranga DC,Mkuranga,Lukanga,Lukanga,129,Milende,,2.4,1,,,2.2,4.4,6.6,45,18,63
Pwani,Mkuranga,Mkuranga DC,Mkuranga,Lukanga,Malenda,131,Malenda Mjini,,0.7,1,,,2.9,7.0,9.9,65,12,77
Pwani,Mkuranga,Mkuranga DC,Mkuranga,Lukanga,Malenda,132,Nyangobo,,0.8,1,,,3.0,6.0,9.0,56,11,67
Pwani,Mkuranga,Mkuranga DC,Mkuranga,Lukanga,Mpimio,134,Nyandole,,0.7,1,,,2.2,6.0,8.2,55,12,67
Pwani,Mkuranga,Mkuranga DC,Mkuranga,Lukanga,Mpimio,135,Ndomboka,,1.5,1,,,2.5,4.0,6.5,76,18,94
Pwani,Mkuranga,Mkuranga DC,Mkuranga,Lukanga,Njopeka,138,Mikwasu,,4.5,1,,,2.2,2.6,4.8,120,11,131
Pwani,Mkuranga,Mkuranga DC,Mkuranga,Lukanga,Njopeka,140,Ndondwa,,2.5,1,,,2.5,5.6,8.1,102,12,114
Pwani,Mkuranga,Mkuranga DC,Mkuranga,Lukanga,Mkola,142,Nyahoro,,0.0,1,,,2.7,5.8,8.5,45,10,55
Pwani,Mkuranga,Mkuranga DC,Mkuranga,Lukanga,Mkola,143,Mndondo,,2.1,1,,,2.7,5.7,8.4,34,12,46
Pwani,Mkuranga,Mkuranga DC,Mkuranga,Lukanga,Mkola,144,Malongoni,,0.0,1,,,2.7,5.5,8.2,65,2,67
Pwani,Mkuranga,Mkuranga DC,Mkuranga,Lukanga,Mkola,145,Kizinga,,0,1,,,3.6,5.0,8.6,56,11,67
Pwani,Mkuranga,Mkuranga DC,Mkuranga,Njianne,Njianne,147,Mandela,,2.3,1,,,3.0,5.0,8.0,55,12,67
Pwani,Mkuranga,Mkuranga DC,Mkuranga,Njianne,Njianne,148,Matundu,,3.0,1,,,2.2,4.6,6.8,76,18,94
Pwani,Mkuranga,Mkuranga DC,Mkuranga,Njianne,Mikere,149,MiTanga,,0.9,1,,,3.0,4.4,7.4,45,10,55
Pwani,Mkuranga,Mkuranga DC,Mkuranga,Njianne,Mikere,150,Kidugalo,,0.0,1,,,2.0,6.1,8.1,56,12,68
Pwani,Mkuranga,Mkuranga DC,Mkuranga,Njianne,Mikere,151,Utandilani,,0.0,1,,,2.4,6.1,8.5,73,11,84
Pwani,Mkuranga,Mkuranga DC,Mkuranga,Njianne,Mingombe,154,Nyambala,,2.2,1,,,3.5,5.9,9.4,102,18,120
Pwani,Mkuranga,Mkuranga DC,Mkuranga,Njianne,Mingombe,155,Kidugalo,,0.0,1,,,3.0,5.0,8.0,76,10,86
Pwani,Mkuranga,Mkuranga DC,Mkuranga,Njianne,Miteza,157,Rugongwe,,4.8,1,,,3.0,4.7,7.7,34,12,46
Pwani,Mkuranga,Mkuranga DC,Mkuranga,Njianne,Miteza,158,Makumbi,,1.6,1,,,2.0,4.7,6.7,65,11,76
Pwani,Mkuranga,Mkuranga DC,Mkuranga,Njianne,Miteza,159,Madimka,,3.1,1,,,2.4,5.8,8.2,56,9,65
Pwani,Mkuranga,Mkuranga DC,Mkuranga,Mkamba,Kikundi,160,Rugeke,,2.9,1,,,2.5,4.9,7.4,65,12,77
Pwani,Mkuranga,Mkuranga DC,Mkuranga,Mkamba,Kikundi,161,Nyingome,,0.7,1,,,2.2,6.4,8.6,45,18,63
Pwani,Mkuranga,Mkuranga DC,Mkuranga,Mkamba,Kikundi,162,Kisangalawe,,2.7,1,,,3.2,6.4,9.6,56,10,66
Pwani,Mkuranga,Mkuranga DC,Mkuranga,Mkamba,Kikundi,163,Kong'oro,,0.0,1,,,2.2,6.0,8.2,73,12,85
Pwani,Mkuranga,Mkuranga DC,Mkuranga,Mkamba,Kizomla,166,Mpolimbo,,1.7,1,,,3.0,4.9,7.9,102,11,113
Pwani,Mkuranga,Mkuranga DC,Mkuranga,Mkamba,Kizomla,167,Mbopo,,0.0,1,1,,2.2,5.4,7.6,76,9,85
Pwani,Mkuranga,Mkuranga DC,Mkuranga,Mkamba,Kizomla,168,Kofi A,,1.9,1,,,3.0,5.3,8.3,45,12,57
Pwani,Mkuranga,Mkuranga DC,Mkuranga,Mkamba,Kizomla,169,Kofi B,,2.9,1,,,2.0,5.1,7.1,34,18,52
Pwani,Mkuranga,Mkuranga DC,Mkuranga,Mkamba,Kizapala,170,Ndoleni,,2.3,1,,,2.5,5.0,7.5,56,10,66
Pwani,Mkuranga,Mkuranga DC,Mkuranga,Mkamba,Kizapala,171,Nyikenge,,3.1,1,,,2.2,5.4,7.6,65,11,76
Pwani,Mkuranga,Mkuranga DC,Mkuranga,Mkamba,Tungi,173,Mbopo,,0.0,1,,,2.9,5.7,8.6,76,2,78
Pwani,Mkuranga,Mkuranga DC,Mkuranga,Mkamba,Lupondo,174,Mikolekole,,0.9,1,,,3.0,4.9,7.9,34,12,46
Pwani,Mkuranga,Mkuranga DC,Mkuranga,Mkamba,Lupondo,176,Msufini,,1.2,1,1,,2.2,6.0,8.2,56,9,65
Pwani,Mkuranga,Mkuranga DC,Mkuranga,Mkamba,Lupondo,178,Bwengu,,3.5,1,,,2.8,5.1,7.9,45,18,63
Pwani,Mkuranga,Mkuranga DC,Mkuranga,Mkamba,Mkerezange,180,Mtunduma,,1,1,,,3.0,4.2,7.2,73,12,85
Pwani,Mkuranga,Mkuranga DC,Mkuranga,Mkamba,Mkerezange,181,Msufini,,0.0,1,,,2.2,4.6,6.8,120,18,138
Pwani,Mkuranga,Mkuranga DC,Mkuranga,Mkamba,Mkerezange,182,Mtalawanda,,1.4,1,,,1.0,2.0,3.0,50,2,52
Pwani,Mkuranga,Mkuranga DC,Mkuranga,Mkamba,Kigoda,183,Mitalawanda,,0.0,1,,,2.2,4.7,6.9,90,10,100
Pwani,Mkuranga,Mkuranga DC,Mkuranga,Mkamba,Kigoda,184,Videte,,2.1,1,,,2.5,6.2,8.7,102,12,114
Pwani,Mkuranga,Mkuranga DC,Mkuranga,Mkamba,Kibunguchana,188,Ndoleni,,0.5,1,,,2.9,5.6,8.5,34,12,46
Pwani,Mkuranga,Mkuranga DC,Mkuranga,Kisegese,Kisegese,189,Kisegese,,1.2,1,,,3.0,4.7,7.7,65,2,67
Pwani,Mkuranga,Mkuranga DC,Mkuranga,Kisegese,Kisegese,190,Nyandege,,3.7,1,,,2.2,5.1,7.3,56,12,68
Pwani,Mkuranga,Mkuranga DC,Mkuranga,Kisegese,Kisegese,191,Kwalala,,0.0,1,,,2.2,5.2,7.4,65,11,76
Pwani,Mkuranga,Mkuranga DC,Mkuranga,Kisegese,Kisegese,192,Zola Dendeni,,11.5,1,1,,2.5,5.1,7.6,45,9,54
Pwani,Mkuranga,Mkuranga DC,Mkuranga,Kisegese,Vianzi,194,Changedere,,0.0,1,,,2.7,5.0,7.7,65,18,83
Pwani,Mkuranga,Mkuranga DC,Mkuranga,Kisegese,Chamgoi,196,Vikeze,,2.3,1,,,2.9,6.5,9.4,65,10,75
Pwani,Mkuranga,Mkuranga DC,Mkuranga,Kisegese,Kibesa,197,Kibesa,,2.0,1,,,3.0,5.2,8.2,45,11,56
Pwani,Mkuranga,Mkuranga DC,Mkuranga,Panzuo,Kibuyuni,199,Kinzae,,2.5,1,,,2.8,5.9,8.7,73,2,75
Pwani,Mkuranga,Mkuranga DC,Mkuranga,Panzuo,Kibuyuni,200,Msangamweru,,2.6,1,,,2.9,5.0,7.9,120,12,132
Pwani,Mkuranga,Mkuranga DC,Mkuranga,Panzuo,Kibuyuni,201,Malimka,,0.0,1,,,3.0,4.6,7.6,90,11,101
Pwani,Mkuranga,Mkuranga DC,Mkuranga,Panzuo,Kibuyuni,202,Ng'ole,,4.1,1,,,2.8,4.7,7.5,102,9,111
Pwani,Mkuranga,Mkuranga DC,Mkuranga,Panzuo,Mkuruwili,204,Kwembe,,0.0,1,,,3.0,5.0,8.0,45,18,63
Pwani,Mkuranga,Mkuranga DC,Mkuranga,Panzuo,NyaTanga,206,Ngarawani,,3.8,1,,,2.8,5.9,8.7,56,12,68
Pwani,Mkuranga,Mkuranga DC,Mkuranga,Panzuo,NyaTanga,207,Chang'ombe,,5.1,1,,,2.9,5.2,8.1,73,11,84
Pwani,Mkuranga,Mkuranga DC,Mkuranga,Panzuo,Mbulani,209,Kidokwe,,1.5,1,,,2.2,5.2,7.4,90,12,102
Pwani,Mkuranga,Mkuranga DC,Mkuranga,Panzuo,Mbulani,210,Mziazi,,0.0,1,,,2.2,5.2,7.4,102,18,120
Pwani,Mkuranga,Mkuranga DC,Mkuranga,Panzuo,Mbulani,211,Kidala,,4.3,1,,,2.5,5.4,7.9,76,10,86
Pwani,Mkuranga,Mkuranga DC,Mkuranga,Panzuo,Mbulani,213,Kilungule,,4.1,1,,,2.9,5.4,8.3,34,12,46
Pwani,Mkuranga,Mkuranga DC,Mkuranga,Panzuo,Mbezi Mlungwana,214,Kaloleni,,2.9,1,,,3.0,5.8,8.8,65,11,76
Pwani,Mkuranga,Mkuranga DC,Mkuranga,Panzuo,Mbezi Mlungwana,216,Bupu,,0,1,,,2.2,5.6,7.8,65,12,77
Pwani,Mkuranga,Mkuranga DC,Mkuranga,Panzuo,Mbezi Mlungwana,217,Kidugalo,,0.0,1,,,2.5,5.8,8.3,55,18,73
Pwani,Mkuranga,Mkuranga DC,Mkuranga,Nyamato,Nyanduturu,218,Nyanduturu A,,0.5,1,,,2.6,6.0,8.6,76,10,86
Pwani,Mkuranga,Mkuranga DC,Mkuranga,Nyamato,Nyanduturu,220,Nyakazoro,,1.5,1,,,2.7,5.6,8.3,65,2,67
Pwani,Mkuranga,Mkuranga DC,Mkuranga,Nyamato,Nyanduturu,221,Kizimu,,0.6,1,,,2.7,5.8,8.5,56,11,67
Pwani,Mkuranga,Mkuranga DC,Mkuranga,Nyamato,Nyanduturu,222,Mitawa,,3.8,1,,,2.6,6.0,8.6,65,9,74
Pwani,Mkuranga,Mkuranga DC,Mkuranga,Nyamato,Mkiu,223,Milondondo,,1.9,1,,,2.7,4.4,7.1,56,18,74
Pwani,Mkuranga,Mkuranga DC,Mkuranga,Nyamato,Mkiu,224,Pundi,,2.9,1,,,2.7,5.0,7.7,73,10,83
Pwani,Mkuranga,Mkuranga DC,Mkuranga,Nyamato,Mkiu,225,Nyasikinze/Kizima,,2.6,1,,,2.9,5.6,8.5,120,12,132
Pwani,Mkuranga,Mkuranga DC,Mkuranga,Nyamato,Mvuleni,226,Kisangarawe,,0.0,1,,,2.8,6.0,8.8,102,9,111
Pwani,Mkuranga,Mkuranga DC,Mkuranga,Nyamato,Mvuleni,227,Mbebetini,,0,1,,,2.9,4.9,7.8,76,12,88
Pwani,Mkuranga,Mkuranga DC,Mkuranga,Nyamato,Nyamato Tipo,229,Nyamato Bwawani,,2.5,1,,,2.2,5.1,7.3,34,10,44
Pwani,Mkuranga,Mkuranga DC,Mkuranga,Nyamato,Mkanoge,230,Nyamaringo,,3.7,1,,,2.8,5.3,8.1,34,2,36
Pwani,Mkuranga,Mkuranga DC,Mkuranga,Nyamato,Mkanoge,231,Nikongwa/Nyaikongwa,,3.1,1,1,,2.9,5.4,8.3,65,12,77
Pwani,Mkuranga,Mkuranga DC,Mkuranga,Nyamato,Mkanoge,232,Mkanoge,,0.0,1,,,3.0,5.4,8.4,56,11,67
Pwani,Mkuranga,Mkuranga DC,Mkuranga,Nyamato,Kilamba,234,Nguvu Kazi,,0.0,1,,,2.2,5.7,7.9,45,12,57
Pwani,Mkuranga,Mkuranga DC,Mkuranga,Nyamato,Kilimahewa Kusini,235,Bunju,,3.7,1,,,2.8,5.9,8.7,65,10,75
Pwani,Mkuranga,Mkuranga DC,Mkuranga,Nyamato,Kilimahewa Kusini,236,Mwake,,5.6,1,,,2.9,5.8,8.7,56,12,68
Pwani,Mkuranga,Mkuranga DC,Mkuranga,Nyamato,Kilimahewa Kusini,237,Nyairongo,,2.2,1,,,3.0,5.1,8.1,65,2,67
Pwani,Mkuranga,Mkuranga DC,Mkuranga,Kimanzichana,Kimanzichana Kaskazini,238,Nyamla,,0.0,1,,,2.2,5.1,7.3,56,11,67
Pwani,Mkuranga,Mkuranga DC,Mkuranga,Kimanzichana,Kimanzichana Kaskazini,239,Kilimamkongo,,1.5,1,,,2.5,5.8,8.3,73,9,82
Pwani,Mkuranga,Mkuranga DC,Mkuranga,Kimanzichana,Kimanzichana  Kusini,240,Nyambwawa ,,0,1,,,2.6,5.1,7.7,120,12,132
Pwani,Mkuranga,Mkuranga DC,Mkuranga,Kimanzichana,Kimanzichana Kusini,241,Lisimalike,,0.5,1,,,1.0,2.0,3.0,50,2,52
Pwani,Mkuranga,Mkuranga DC,Mkuranga,Kimanzichana,Kimanzichana Magharibi,242,Kong'olo,,1.2,1,,,2.9,5.4,8.3,45,11,56
Pwani,Mkuranga,Mkuranga DC,Mkuranga,Kimanzichana,Kimanzichana Magharibi,243,Mazomla,,0.0,1,,,3.0,5.8,8.8,34,12,46
Pwani,Mkuranga,Mkuranga DC,Mkuranga,Kimanzichana,Kilimahewa Kaskazini,244,Ngunguluka,,1.7,1,,,2.8,5.1,7.9,45,2,47
Pwani,Mkuranga,Mkuranga DC,Mkuranga,Kimanzichana,Kilimahewa Kaskazini,245,Madimka,,1.0,1,,,2.9,5.2,8.1,34,12,46
Pwani,Mkuranga,Mkuranga DC,Mkuranga,Kimanzichana,Kilimahewa Kaskazini,246,Nyailongo,,0.9,1,1,,2.2,4.8,7.0,56,9,65
Pwani,Mkuranga,Mkuranga DC,Mkuranga,Kimanzichana,Mkwechembe,249,Mikolekole,,4.1,1,,,2.2,4.2,6.4,120,18,138
Pwani,Mkuranga,Mkuranga DC,Mkuranga,Beta,Matanzi,251,Libwezaro,,1.2,1,,,2.8,5.0,7.8,102,12,114
Pwani,Mkuranga,Mkuranga DC,Mkuranga,Beta,Matanzi,252,Ngarawani,,0.0,1,,,2.9,4.8,7.7,76,18,94
Pwani,Mkuranga,Mkuranga DC,Mkuranga,Beta,Matanzi,253,Kisangarawe,,1.5,1,,,3.0,4.1,7.1,45,10,55
Pwani,Mkuranga,Mkuranga DC,Mkuranga,Beta,Mkenge,254,Nyingome,,1.6,1,,,2.2,4.2,6.4,73,12,85
Pwani,Mkuranga,Mkuranga DC,Mkuranga,Beta,Mkenge,255,Kisimapesa,,1.2,1,,,2.5,4.6,7.1,120,2,122
Pwani,Mkuranga,Mkuranga DC,Mkuranga,Beta,Mkenge,256,Beta,,0.0,1,,,2.6,4.5,7.1,90,12,102
Pwani,Mkuranga,Mkuranga DC,Mkuranga,Beta,Nyangunguti,258,Minaki,,1.7,1,,,2.7,6.0,8.7,76,9,85
Pwani,Mkuranga,Mkuranga DC,Mkuranga,Beta,Nyangunguti,259,Nyangunguti Kusini,,2.0,1,,,2.7,5.2,7.9,45,12,57
Pwani,Mkuranga,Mkuranga DC,Mkuranga,Beta,Nyangunguti,260,Nyangunguti Kaskazini,,1.3,1,,,2.7,4.4,7.1,45,18,63
Pwani,Mkuranga,Mkuranga DC,Mkuranga,Beta,Kiimbwanindi,261,Nyamikalango,,2.6,1,,,2.8,4.7,7.5,120,11,131
Pwani,Mkuranga,Mkuranga DC,Mkuranga,Beta,Kiimbwanindi,262,Beta,,1.6,1,,,1.0,2.0,3.0,50,2,52
Pwani,Mkuranga,Mkuranga DC,Mkuranga,Bupu,Bupu,264,Mbezi,,5.5,1,1,,3.0,4.6,7.6,102,2,104
Pwani,Mkuranga,Mkuranga DC,Mkuranga,Bupu,Bupu,265,Kitoho,,0.0,1,,,2.2,5.7,7.9,76,12,88
Pwani,Mkuranga,Mkuranga DC,Mkuranga,Bupu,Bupu,266,Kikonga,,4.2,1,,,2.8,4.9,7.7,45,11,56
Pwani,Mkuranga,Mkuranga DC,Mkuranga,Bupu,Mamdimpera,268,Chasimba,,0.0,1,,,3.0,6.2,9.2,65,12,77
Pwani,Mkuranga,Mkuranga DC,Mkuranga,Bupu,Mamdikongo,270,Kondo Mwelanzi,,8.1,1,,,2.2,3.8,6.0,65,10,75
Pwani,Mkuranga,Mkuranga DC,Mkuranga,Bupu,Mamdikongo,271,Chungu,,0.0,1,,,2.5,4.7,7.2,55,12,67
Pwani,Mkuranga,Mkuranga DC,Mkuranga,Bupu,Mamdikongo,272,Tabora,,3.8,1,,,2.8,3.5,6.3,76,11,87
Pwani,Mkuranga,Mkuranga DC,Mkuranga,Bupu,Tundu,274,Chasimba,,2.7,1,,,3.0,4.0,7.0,65,12,77
Pwani,Mkuranga,Mkuranga DC,Mkuranga,Bupu,Tundu,275,Lubane ,,2.4,1,,,2.2,4.0,6.2,56,18,74
Pwani,Mkuranga,Mkuranga DC,Mkuranga,Bupu,Tundu,276,Mkane,,5.5,1,,,2.2,4.8,7.0,65,10,75
Pwani,Mkuranga,Mkuranga DC,Mkuranga,Mwarusembe,Mwarusembe,278,Lunyala,,6.2,1,,,2.7,5.0,7.7,73,11,84
Pwani,Mkuranga,Mkuranga DC,Mkuranga,Mwarusembe,Mwarusembe,279,Nyavinondo,,0.0,1,,,2.7,5.2,7.9,120,9,129
Pwani,Mkuranga,Mkuranga DC,Mkuranga,Mwarusembe,Mwarusembe,280,Mitoboto,,2.9,1,,,2.7,5.4,8.1,90,12,102
Pwani,Mkuranga,Mkuranga DC,Mkuranga,Mwarusembe,Kinene,281,Nyingome,,2.5,1,1,,3.5,4.4,7.9,76,10,86
Pwani,Mkuranga,Mkuranga DC,Mkuranga,Mwarusembe,Kinene,282,Minaki,,1.2,1,,,3.0,4.7,7.7,45,12,57
Pwani,Mkuranga,Mkuranga DC,Mkuranga,Mwarusembe,Kinene,283,Timai,,2.1,1,,,2.2,5.0,7.2,34,2,36
Pwani,Mkuranga,Mkuranga DC,Mkuranga,Mwarusembe,Bigwa,285,Nyamalazwa,,1.8,1,,,2.0,5.3,7.3,65,9,74
Pwani,Mkuranga,Mkuranga DC,Mkuranga,Mwarusembe,Bigwa,286,Bong'ola,,2.3,1,,,2.4,4.3,6.7,56,12,68
Pwani,Mkuranga,Mkuranga DC,Mkuranga,Mwarusembe,Kiziko,289,Chakande,,2.0,1,,,3.5,5.3,8.8,34,12,46
Pwani,Mkuranga,Mkuranga DC,Mkuranga,Mwarusembe,Kiziko,291,Uzizi Kiziko,,2.4,1,,,2.2,5.4,7.6,120,9,129
Pwani,Mkuranga,Mkuranga DC,Mkuranga,Mwarusembe,Kitonga,294,Goko ,,2.3,1,,,2.4,4.7,7.1,76,10,86
Pwani,Mkuranga,Mkuranga DC,Mkuranga,Mwarusembe,Kitonga,295,Uzizi Kitonga,,0.0,1,,,2.5,4.3,6.8,45,2,47
Pwani,Mkuranga,Mkuranga DC,Mkuranga,Mkuranga,Mkuranga,296,Mgawa,,2.1,1,,,2.2,4.0,6.2,73,9,82
Pwani,Mkuranga,Mkuranga DC,Mkuranga,Mkuranga,Mkwalia Kitumbo,299,Kitumbo,,0.8,1,,,2.0,4.9,6.9,34,12,46
Pwani,Mkuranga,Mkuranga DC,Mkuranga,Mkuranga,Sunguvuni,300,Mwapofu,,2.7,1,,,2.4,5.3,7.7,65,11,76
Pwani,Mkuranga,Mkuranga DC,Mkuranga,Mkuranga,Sunguvuni,302,Kichangani,,1.3,1,,,2.2,5.2,7.4,65,12,77
Pwani,Mkuranga,Mkuranga DC,Mkuranga,Mkuranga,Dundani,304,Rabika,,2.2,1,,,2.2,4.7,6.9,76,10,86
Pwani,Mkuranga,Mkuranga DC,Mkuranga,Mkuranga,Dundani,305,Mwasani,,1.3,1,,,2.5,4.7,7.2,65,11,76
Pwani,Mkuranga,Mkuranga DC,Mkuranga,Mkuranga,Kibamba,306,Mwanahanika,,2.2,1,,,2.5,5.1,7.6,66,12,78
Pwani,Mkuranga,Mkuranga DC,Mkuranga,Mkuranga,Kibamba,307,Rabika,,2.2,1,,,2.6,4.6,7.2,72,2,74
Pwani,Mkuranga,Mkuranga DC,Mkuranga,Tengelea,Tengelea,314,Mperani,,1.5,1,1,,2.2,5.7,7.9,73,9,82
Pwani,Mkuranga,Mkuranga DC,Mkuranga,Tengelea,Tengelea,315,Gogo,,4.4,1,,,2.5,5.9,8.4,120,12,132
Pwani,Mkuranga,Mkuranga DC,Mkuranga,Tengelea,Hoyoyo,316,Vikangala,,3.5,1,,,2.6,5.8,8.4,90,18,108
Pwani,Mkuranga,Mkuranga DC,Mkuranga,Tengelea,Hoyoyo,318,Gogo,,3.4,1,,,1.0,2.0,3.0,50,2,52
Pwani,Mkuranga,Mkuranga DC,Mkuranga,Tengelea,Kolagwa,319,Mvemle,,1.7,1,,,2.6,5.4,8.0,34,10,44
Pwani,Mkuranga,Mkuranga DC,Mkuranga,Tengelea,Kolagwa,321,Teta,,1.9,1,,,2.7,5.8,8.5,65,18,83
Pwani,Mkuranga,Mkuranga DC,Mkuranga,Tengelea,Dondwe,322,Kiwawe,,3.4,1,,,2.7,5.1,7.8,56,10,66
Pwani,Mkuranga,Mkuranga DC,Mkuranga,Tengelea,Dondwe,323,Kidedede,,6.1,1,,,2.9,5.7,8.6,65,11,76
Pwani,Mkuranga,Mkuranga DC,Mkuranga,Tengelea,Dondwe,324,Rubambawe,,2.8,1,,,3.0,4.5,7.5,45,12,57
Pwani,Mkuranga,Mkuranga DC,Mkuranga,Vikindu,Kazole,326,Cheta,,0.0,1,,,2.2,5.3,7.5,45,9,54
Pwani,Mkuranga,Mkuranga DC,Mkuranga,Vikindu,Picha ya Ndege,328,Kamegele,,1.0,1,,,2.9,5.1,8.0,73,18,91
Pwani,Mkuranga,Mkuranga DC,Mkuranga,Vikindu,Magodani,329,Kinyemba nyemba,,3.1,1,,,2.7,5.3,8.0,34,11,45
Pwani,Mkuranga,Mkuranga DC,Mkuranga,Vikindu,Kisemvule,330,Mipera Magharibi,,1.5,1,,,1.0,2.0,3.0,50,2,52
Pwani,Mkuranga,Mkuranga DC,Mkuranga,Mwandege,Lugwadu,332,Lugwadu Kusini,,2.8,1,,,3.0,5.2,8.2,45,10,55
Pwani,Mkuranga,Mkuranga DC,Mkuranga,Mwandege,Lugwadu,333,Lugwadu Mashariki,,3.5,1,,,1.0,2.0,3.0,50,2,52
Pwani,Mkuranga,Mkuranga DC,Mkuranga,Tambani,Mlamleni,337,Kimbangulile B,,2.5,1,,,2.9,5.1,8.0,72,10,82
Pwani,Mkuranga,Mkuranga DC,Mkuranga,Tambani,Luzando,339,Utunge C,,2.0,1,1,,2.8,5.5,8.3,102,9,111
Pwani,Mkuranga,Mkuranga DC,Mkuranga,Mipeko,Mwanadilatu,349,Langweni,,3.2,1,,,2.2,5.2,7.4,120,18,138
Pwani,Mkuranga,Mkuranga DC,Mkuranga,Mipeko,Mwanadilatu,351,Nasako,,1.3,1,,,3.5,5.4,8.9,102,10,112
Pwani,Mkuranga,Mkuranga DC,Mkuranga,Mipeko,Mwanadilatu,352,Yombo,,1.2,1,,,3.0,5.6,8.6,76,11,87
Pwani,Mkuranga,Mkuranga DC,Mkuranga,Mipeko,Mwanadilatu,353,Nzasa,,1.1,1,,,2.2,5.7,7.9,45,12,57
Pwani,Mkuranga,Mkuranga DC,Mkuranga,Mipeko,Mwanadilatu,354,Mzemle,,1.8,1,,,3.0,6.4,9.4,45,2,47
Pwani,Mkuranga,Mkuranga DC,Mkuranga,Kiparang'anda,Kiparang'anda A,355,Kimanyile,,0.0,1,,,2.5,4.4,6.9,76,9,85
Pwani,Mkuranga,Mkuranga DC,Mkuranga,Kiparang'anda,Kiparang'anda A,357,Zalala,,0.3,1,,,3.2,4.9,8.1,45,18,63
Pwani,Mkuranga,Mkuranga DC,Mkuranga,Kiparang'anda,Kiparang'anda A,358,Finzi,,0.0,1,,,2.2,5.4,7.6,56,10,66
Pwani,Mkuranga,Mkuranga DC,Mkuranga,Kiparang'anda,Kiparang'anda B,359,Nyamwalile,,3.0,1,,,3.0,6.0,9.0,73,3,76
Pwani,Mkuranga,Mkuranga DC,Mkuranga,Kiparang'anda,Magoza,360,Kidai,,0.0,1,,,2.0,6.0,8.0,72,5,77
Pwani,Mkuranga,Mkuranga DC,Mkuranga,Kiparang'anda,Magoza,361,Choga,,0.0,1,,,2.4,4.2,6.6,90,1,91
Pwani,Mkuranga,Mkuranga DC,Mkuranga,Kiparang'anda,Magoza,362,Magoza,,0.0,1,,,2.5,4.6,7.1,102,2,104
Pwani,Mkuranga,Mkuranga DC,Mkuranga,Kiparang'anda,Magoza,363,Bombwe,,1.9,1,,,2.2,5.0,7.2,66,3,69
Pwani,Mkuranga,Mkuranga DC,Mkuranga,Kiparang'anda,Magoza,365,Ngalambemba,,0.0,1,,,2.2,5.9,8.1,90,2,92
Pwani,Mkuranga,Mkuranga DC,Mkuranga,Kiparang'anda,Kibululu,368,Chogoni,,1.3,1,,,2.7,7.1,9.8,72,1,73
Pwani,Mkuranga,Mkuranga DC,Mkuranga,Kiparang'anda,Kise,369,Bukini,,0.0,1,,,2.7,6.5,9.2,81,2,83
Pwani,Mkuranga,Mkuranga DC,Mkuranga,Kiparang'anda,Kise,372,Kidai,,1.6,1,,,2.9,5.0,7.9,90,5,95
Pwani,Mkuranga,Mkuranga DC,Mkuranga,Kiparang'anda,Kise,373,Choga,,1.4,1,,,3.0,4.4,7.4,102,6,108
Pwani,Mkuranga,Mkuranga DC,Mkuranga,Vianzi,Mfurumwambao,375,Kikonga,,3.3,1,,,2.9,4.4,7.3,45,8,53
Pwani,Mkuranga,Mkuranga DC,Mkuranga,Vianzi,Mfurumwambao,377,Kibane,,1.8,1,,,2.2,6.2,8.4,56,6,62
Pwani,Mkuranga,Mkuranga DC,Mkuranga,Vianzi,Mfurumwambao,378,Kigobeni,,4.8,1,,,2.8,5.7,8.5,73,12,85
Pwani,Mkuranga,Mkuranga DC,Mkuranga,Vianzi,Marogoro,380,Mzingezinge,,1.0,1,,,3.0,5.7,8.7,45,10,55
Pwani,Mkuranga,Mkuranga DC,Mkuranga,Vianzi,Marogoro,381,Sangatini,,0.0,1,,,2.2,4.9,7.1,45,11,56
Pwani,Mkuranga,Mkuranga DC,Mkuranga,Vianzi,Yavayava,383,Bweni,,1.9,1,,,2.5,5.3,7.8,73,2,75
Pwani,Mkuranga,Mkuranga DC,Mkuranga,Vianzi,Yavayava,384,Viwege,,1.1,1,,,2.8,4.8,7.6,56,12,68
Pwani,Mkuranga,Mkuranga DC,Mkuranga,Vianzi,Malela,385,Lukonde,,1.3,1,1,,2.9,5.9,8.8,73,11,84
Pwani,Mkuranga,Mkuranga DC,Mkuranga,Vianzi,Malela,386,Kizimo,,2.5,1,,,2.2,6.3,8.5,73,12,85
Pwani,Mkuranga,Mkuranga DC,Mkuranga,Vianzi,Malela,387,Magogo,,2.5,1,,,2.2,6.2,8.4,88,18,106
Pwani,Mkuranga,Mkuranga DC,Mkuranga,Vianzi,Malela,388,Malela,,2.2,1,,,1.0,2.0,3.0,50,2,52
Pwani,Mkuranga,Mkuranga DC,Mkuranga,Vianzi,Vianzi,389,Nyamisiki,,0.0,1,,,2.3,4.2,6.5,45,2,47
Pwani,Mkuranga,Mkuranga DC,Mkuranga,Vianzi,Vianzi,390,Mwajasi,,0.0,1,1,,2.5,4.6,7.1,45,12,57
Pwani,Mkuranga,Mkuranga DC,Mkuranga,Vianzi,Vianzi,391,Chang'ombe,,0.0,1,,,2.5,5.0,7.5,56,11,67
JUMLA NDOGO,,,,,,391,391,0.0,423.9,276,14,0,713.1,"1,415.0","2,128.1","18,370","2,790","21,160"
Pwani,Rufiji,Rufiji DC,Rufiji,Ngorongo,Kilimani Magharibi,1,Kilombero,,0.3,1,,,2,4.0,6.0,65,2,67
Pwani,Rufiji,Rufiji DC,Rufiji,Ngorongo,Kilimani Magharibi,2,Kisagai,,0.0,1,,,1,4.0,5.0,60,,60
Pwani,Rufiji,Rufiji DC,Rufiji,Ngorongo,Kilimani Magharibi,3,Mpanganya,,3.6,1,,,1,5.0,6.0,65,,65
Pwani,Rufiji,Rufiji DC,Rufiji,Ngorongo,Ngorongo Mashariki,10,Nyarwiru,,0.4,1,,,2,4.0,6.0,65,2,67
Pwani,Rufiji,Rufiji DC,Rufiji,Kipugira,Kipo,12,Mpande,,0.3,1,,,2,4.0,6.0,65,2,67
Pwani,Rufiji,Rufiji DC,Rufiji,Kipugira,Kipugira,13,Kipugira,,0,,,,,,0.0,,,0
Pwani,Rufiji,Rufiji DC,Rufiji,Mkongo,Mkongo Kusini,18,Kitundu,,0.2,1,,,2,4.0,6.0,65,2,67
Pwani,Rufiji,Rufiji DC,Rufiji,Mkongo,Mkongo Kusini,19,Kiwili,,0.9,1,,,2,4.0,6.0,65,2,67
Pwani,Rufiji,Rufiji DC,Rufiji,Mkongo,Mbunju Mvuleni,21,Mbunju,,0,1,,,2,4.0,6.0,65,2,67
Pwani,Rufiji,Rufiji DC,Rufiji,Mkongo,Ruwe,22,Beta,,0.1,1,,,1,3.0,4.0,35,,35
Pwani,Rufiji,Rufiji DC,Rufiji,Mkongo,Mkongo Kaskazini,24,Nyipara,,0.6,1,,,2,4.0,6.0,65,2,67
Pwani,Rufiji,Rufiji DC,Rufiji,Mkongo,Mkongo Kaskazini,25,Karakana,,0,1,,,2,4.0,6.0,65,2,67
Pwani,Rufiji,Rufiji DC,Rufiji,Mbwara,Mbwara,26,Mbwara magharibi,,0,1,,,2,4.0,6.0,65,2,67
Pwani,Rufiji,Rufiji DC,Rufiji,Mbwara,Mbwara,27,Misimbo,,1.5,1,,,,3.0,3.0,60,,60
Pwani,Rufiji,Rufiji DC,Rufiji,Mbwara,Nambunju,28,Namakono,,3.2,1,,,,5.0,5.0,65,,65
Pwani,Rufiji,Rufiji DC,Rufiji,Mbwara,Nambunju,29,Miangalaya,,4.5,1,,,,3.0,3.0,60,,60
Pwani,Rufiji,Rufiji DC,Rufiji,Mbwara,Tawi,30,Kikobo,,13.3,1,,,,4.5,4.5,65,,65
Pwani,Rufiji,Rufiji DC,Rufiji,Mbwara,Tawi,31,Mkukiki,,2.2,1,,,,5.0,5.0,80,,80
Pwani,Rufiji,Rufiji DC,Rufiji,Mbwara,Tawi,33,Mkwiri,,0.0,1,,,,5.0,5.0,75,,75
Pwani,Rufiji,Rufiji DC,Rufiji,Mbwara,Kitapi,34,Kitapi Mashariki,,0,,,,,0.0,0.0,,,0
Pwani,Rufiji,Rufiji DC,Rufiji,Mbwara,Kitapi,35,Kitapi Magharibi,,3.9,1,,,2,4.0,6.0,65,2,67
Pwani,Rufiji,Rufiji DC,Rufiji,Mbwara,Kitapi,36,Namahamba,,6.6,1,,,2,4.0,6.0,65,2,67
Pwani,Rufiji,Rufiji DC,Rufiji,Chumbi,"Chumbi ""A""",37,Ipengo,,5.8,1,,,,4.0,4.0,60,,60
Pwani,Rufiji,Rufiji DC,Rufiji,Chumbi,"Chumbi ""A""",38,Kiegele,,2.5,1,,,,5.0,5.0,70,,70
Pwani,Rufiji,Rufiji DC,Rufiji,Chumbi,"Chumbi ""B""",39,Kilindi,,2.9,1,,,,6.0,6.0,65,,65
Pwani,Rufiji,Rufiji DC,Rufiji,Chumbi,"Chumbi ""B""",40,Kipoka Nyanda,,13.2,1,,,2,4.0,6.0,65,2,67
Pwani,Rufiji,Rufiji DC,Rufiji,Chumbi,"Chumbi ""B""",41,Kipoka Msomeni,,0.5,1,,,2,4.0,6.0,65,2,67
Pwani,Rufiji,Rufiji DC,Rufiji,Chumbi,"Chumbi ""B""",42,Mikorwa/ Boto,,4.5,1,,,,3.0,3.0,50,,50
Pwani,Rufiji,Rufiji DC,Rufiji,Chumbi,"Chumbi ""B""",43,Msikitini,,0,1,,,2,4.0,6.0,65,2,67
Pwani,Rufiji,Rufiji DC,Rufiji,Chumbi,"Chumbi ""C""",44,Chumbi Magharibi,,0,1,,,2,4.0,6.0,65,2,67
Pwani,Rufiji,Rufiji DC,Rufiji,Chumbi,"Chumbi ""C""",45,Kanga,,3.2,1,,,2,4.0,6.0,65,2,67
Pwani,Rufiji,Rufiji DC,Rufiji,Chumbi,"Chumbi ""C""",46,Ngaro,,10.7,1,,,,5.0,5.0,80,,80
Pwani,Rufiji,Rufiji DC,Rufiji,Chumbi,"Chumbi ""C""",47,Nyakipande,,6.7,1,,,,5.0,5.0,50,,50
Pwani,Rufiji,Rufiji DC,Rufiji,Mohoro,Shela,50,Rangi tatu,,4.5,,,,,,0.0,,,0
Pwani,Rufiji,Rufiji DC,Rufiji,Mohoro,Mohoro Mashariki,51,Nyautika,,0.0,1,,,,2.0,2.0,32,1,33
Pwani,Rufiji,Rufiji DC,Rufiji,Mohoro,Mohoro Mashariki,52,Chamwenge/ Nyamidege,,4.4,1,,,,5.5,5.5,50,0,50
Pwani,Rufiji,Rufiji DC,Rufiji,Mohoro,Kiwanga,53,Mihiru,,14.0,1,,,,5.0,5.0,30,0,30
Pwani,Rufiji,Rufiji DC,Rufiji,Mohoro,Kiwanga,54,Londondo,,0,1,,,2,4.0,6.0,65,2,67
Pwani,Rufiji,Rufiji DC,Rufiji,Mohoro,Ndundutawa,55,Makenzi,,0.9,1,,,1,7.0,8.0,50,0,50
Pwani,Rufiji,Rufiji DC,Rufiji,Mohoro,Ndundutawa,56,Msikitini,,1.3,1,,,1,1.0,2.0,45,1,46
Pwani,Rufiji,Rufiji DC,Rufiji,Mohoro,Ndundutawa,58,Nyalindi,,0.7,1,,,1,1.0,2.0,46,1,47
Pwani,Rufiji,Rufiji DC,Rufiji,Mohoro,Mohoro Magharibi,59,Nyakikai,,8.1,1,,,1,1.0,2.0,40,1,41
Pwani,Rufiji,Rufiji DC,Rufiji,Mohoro,Mohoro Magharibi,60,Nyandote,,4.9,1,,,1,6.0,7.0,65,1,66
Pwani,Rufiji,Rufiji DC,Rufiji,Mohoro,Mohoro Magharibi,61,Mwanani,,1.9,1,,,1,5.5,6.5,50,1,51
Pwani,Rufiji,Rufiji DC,Rufiji,Mohoro,King'ong'o,64,Kisangi,,0.0,1,,,,1.0,1.0,52,1,53
Pwani,Rufiji,Rufiji DC,Rufiji,Mohoro,King'ong'o,66,Mpelepele,,0.0,1,,,,5.5,5.5,53,1,54
,,,,Mamlaka ya Mji Mdogo wa Utete,,,,,,,,,,,,,,
Pwani,Rufiji,Rufiji DC,Rufiji,Utete,,67,Siasa,,9.9,1,,,,4.0,4.0,50,1,51
Pwani,Rufiji,Rufiji DC,Rufiji,Chemchem,,68,Nyandumbi,,0.0,1,,,,2.0,2.0,66,1,67
Pwani,Rufiji,Rufiji DC,Rufiji,Chemchem,,69,Nyawanje/Ngwembele,,0,1,,,,3.0,3.0,50,1,51
Pwani,Rufiji,Rufiji DC,Rufiji,Ngarambe,,70,Kungulwe,,0,1,,,,3.0,3.0,55,1,56
Pwani,Rufiji,Rufiji DC,Rufiji,Ngarambe,,71,Namakono,,0,1,,,1,3.0,4.0,50,1,51
JUMLA NDOGO,,,,,,71,,0.0,107.8,46,0,0,0.0,189.0,233.0,"2,829",13,"2,876"
JUMLA KUU,,,,,,"1,244",,22.1,"1,455.3",709,187,21,"1,802.5","3,501.4","5,350.9","49,014","4,538","53,619"
