MKOA WA RUKWA ,,,,,,,,Scope of works,,,,,,,,,,,TAPPING POINT,ACCESSIBILITY,,,REMAKS
,,,,,,,,,,,,,,,,,,,,,,,
,,,,,,,,Medium Voltage Lines (km),,Distribution Transformers (kVA),,,Low Voltage Lines (km),,,Initial Customers,,,,,,,
Mkoa,Wilaya,Halmashauri,Jimbo,Kata,Kijiji,Na,Kitongoji,11kV,33kV,50,100,200,4x95 sq.mm,4x50 sq.mm,LV Total (km),Single Phase,Three Phase,Total,,CAR,M/C,FOOT,
Rukwa,Sumbawanga,Sumbawanga DC,Kwela,Ilemba,Ilemba A,1,Mwembemmoja,-,3.0,1,,,1.4,0.6,2.0,60,5,65,,,,,INACCESSIBLE
Rukwa,Sumbawanga,Sumbawanga DC,Kwela,Ilemba,Ilemba A,2,Ilemba Kati,-,-,1,1,,1.4,0.6,2.0,60,5,65,,,,,
Rukwa,Sumbawanga,Sumbawanga DC,Kwela,Ilemba,Ilemba A,3,Mkanga,-,0.2,1,,,1.4,0.6,2.0,60,5,65,,,,,
Rukwa,Sumbawanga,Sumbawanga DC,Kwela,Ilemba,Kaswepa,4,Kaswepa,-,-,1,1,,1.4,0.6,2.0,60,5,65,,,,,
Rukwa,Sumbawanga,Sumbawanga DC,Kwela,Ilemba,Kaswepa,5,Kapata ,-,1.1,1,,,1.4,0.6,2.0,60,5,65,,,,,
Rukwa,Sumbawanga,Sumbawanga DC,Kwela,Ilemba,Kaswepa,6,Majengo,-,0.0,1,,,1.4,0.6,2.0,60,5,65,,,,,
Rukwa,Sumbawanga,Sumbawanga DC,Kwela,Ilemba,Sakalilo,7,Mulu,-,0.7,1,,,1.4,0.6,2.0,50,3,53,,,,,
Rukwa,Sumbawanga,Sumbawanga DC,Kwela,Ilemba,Sakalilo,8,Manda,-,0.3,1,,,1.4,0.6,2.0,50,2,52,,,,,
Rukwa,Sumbawanga,Sumbawanga DC,Kwela,Ilemba,Sakalilo,9,Kalekete,-,-,1,,,1.4,0.6,2.0,40,3,43,,,,,
Rukwa,Sumbawanga,Sumbawanga DC,Kwela,Ilemba,Sakalilo,10, Isanga,-,4.0,1,,,1.4,0.6,2.0,47,2,49,,,,,INACCESSIBLE
Rukwa,Sumbawanga,Sumbawanga DC,Kwela,Ilemba,Ilemba B,11,Chanji,-,0.7,1,,,1.4,0.6,2.0,120,5,125,,,,,
Rukwa,Sumbawanga,Sumbawanga DC,Kwela,Ilemba,Ilemba B,12,Tuwi,-,0.0,1,,,1.4,0.6,2.0,200,6,206,,,,,
Rukwa,Sumbawanga,Sumbawanga DC,Kwela,Ilemba,Ilemba B,13,Makoto,-,0.4,1,,,1.4,0.6,2.0,100,10,110,,,,,
Rukwa,Sumbawanga,Sumbawanga DC,Kwela,Ilemba,Ilemba B,14,Kambauwanda,-,-,1,1,,1.4,0.6,2.0,300,7,307,,,,,
Rukwa,Sumbawanga,Sumbawanga DC,Kwela,Ilemba,Ilemba B,15,Kampombo,-,0.7,1,,,1.4,0.6,2.0,70,7,77,,,,,
Rukwa,Sumbawanga,Sumbawanga DC,Kwela,Ilemba,Lyanza,16,Kalambo,-,2.0,1,,,1.4,0.6,2.0,30,5,35,,,,,INACCESSIBLE
Rukwa,Sumbawanga,Sumbawanga DC,Kwela,Ilemba,Lyanza,17,Milimani,-,-,1,,,1.4,0.6,2.0,60,4,64,,,,,
Rukwa,Sumbawanga,Sumbawanga DC,Kwela,Ilemba,Lyanza,18,Lyanza kati,-,0.0,1,,,1.4,0.6,2.0,100,6,106,,,,,
Rukwa,Sumbawanga,Sumbawanga DC,Kwela,Nankanga,Nankanga ,19,Uhuru,-,-,1,,,1.4,0.6,2.0,60,4,64,,,,,
Rukwa,Sumbawanga,Sumbawanga DC,Kwela,Nankanga,Nankanga ,20,Nazareth,-,0.0,1,,,1.4,0.6,2.0,50,5,55,,,,,
Rukwa,Sumbawanga,Sumbawanga DC,Kwela,Nankanga,Nankanga ,21,Nankanga Kati,-,0.5,1,,,1.4,0.6,2.0,65,5,70,,,,,
Rukwa,Sumbawanga,Sumbawanga DC,Kwela,Nankanga,Nankanga ,22,Isanga,-,3.2,1,,,1.4,0.6,2.0,70,4,74,,,,,
Rukwa,Sumbawanga,Sumbawanga DC,Kwela,Nankanga,Nankanga ,23,Chikamba,-,2.8,1,,,1.4,0.6,2.0,65,5,70,,,,,
Rukwa,Sumbawanga,Sumbawanga DC,Kwela,Nankanga,Nankanga C,24,Mtakuja,-,-,1,,,1.4,0.6,2.0,65,5,70,,,,,
Rukwa,Sumbawanga,Sumbawanga DC,Kwela,Nankanga,Nankanga C,25,Chang'ombe,-,1.7,1,,,1.4,0.6,2.0,65,5,70,,,,,
Rukwa,Sumbawanga,Sumbawanga DC,Kwela,Nankanga,Nankanga C,26,Vuma,-,0.3,1,,,1.4,0.6,2.0,55,3,58,,,,,
Rukwa,Sumbawanga,Sumbawanga DC,Kwela,Nankanga,Solola,27,Solola kati,-,0.0,1,,,1.4,0.6,2.0,90,5,95,,,,,
Rukwa,Sumbawanga,Sumbawanga DC,Kwela,Nankanga,Solola,28,Kaloleni,-,-,1,,,1.4,0.6,2.0,90,5,95,,,,,
Rukwa,Sumbawanga,Sumbawanga DC,Kwela,Nankanga,Solola,29,Intake,-,0.5,1,,,1.4,0.6,2.0,95,5,100,,,,,
Rukwa,Sumbawanga,Sumbawanga DC,Kwela,Kaoze,Kaoze,30,Nanzovu,-,0.6,1,,,1.4,0.6,2.0,90,5,95,,,,,
Rukwa,Sumbawanga,Sumbawanga DC,Kwela,Kaoze,Kaoze,31,Chikulwe,-,0.5,1,,,1.4,0.6,2.0,90,3,93,,,,,
Rukwa,Sumbawanga,Sumbawanga DC,Kwela,Kaoze,Kaoze,32,Msawizi,-,-,1,,,1.4,0.6,2.0,90,5,95,,,,,
Rukwa,Sumbawanga,Sumbawanga DC,Kwela,Kaoze,Kaoze,33,Nsavya,-,0.0,1,,,1.4,0.6,2.0,90,3,93,,,,,
Rukwa,Sumbawanga,Sumbawanga DC,Kwela,Kaoze,Kaoze,34,Mpilima,-,0.0,1,,,1.4,0.6,2.0,90,5,95,,,,,
Rukwa,Sumbawanga,Sumbawanga DC,Kwela,Kaoze,Kaoze,35,Kaoze,-,0.6,1,,,1.4,0.6,2.0,70,3,73,,,,,
Rukwa,Sumbawanga,Sumbawanga DC,Kwela,Kaoze,Kaoze,36,Kikwale,-,5.4,1,,,1.4,0.6,2.0,60,5,65,,,,,
Rukwa,Sumbawanga,Sumbawanga DC,Kwela,Kaoze,Kaoze,37,Msompa,-,0.5,1,,,1.4,0.6,2.0,70,4,74,,,,,
Rukwa,Sumbawanga,Sumbawanga DC,Kwela,Kaoze,Kaoze,38,Mpasaji,-,0.0,1,,,1.4,0.6,2.0,80,5,85,,,,,
Rukwa,Sumbawanga,Sumbawanga DC,Kwela,Kaoze,Kaoze,39,Kizule,-,0.5,1,,,1.4,0.6,2.0,70,5,75,,,,,
Rukwa,Sumbawanga,Sumbawanga DC,Kwela,Kaoze,Tululu ,40,Chang’ombe,-,0.0,1,,,1.4,0.6,2.0,90,5,95,,,,,
Rukwa,Sumbawanga,Sumbawanga DC,Kwela,Kaoze,Tululu ,41,Msangana,-,-,1,,,1.4,0.6,2.0,90,4,94,,,,,
Rukwa,Sumbawanga,Sumbawanga DC,Kwela,Kaoze,Tululu ,42,Tululu,-,0.4,1,,,1.4,0.6,2.0,95,5,100,,,,,
Rukwa,Sumbawanga,Sumbawanga DC,Kwela,Kaoze,Chombe,43,Kipala,-,0.5,1,,,1.4,0.6,2.0,80,5,85,,,,,
Rukwa,Sumbawanga,Sumbawanga DC,Kwela,Kaoze,Chombe,44,Chipa,-,0.6,1,,,1.4,0.6,2.0,80,5,85,,,,,
Rukwa,Sumbawanga,Sumbawanga DC,Kwela,Kaoze,Chombe,45,Kalambo,-,0.6,1,,,1.4,0.6,2.0,80,5,85,,,,,
Rukwa,Sumbawanga,Sumbawanga DC,Kwela,Kaoze,Chombe,46,Mwitu,-,0.6,1,,,1.4,0.6,2.0,60,5,65,,,,,
Rukwa,Sumbawanga,Sumbawanga DC,Kwela,Kaoze,Chombe,47,Mtapenda,-,0.0,1,,,1.4,0.6,2.0,70,5,75,,,,,
Rukwa,Sumbawanga,Sumbawanga DC,Kwela,Kaoze,Chombe,48,Chombe,-,-,1,,,1.4,0.6,2.0,60,5,65,,,,,
Rukwa,Sumbawanga,Sumbawanga DC,Kwela,Kaoze,Kiandaigonda,49,Kiandaigonda A,-,0.3,1,,,1.4,0.6,2.0,60,5,65,,,,,
Rukwa,Sumbawanga,Sumbawanga DC,Kwela,Kaoze,Kiandaigonda,50,Kiandaigonda B,-,-,1,,,1.4,0.6,2.0,80,5,85,,,,,
Rukwa,Sumbawanga,Sumbawanga DC,Kwela,Kaoze,Kiandaigonda,51,Chite A,-,0.0,1,,,1.4,0.6,2.0,90,5,95,,,,,
Rukwa,Sumbawanga,Sumbawanga DC,Kwela,Kaoze,Kiandaigonda,52,Chite B,-,0.7,1,,,1.4,0.6,2.0,70,5,75,,,,,
Rukwa,Sumbawanga,Sumbawanga DC,Kwela,Kaoze,Kiandaigonda,53,Chang'ombe A,-,0.0,1,,,1.4,0.6,2.0,80,5,85,,,,,
Rukwa,Sumbawanga,Sumbawanga DC,Kwela,Kaoze,Kiandaigonda,54,Chang'ombe B,-,0.0,1,,,1.4,0.6,2.0,90,5,95,,,,,
Rukwa,Sumbawanga,Sumbawanga DC,Kwela,Kaoze,Kiandaigonda,55,Chamenje ,-,0.6,1,,,1.4,0.6,2.0,60,5,65,,,,,
Rukwa,Sumbawanga,Sumbawanga DC,Kwela,Kaoze,Kiandaigonda,56,Nakasungu,-,1.0,1,,,1.4,0.6,2.0,60,5,65,,,,,
Rukwa,Sumbawanga,Sumbawanga DC,Kwela,Kapenta,Mkusi,57,Mtundwe,-,0.9,1,,,1.4,0.6,2.0,60,5,65,,,,,
Rukwa,Sumbawanga,Sumbawanga DC,Kwela,Kapenta,Mkusi,58,Msanza,-,0.3,1,,,1.4,0.6,2.0,70,5,75,,,,,
Rukwa,Sumbawanga,Sumbawanga DC,Kwela,Kapenta,Mkusi,59,Kikonde,-,-,1,,,1.4,0.6,2.0,60,5,65,,,,,
Rukwa,Sumbawanga,Sumbawanga DC,Kwela,Kapenta,Ngomeni,60,Mkumbulule,-,-,1,,,1.4,0.6,2.0,60,5,65,,,,,
Rukwa,Sumbawanga,Sumbawanga DC,Kwela,Kapenta,Ngomeni,61,Mkangele,-,0.3,1,,,1.4,0.6,2.0,60,5,65,,,,,
Rukwa,Sumbawanga,Sumbawanga DC,Kwela,Kapenta,Kawila,62,Mazinji A,-,0.3,1,,,1.4,0.6,2.0,90,5,95,,,,,
Rukwa,Sumbawanga,Sumbawanga DC,Kwela,Kapenta,Kawila,63,Mazinji B,-,0.7,1,,,1.4,0.6,2.0,60,5,65,,,,,
Rukwa,Sumbawanga,Sumbawanga DC,Kwela,Kapenta,Kawila,64,Kawila,-,-,1,,,1.4,0.6,3.3,60,5,65,,,,,
Rukwa,Sumbawanga,Sumbawanga DC,Kwela,Kapenta,Kapenta,65,Ntumbi,-,0.5,1,,,1.4,0.6,2.0,50,5,55,,,,,
Rukwa,Sumbawanga,Sumbawanga DC,Kwela,Kapenta,Kapenta,66,Malawi,-,0.3,1,,,1.4,0.6,2.0,50,5,55,,,,,
Rukwa,Sumbawanga,Sumbawanga DC,Kwela,Kapenta,Kapenta,67,Kapasa,-,-,1,,,1.4,0.6,2.0,50,5,55,,,,,
Rukwa,Sumbawanga,Sumbawanga DC,Kwela,Kapenta,Kapenta,68,Ngoi,-,5.5,1,,,1.4,0.6,2.0,30,5,35,,,,,
Rukwa,Sumbawanga,Sumbawanga DC,Kwela,Kapenta,Nsanga,69,Kaula,-,0.3,1,,,1.4,0.6,2.0,30,5,35,,,,,
Rukwa,Sumbawanga,Sumbawanga DC,Kwela,Kapenta,Nsanga,70,Kafula,-,-,1,,,1.4,0.6,2.0,30,5,35,,,,,
Rukwa,Sumbawanga,Sumbawanga DC,Kwela,Kapenta,Nsanga,71,Kalonje  ,-,3.0,1,,,1.4,0.6,2.0,50,5,55,,,,,
Rukwa,Sumbawanga,Sumbawanga DC,Kwela,Kapenta,Liwelyamvula,72,Ngomeni,-,,1,,,1.4,0.6,2.0,60,5,65,,,,,DOES NOT EXIST
Rukwa,Sumbawanga,Sumbawanga DC,Kwela,Kapenta,Liwelyamvula,73,Namasinzi,-,2.4,1,,,1.4,0.6,2.0,50,5,55,,,,,
Rukwa,Sumbawanga,Sumbawanga DC,Kwela,Kapenta,Liwelyamvula,74,Namingongo,-,0.3,1,,,1.4,0.6,2.0,50,5,55,,,,,
Rukwa,Sumbawanga,Sumbawanga DC,Kwela,Kapenta,Liwelyamvula,75,Liwelyamvula,-,-,1,,,1.4,0.6,2.0,50,5,55,,,,,
Rukwa,Sumbawanga,Sumbawanga DC,Kwela,Kipeta,Kipeta,76,Kipeta kati,-,-,1,,,1.4,0.6,2.0,180,20,200,,,,,
Rukwa,Sumbawanga,Sumbawanga DC,Kwela,Kipeta,Kipeta,77,Mmuyu,-,0.8,1,,,1.4,0.6,2.0,180,5,185,,,,,
Rukwa,Sumbawanga,Sumbawanga DC,Kwela,Kipeta,Kipeta,78,Ng’ongo,-,0.3,1,,,1.4,0.6,2.0,60,5,65,,,,,
Rukwa,Sumbawanga,Sumbawanga DC,Kwela,Kipeta,Kipeta,79,Kanyala,-,1.5,1,,,1.4,0.6,2.0,60,5,65,,,,,
Rukwa,Sumbawanga,Sumbawanga DC,Kwela,Kipeta,Kipeta,80,Kituku ,-,0.7,1,,,1.4,0.6,2.0,150,8,158,,,,,
Rukwa,Sumbawanga,Sumbawanga DC,Kwela,Kipeta,Kipeta,81,Kikwale,-,7.7,1,,,1.4,0.6,2.0,100,5,105,,,,,
Rukwa,Sumbawanga,Sumbawanga DC,Kwela,Kipeta,Legeza,82,Senga,-,0.0,1,,,1.4,0.6,2.0,100,5,105,,,,,
Rukwa,Sumbawanga,Sumbawanga DC,Kwela,Kipeta,Legeza,83,Nauchese,-,4.6,1,,,1.4,0.6,2.0,50,5,55,,,,,
Rukwa,Sumbawanga,Sumbawanga DC,Kwela,Kipeta,Legeza,84,Legeza Kati,-,-,1,,,1.4,0.6,2.0,60,4,64,,,,,
Rukwa,Sumbawanga,Sumbawanga DC,Kwela,Kipeta,Mpona,85,Chamwana,-,-,1,,,1.4,0.6,2.0,50,5,55,,,,,
Rukwa,Sumbawanga,Sumbawanga DC,Kwela,Kipeta,Mpona,86,Namashete,-,0.5,1,,,1.4,0.6,2.0,50,5,55,,,,,
Rukwa,Sumbawanga,Sumbawanga DC,Kwela,Kipeta,Mpona,87,Mbaya,-,2.0,1,,,1.4,0.6,2.0,50,5,55,,,,,INACCESSIBLE
Rukwa,Sumbawanga,Sumbawanga DC,Kwela,Kipeta,Mpona,88,Magoma,-,0.0,1,,,1.4,0.6,2.0,50,5,55,,,,,
Rukwa,Sumbawanga,Sumbawanga DC,Kwela,Kipeta,Kirando,89,Ludewa,-,0.7,1,,,1.4,0.6,2.0,50,5,55,,,,,
Rukwa,Sumbawanga,Sumbawanga DC,Kwela,Kipeta,Kirando,90,Namavyonga,-,3.1,1,,,1.4,0.6,2.0,50,5,55,,,,,
Rukwa,Sumbawanga,Sumbawanga DC,Kwela,Kipeta,Kirando,91,Kilando kati,-,-,1,,,1.4,0.6,2.0,50,5,55,,,,,
Rukwa,Sumbawanga,Sumbawanga DC,Kwela,Kipeta,Kilyamatundu ,92,Kilyamatundu kati,-,0.0,1,,,1.4,0.6,2.0,50,5,55,,,,,
Rukwa,Sumbawanga,Sumbawanga DC,Kwela,Kipeta,Kilyamatundu ,93,Lupanga,-,0.0,1,,,1.4,0.6,2.0,50,5,55,,,,,
Rukwa,Sumbawanga,Sumbawanga DC,Kwela,Kipeta,Kilyamatundu ,94,Tewete,-,-,1,,,1.4,0.6,2.0,50,5,55,,,,,
Rukwa,Sumbawanga,Sumbawanga DC,Kwela,Kipeta,Kilyamatundu ,95,Majengo,-,-,1,,,1.4,0.6,2.0,50,5,55,,,,,
Rukwa,Sumbawanga,Sumbawanga DC,Kwela,Kipeta,Kilyamatundu ,96,Kalenje,-,0.0,1,,,1.4,0.6,2.0,50,5,55,,,,,
Rukwa,Sumbawanga,Sumbawanga DC,Kwela,Kilangawana,Maleza,97,Ulundo (Ilundo),-,-,1,,,1.4,0.6,2.0,100,8,108,,,,,
Rukwa,Sumbawanga,Sumbawanga DC,Kwela,Kilangawana,Maleza,98,Msomantembo,-,0.0,1,,,1.4,0.6,2.0,100,8,108,,,,,
Rukwa,Sumbawanga,Sumbawanga DC,Kwela,Kilangawana,Maleza,99,Mwenemtolo,-,0.3,1,,,1.4,0.6,2.0,100,8,108,,,,,
Rukwa,Sumbawanga,Sumbawanga DC,Kwela,Kilangawana,Maleza,100,Nkamba,-,0.8,1,,,1.4,0.6,2.0,100,8,108,,,,,
Rukwa,Sumbawanga,Sumbawanga DC,Kwela,Kilangawana,Maleza,101,Kapyamsanya,-,0.0,1,,,1.4,0.6,2.0,100,8,108,,,,,
Rukwa,Sumbawanga,Sumbawanga DC,Kwela,Kilangawana,Maleza,102,Nangoli,-,0.0,1,,,1.4,0.6,2.0,100,8,108,,,,,
Rukwa,Sumbawanga,Sumbawanga DC,Kwela,Kilangawana,Maleza,103,Maombwe,-,1.4,1,,,1.4,0.6,2.0,100,8,108,,,,,
Rukwa,Sumbawanga,Sumbawanga DC,Kwela,Kilangawana,Maleza,104,Ngola ,-,5.2,1,,,1.4,0.6,2.0,100,8,108,,,,,
Rukwa,Sumbawanga,Sumbawanga DC,Kwela,Kilangawana,Kilangawana,105,Tukuyu,-,0.0,1,,,1.4,0.6,2.0,100,8,108,,,,,
Rukwa,Sumbawanga,Sumbawanga DC,Kwela,Kilangawana,Kilangawana,106,Mabatini,-,0.0,1,,,1.4,0.6,2.0,100,8,108,,,,,
Rukwa,Sumbawanga,Sumbawanga DC,Kwela,Kilangawana,Kilangawana,107,Mpakani,-,1.2,1,,,1.4,0.6,2.0,100,8,108,,,,,
Rukwa,Sumbawanga,Sumbawanga DC,Kwela,Kilangawana,Kilangawana,108,Movu,-,0.0,1,,,1.4,0.6,2.0,100,8,108,,,,,
Rukwa,Sumbawanga,Sumbawanga DC,Kwela,Kilangawana,Kilangawana,109,Kilangawana Mjini,-,-,1,,,1.4,0.6,2.0,100,8,108,,,,,
Rukwa,Sumbawanga,Sumbawanga DC,Kwela,Kilangawana,Ilambo,110,Mtukula,-,0.0,1,,,1.4,0.6,2.0,60,7,67,,,,,
Rukwa,Sumbawanga,Sumbawanga DC,Kwela,Kilangawana,Ilambo,111,Elnino,-,0.3,1,,,1.4,0.6,2.0,60,7,67,,,,,
Rukwa,Sumbawanga,Sumbawanga DC,Kwela,Kilangawana,Ilambo,112,Mabatini,-,-,1,,,1.4,0.6,2.0,60,7,67,,,,,
Rukwa,Sumbawanga,Sumbawanga DC,Kwela,Kilangawana,Ilambo,113,Majengo,-,0.0,1,,,1.4,0.6,2.0,60,7,67,,,,,
Rukwa,Sumbawanga,Sumbawanga DC,Kwela,Kilangawana,Ilambo,114,Chang’ombe,-,0.5,1,,,1.4,0.6,2.0,60,7,67,,,,,
Rukwa,Sumbawanga,Sumbawanga DC,Kwela,Kilangawana,Ilambo,115,Isinizya ,-,3.3,1,,,1.4,0.6,2.0,60,7,67,,,,,
Rukwa,Sumbawanga,Sumbawanga DC,Kwela,Kilangawana,Mpande,116,Kaloleni,-,-,1,,,1.4,0.6,2.0,60,7,67,,,,,
Rukwa,Sumbawanga,Sumbawanga DC,Kwela,Kilangawana,Mpande,117,Soweto,-,0.0,1,,,1.4,0.6,2.0,60,7,67,,,,,
Rukwa,Sumbawanga,Sumbawanga DC,Kwela,Kilangawana,Mpande,118,Mpande,-,-,1,,,1.4,0.6,2.0,60,7,67,,,,,
Rukwa,Sumbawanga,Sumbawanga DC,Kwela,Mtowisa,Sontaukia,119,Majengo,-,-,1,,,1.4,0.6,2.0,30,6,36,,,,,
Rukwa,Sumbawanga,Sumbawanga DC,Kwela,Mtowisa,Sontaukia,120,Katindi,-,3.0,1,,,1.4,0.6,2.0,30,6,36,,,,,
Rukwa,Sumbawanga,Sumbawanga DC,Kwela,Mtowisa,Sontaukia,121,Kichangani,-,2.9,1,,,1.4,0.6,2.0,30,6,36,,,,,
Rukwa,Sumbawanga,Sumbawanga DC,Kwela,Mtowisa,Sontaukia,122,Sontaukia,-,-,1,,,1.4,0.6,2.0,60,5,65,,,,,
Rukwa,Sumbawanga,Sumbawanga DC,Kwela,Mtowisa,Ng'ongo,123,Mwanga,-,0.0,1,,,1.4,0.6,2.0,60,4,64,,,,,
Rukwa,Sumbawanga,Sumbawanga DC,Kwela,Mtowisa,Ng'ongo,124,Lwizi,-,4.2,1,,,1.4,0.6,2.0,60,4,64,,,,,
Rukwa,Sumbawanga,Sumbawanga DC,Kwela,Mtowisa,Ng'ongo,125,Ng'ongo,-,-,1,,,1.4,0.6,2.0,60,4,64,,,,,
Rukwa,Sumbawanga,Sumbawanga DC,Kwela,Mtowisa,Ng'ongo,126,Mteteze,-,0.7,1,,,1.4,0.6,2.0,60,4,64,,,,,
Rukwa,Sumbawanga,Sumbawanga DC,Kwela,Mtowisa,Kifinga,127,Kifinga,-,0.0,1,,,1.4,0.6,2.0,80,5,85,,,,,
Rukwa,Sumbawanga,Sumbawanga DC,Kwela,Mtowisa,Kifinga,128,Kakoa,-,0.0,1,,,1.4,0.6,2.0,80,5,85,,,,,
Rukwa,Sumbawanga,Sumbawanga DC,Kwela,Mtowisa,Kifinga,129,Kasisi,-,-,1,,,1.4,0.6,2.0,80,5,85,,,,,
Rukwa,Sumbawanga,Sumbawanga DC,Kwela,Mtowisa,Kifinga,130,Mtukula,-,,1,,,1.4,0.6,2.0,80,5,85,,,,,
Rukwa,Sumbawanga,Sumbawanga DC,Kwela,Mtowisa,Mkamba,131,Sofwa,-,0.0,1,,,1.4,0.6,2.0,80,5,85,,,,,
Rukwa,Sumbawanga,Sumbawanga DC,Kwela,Mtowisa,Mkamba,132,Chanda,-,0.0,1,,,1.4,0.6,2.0,80,5,85,,,,,
Rukwa,Sumbawanga,Sumbawanga DC,Kwela,Mtowisa,Mkamba,133,Mundwe,-,-,1,,,1.4,0.6,2.0,80,5,85,,,,,
Rukwa,Sumbawanga,Sumbawanga DC,Kwela,Mtowisa,Mkamba,134,Kindumba,-,9.0,1,,,1.4,0.6,2.0,80,5,85,,,,,
Rukwa,Sumbawanga,Sumbawanga DC,Kwela,Mtowisa,Mkamba,135,Matiri,-,0.0,1,,,1.4,0.6,2.0,80,5,85,,,,,
Rukwa,Sumbawanga,Sumbawanga DC,Kwela,Zimba,Mission,136,Namwele,-,-,1,,,1.4,0.6,2.0,60,5,65,,,,,
Rukwa,Sumbawanga,Sumbawanga DC,Kwela,Zimba,Mission,137,Majengo,-,-,1,,,1.4,0.6,2.0,60,5,65,,,,,
Rukwa,Sumbawanga,Sumbawanga DC,Kwela,Zimba,Mission,138,Maloto,-,1.5,1,,,1.4,0.6,2.0,60,5,65,,,,,
Rukwa,Sumbawanga,Sumbawanga DC,Kwela,Muze,Muze ,139,Majengo,-,-,1,,,1.4,0.6,2.0,68,2,70,,,,,
Rukwa,Sumbawanga,Sumbawanga DC,Kwela,Muze,Muze ,140,Ukanda wa ziwa A,-,3.5,1,,,1.4,0.6,2.0,68,2,70,,,,,
Rukwa,Sumbawanga,Sumbawanga DC,Kwela,Muze,Muze ,141,Naomba,-,-,1,,,1.4,0.6,2.0,68,2,70,,,,,
Rukwa,Sumbawanga,Sumbawanga DC,Kwela,Muze,Muze ,142,Muze,-,-,1,,,1.4,0.6,2.0,68,2,70,,,,,
Rukwa,Sumbawanga,Sumbawanga DC,Kwela,Muze,Uzia,143,Ilambila,-,-,1,,,1.4,0.6,2.0,68,2,70,,,,,
Rukwa,Sumbawanga,Sumbawanga DC,Kwela,Muze,Uzia,144,Mkanyageni,-,-,1,,,1.4,0.6,2.0,60,4,64,,,,,
Rukwa,Sumbawanga,Sumbawanga DC,Kwela,Muze,Mbwilo,145,Misunkumilo,-,-,1,,,1.4,0.6,2.0,60,4,64,,,,,
Rukwa,Sumbawanga,Sumbawanga DC,Kwela,Muze,Mbwilo,146,Tyula,-,-,1,,,1.4,0.6,2.0,60,4,64,,,,,
Rukwa,Sumbawanga,Sumbawanga DC,Kwela,Muze,Mbwilo,147,Mbwilo kati,-,-,1,,,1.4,0.6,2.0,60,4,64,,,,,
Rukwa,Sumbawanga,Sumbawanga DC,Kwela,Muze,Ilanga,148,Ilanga,-,-,1,,,1.4,0.6,2.0,60,5,65,,,,,
Rukwa,Sumbawanga,Sumbawanga DC,Kwela,Muze,Ilanga,149,Mtakuja,-,0.0,1,,,1.4,0.6,2.0,60,5,65,,,,,
Rukwa,Sumbawanga,Sumbawanga DC,Kwela,Muze,Ilanga,150,Masatwe,-,2.9,1,,,1.4,0.6,2.0,60,5,65,,,,,
Rukwa,Sumbawanga,Sumbawanga DC,Kwela,Muze,Kalakala,151,Ukanda wa ziwa B,-,3.9,1,,,1.4,0.6,2.0,60,5,65,,,,,
Rukwa,Sumbawanga,Sumbawanga DC,Kwela,Muze,Kalakala,152,Mkamanye,-,-,1,,,1.4,0.6,2.0,60,5,65,,,,,
Rukwa,Sumbawanga,Sumbawanga DC,Kwela,Muze,Kalakala,153,Kapilika,-,0.0,1,,,1.4,0.6,2.0,75,5,80,-65.00,-135,-200,-205.00,-275
Rukwa,Sumbawanga,Sumbawanga DC,Kwela,Muze,Kalakala,154,Kalakala,-,-,1,,,1.4,0.6,2.0,75,5,80,,,,,
Rukwa,Sumbawanga,Sumbawanga DC,Kwela,Muze,Isangwa,155,Kanwankonko,-,5.2,1,,,1.4,0.6,2.0,60,5,65,,,,,
Rukwa,Sumbawanga,Sumbawanga DC,Kwela,Muze,Isangwa,156,Mapoko,-,-,1,,,1.4,0.6,2.0,60,5,65,,,,,
Rukwa,Sumbawanga,Sumbawanga DC,Kwela,Muze,Isangwa,157,Ndepuke,-,2.1,1,,,1.4,0.6,2.0,60,5,65,,,,,
Rukwa,Sumbawanga,Sumbawanga DC,Kwela,Muze,Isangwa,158,Kamoko,-,2.6,1,,,1.4,0.6,2.0,60,5,65,,,,,
Rukwa,Sumbawanga,Sumbawanga DC,Kwela,Muze,Isangwa,159,Isangwa,-,-,1,,,1.4,0.6,2.0,60,5,65,,,,,
Rukwa,Sumbawanga,Sumbawanga DC,Kwela,Kalumbaleza,Kalumbaleza A,160,Kilambwa,-,0.0,1,,,1.4,0.6,2.0,65,5,70,,,,,
Rukwa,Sumbawanga,Sumbawanga DC,Kwela,Kalumbaleza,Kalumbaleza A,161,Masishe,-,0.4,1,,,1.4,0.6,2.0,65,5,70,,,,,
Rukwa,Sumbawanga,Sumbawanga DC,Kwela,Kalumbaleza,Kalumbaleza A,162,Kikoko,-,0.0,1,,,1.4,0.6,2.0,65,5,70,,,,,
Rukwa,Sumbawanga,Sumbawanga DC,Kwela,Kalumbaleza,Kalumbaleza A,163,Kaloleni,-,-,1,,,1.4,0.6,2.0,65,5,70,,,,,
Rukwa,Sumbawanga,Sumbawanga DC,Kwela,Kalumbaleza,Kalumbaleza B,164,Miembeni,-,0.0,1,,,1.4,0.6,2.0,70,5,75,,,,,
Rukwa,Sumbawanga,Sumbawanga DC,Kwela,Kalumbaleza,Kalumbaleza B,165,Mikuyuni,-,-,1,,,1.4,0.6,2.0,65,5,70,,,,,
Rukwa,Sumbawanga,Sumbawanga DC,Kwela,Kalumbaleza,Kalumbaleza B,166,Katoo,-,-,1,,,1.4,0.6,2.0,65,5,70,,,,,
Rukwa,Sumbawanga,Sumbawanga DC,Kwela,Kalumbaleza,Kalumbaleza B,167,Makala,-,0.0,1,,,1.4,0.6,2.0,65,5,70,,,,,
Rukwa,Sumbawanga,Sumbawanga DC,Kwela,Kalumbaleza,MnaziMmoja,168,Mnazimmoja,-,,1,,,1.4,0.6,2.0,65,5,70,,,,,
Rukwa,Sumbawanga,Sumbawanga DC,Kwela,Kalumbaleza,MnaziMmoja,169,Mlia,-,,1,,,1.4,0.6,2.0,65,5,70,,,,,
Rukwa,Sumbawanga,Sumbawanga DC,Kwela,Kalumbaleza,MnaziMmoja Asilia,170,Mnazimmoja kati,-,-,1,,,1.4,0.6,2.0,60,4,64,,,,,
Rukwa,Sumbawanga,Sumbawanga DC,Kwela,Kalumbaleza,MnaziMmoja Asilia,171,Kasisi,-,-,1,,,1.4,0.6,2.0,60,4,64,,,,,
Rukwa,Sumbawanga,Sumbawanga DC,Kwela,Kalumbaleza,MnaziMmoja Asilia,172,Kasinga,-,-,1,,,1.4,0.6,2.0,60,4,64,,,,,
Rukwa,Sumbawanga,Sumbawanga DC,Kwela,Kalumbaleza,MnaziMmoja Asilia,173,Indoo,-,-,1,,,1.4,0.6,2.0,60,4,64,,,,,
Rukwa,Sumbawanga,Sumbawanga DC,Kwela,Mfinga,Mfinga,174,kizumbi,-,0.2,1,,,1.4,0.6,2.0,70,3,73,,,,,
Rukwa,Sumbawanga,Sumbawanga DC,Kwela,Mfinga,Mfinga,175,Mwenge,-,-,1,,,1.4,0.6,2.0,70,3,73,,,,,
Rukwa,Sumbawanga,Sumbawanga DC,Kwela,Mfinga,Mfinga,176,Kikwale ,-,0.0,1,,,1.4,0.6,2.0,70,3,73,,,,,
Rukwa,Sumbawanga,Sumbawanga DC,Kwela,Mfinga,Mfinga,177,Mitobo A,-,-,1,,,1.4,0.6,2.0,70,3,73,,,,,
Rukwa,Sumbawanga,Sumbawanga DC,Kwela,Mfinga,Mfinga,178,Kipenzi,-,0.0,1,,,1.4,0.6,2.0,70,3,73,,,,,
Rukwa,Sumbawanga,Sumbawanga DC,Kwela,Mfinga,Mfinga,179,Izia,-,-,1,,,1.4,0.6,2.0,70,3,73,,,,,
Rukwa,Sumbawanga,Sumbawanga DC,Kwela,Mfinga,Mfinga,180,Kavuu( Miembeni),-,0.0,1,,,1.4,0.6,2.0,70,3,73,,,,,
Rukwa,Sumbawanga,Sumbawanga DC,Kwela,Mfinga,Kasekela,181,Kiku,-,0.4,1,,,1.4,0.6,2.0,65,5,70,,,,,
Rukwa,Sumbawanga,Sumbawanga DC,Kwela,Mfinga,Kasekela,182,Kala,-,0.0,1,,,1.4,0.6,2.0,65,5,70,,,,,
Rukwa,Sumbawanga,Sumbawanga DC,Kwela,Mfinga,Kasekela,183,Mtukula,-,0.0,1,,,1.4,0.6,2.0,65,5,70,,,,,
Rukwa,Sumbawanga,Sumbawanga DC,Kwela,Mfinga,Kasekela,184,Mitobo,-,,1,,,1.4,0.6,2.0,65,5,70,,,,,
Rukwa,Sumbawanga,Sumbawanga DC,Kwela,Mfinga,Kasekela,185,Kasekela,-,-,1,,,1.4,0.6,2.0,65,5,70,,,,,
Rukwa,Sumbawanga,Sumbawanga DC,Kwela,Mfinga,Msila,186,Mtakuja,-,1.5,1,,,1.4,0.6,2.0,60,3,63,,,,,
Rukwa,Sumbawanga,Sumbawanga DC,Kwela,Mfinga,Msila,187,Msila,-,-,1,,,1.4,0.6,2.0,60,3,63,,,,,
Rukwa,Sumbawanga,Sumbawanga DC,Kwela,Mfinga,Msila,188,Kavuu,-,2.0,1,,,1.4,0.6,2.0,70,5,75,,,,,
Rukwa,Sumbawanga,Sumbawanga DC,Kwela,Mwadui,Mpete,189,Makwangu,-,0.0,1,,,1.4,0.6,2.0,65,5,70,,,,,
Rukwa,Sumbawanga,Sumbawanga DC,Kwela,Mwadui,Mpete,190,Itimba,-,-,1,,,1.4,0.6,2.0,65,5,70,,,,,
Rukwa,Sumbawanga,Sumbawanga DC,Kwela,Mwadui,Mpete,191,Namamba,-,0.0,1,,,1.4,0.6,2.0,65,5,70,,,,,
Rukwa,Sumbawanga,Sumbawanga DC,Kwela,Mwadui,Nkwilo,192,Ipilula,-,-,1,,,1.4,0.6,2.0,60,5,65,,,,,
Rukwa,Sumbawanga,Sumbawanga DC,Kwela,Mwadui,Nkwilo,193,Lusando,-,0.0,1,,,1.4,0.6,2.0,60,5,65,,,,,
Rukwa,Sumbawanga,Sumbawanga DC,Kwela,Mwadui,Nkwilo,194,Matete,-,-,1,,,1.4,0.6,2.0,60,5,65,,,,,
Rukwa,Sumbawanga,Sumbawanga DC,Kwela,Mwadui,Nkwilo,195,Kitenu,-,1.7,1,,,1.4,0.6,2.0,60,5,65,,,,,
Rukwa,Sumbawanga,Sumbawanga DC,Kwela,Mwadui,Mtapenda,196,Kastamu,-,,1,,,1.4,0.6,2.0,60,5,65,,,,,
Rukwa,Sumbawanga,Sumbawanga DC,Kwela,Mwadui,Mtapenda,197,Kizumbi,-,0.0,1,,,1.4,0.6,2.0,60,5,65,,,,,
Rukwa,Sumbawanga,Sumbawanga DC,Kwela,Mwadui,Mtapenda,198,Mtapenda,-,-,1,,,1.4,0.6,2.0,60,5,65,,,,,
Rukwa,Sumbawanga,Sumbawanga DC,Kwela,Milepa,Milepa,199,Manengwe,-,-,1,,,1.4,0.6,2.0,60,5,65,,,,,
Rukwa,Sumbawanga,Sumbawanga DC,Kwela,Milepa,Milepa,200,Mbulu,-,0.0,1,,,1.4,0.6,2.0,70,3,73,,,,,
Rukwa,Sumbawanga,Sumbawanga DC,Kwela,Milepa,Milepa,201,Niwe,-,0.6,1,,,1.4,0.6,2.0,70,3,73,,,,,
Rukwa,Sumbawanga,Sumbawanga DC,Kwela,Milepa,Milepa,202,Milepa,-,0.5,1,,,1.4,0.6,2.0,70,3,73,,,,,
Rukwa,Sumbawanga,Sumbawanga DC,Kwela,Milepa,Milepa,203,Mwila,-,0.4,1,,,1.4,0.6,2.0,70,3,73,,,,,
Rukwa,Sumbawanga,Sumbawanga DC,Kwela,Milepa,Kinambo,204,Lundi ,-,0.4,1,,,1.4,0.6,2.0,70,4,74,,,,,
Rukwa,Sumbawanga,Sumbawanga DC,Kwela,Milepa,Kinambo,205,Unyele,-,0.4,1,,,1.4,0.6,2.0,70,4,74,,,,,
Rukwa,Sumbawanga,Sumbawanga DC,Kwela,Milepa,Kinambo,206,Kanyala,-,0.6,1,,,1.4,0.6,2.0,70,4,74,,,,,
Rukwa,Sumbawanga,Sumbawanga DC,Kwela,Milepa,Kinambo,207,Kinambo,-,-,1,,,1.4,0.6,2.0,70,4,74,,,,,
Rukwa,Sumbawanga,Sumbawanga DC,Kwela,Milepa,Mayenje,208,Chikoma,-,0.0,1,,,1.4,0.6,2.0,70,4,74,,,,,
Rukwa,Sumbawanga,Sumbawanga DC,Kwela,Milepa,Mayenje,209,Kalembo,-,0.3,1,,,1.4,0.6,2.0,60,5,65,,,,,
Rukwa,Sumbawanga,Sumbawanga DC,Kwela,Milepa,Mayenje,210,Nsongole,-,0.0,1,,,1.4,0.6,2.0,60,5,65,,,,,
Rukwa,Sumbawanga,Sumbawanga DC,Kwela,Milepa,Mayenje,211,Mayenje,-,-,1,,,1.4,0.6,2.0,60,5,65,,,,,
Rukwa,Sumbawanga,Sumbawanga DC,Kwela,Milepa,Kisa,212,Kalole,-,0.0,1,,,1.4,0.6,2.0,65,4,69,,,,,
Rukwa,Sumbawanga,Sumbawanga DC,Kwela,Milepa,Kisa,213,Misufini,-,-,1,,,1.4,0.6,2.0,65,4,69,,,,,
Rukwa,Sumbawanga,Sumbawanga DC,Kwela,Milepa,Kisa,214,Kisulo,-,0.2,1,,,1.4,0.6,2.0,65,4,69,,,,,
Rukwa,Sumbawanga,Sumbawanga DC,Kwela,Milepa,Kisa,215,Masisi,-,2.6,1,,,1.4,0.6,2.0,65,4,69,,,,,
Rukwa,Sumbawanga,Sumbawanga DC,Kwela,Milepa,Kisa,216,Ngala,-,0.3,1,,,1.4,0.6,2.0,65,4,69,,,,,
Rukwa,Sumbawanga,Sumbawanga DC,Kwela,Milepa,Msia,217,Nzovwe,-,-,1,,,1.4,0.6,2.0,70,5,75,,,,,
Rukwa,Sumbawanga,Sumbawanga DC,Kwela,Milepa,Msia,218,Kalelelya,-,0.4,1,,,1.4,0.6,2.0,70,5,75,,,,,
Rukwa,Sumbawanga,Sumbawanga DC,Kwela,Milepa,Msia,219,Ntapi,-,0.5,1,,,1.4,0.6,2.0,70,5,75,,,,,
Rukwa,Sumbawanga,Sumbawanga DC,Kwela,Milepa,Msia,220,Ninga,-,0.4,1,,,1.4,0.6,2.0,70,5,75,,,,,
Rukwa,Sumbawanga,Sumbawanga DC,Kwela,Mpui,Ntumbi,221,Ntumbi kati,-,0.4,1,,,1.4,0.6,2.0,80,5,85,,,,,
Rukwa,Sumbawanga,Sumbawanga DC,Kwela,Mpui,Ntumbi,222,Nkukwa,-,-,1,,,1.4,0.6,2.0,80,5,85,,,,,
Rukwa,Sumbawanga,Sumbawanga DC,Kwela,Mpui,Kapewa,223,Majengo,-,0.0,1,,,1.4,0.6,2.0,80,5,85,,,,,
Rukwa,Sumbawanga,Sumbawanga DC,Kwela,Mpui,Kapewa,224,Kapewa,-,-,1,,,1.4,0.6,2.0,80,5,85,,,,,
Rukwa,Sumbawanga,Sumbawanga DC,Kwela,Mpui,Mtetezi,225,Ivukutwa,-,-,1,,,1.4,0.6,2.0,80,5,85,,,,,
Rukwa,Sumbawanga,Sumbawanga DC,Kwela,Mpui,Mtetezi,226,Mtetezi,-,0.0,1,,,1.4,0.6,2.0,80,5,85,,,,,
Rukwa,Sumbawanga,Sumbawanga DC,Kwela,Mpui,Mtetezi,227,Nkungwe,-,2.8,1,,,1.4,0.6,2.0,80,5,85,,,,,
Rukwa,Sumbawanga,Sumbawanga DC,Kwela,Kalambanzite,Kilembo,228,Kasamvu,-,6.8,1,,,1.4,0.6,2.0,80,5,85,,,,,
Rukwa,Sumbawanga,Sumbawanga DC,Kwela,Kalambanzite,Kilembo,229,Nakupata,-,0.0,1,,,1.4,0.6,2.0,80,5,85,,,,,
Rukwa,Sumbawanga,Sumbawanga DC,Kwela,Kalambanzite,Kilembo,230,Kimbili,-,0.4,1,,,1.4,0.6,2.0,80,5,85,,,,,
Rukwa,Sumbawanga,Sumbawanga DC,Kwela,Kalambanzite,Kilembo,231,Itala,-,-,1,,,1.4,0.6,2.0,20,2,22,,,,,
Rukwa,Sumbawanga,Sumbawanga DC,Kwela,Kalambanzite,Mshani,232,Kisa,-,0.0,1,,,1.4,0.6,2.0,80,5,85,,,,,
Rukwa,Sumbawanga,Sumbawanga DC,Kwela,Kalambanzite,Mshani,233,Majengo,-,-,1,,,1.4,0.6,2.0,80,5,85,,,,,
Rukwa,Sumbawanga,Sumbawanga DC,Kwela,Kalambanzite,Mshani,234,Nandeka,-,0.8,1,,,1.4,0.6,2.0,80,5,85,,,,,
Rukwa,Sumbawanga,Sumbawanga DC,Kwela,Kalambanzite,Mshani,235,Kalambo,-,0.5,1,,,1.4,0.6,2.0,20,2,22,,,,,
Rukwa,Sumbawanga,Sumbawanga DC,Kwela,Kalambanzite,Mlombo,236,Mlombo,-,-,1,,,1.4,0.6,2.0,150,5,155,,,,,
Rukwa,Sumbawanga,Sumbawanga DC,Kwela,Kalambanzite,Mlombo,237,Kipoma,-,1.0,1,,,1.4,0.6,2.0,50,5,55,,,,,INACCESSIBLE
Rukwa,Sumbawanga,Sumbawanga DC,Kwela,Kalambanzite,Mlombo,238,Msine ,-,0.4,1,,,1.4,0.6,2.0,150,5,155,,,,,
Rukwa,Sumbawanga,Sumbawanga DC,Kwela,Ikozi,Ikozi,239,Ikozi Kati B,-,-,1,,,1.4,0.6,2.0,150,5,155,,,,,
Rukwa,Sumbawanga,Sumbawanga DC,Kwela,Ikozi,Ikozi,240,Kisalala,-,0.0,1,,,1.4,0.6,2.0,20,2,22,,,,,
Rukwa,Sumbawanga,Sumbawanga DC,Kwela,Ikozi,Ikozi,241,Msamvu,-,0.9,1,,,1.4,0.6,2.0,60,5,65,,,,,
Rukwa,Sumbawanga,Sumbawanga DC,Kwela,Ikozi,Ikozi,242,Lula,-,0.0,1,,,1.4,0.6,2.0,60,5,65,,,,,
Rukwa,Sumbawanga,Sumbawanga DC,Kwela,Ikozi,Kazwila,243,Kivuko,-,1.0,1,,,1.4,0.6,2.0,60,5,65,,,,,INACCESSIBLE
Rukwa,Sumbawanga,Sumbawanga DC,Kwela,Ikozi,Kazwila,244,Kaloleni,-,0.0,1,,,1.4,0.6,2.0,60,5,65,,,,,
Rukwa,Sumbawanga,Sumbawanga DC,Kwela,Ikozi,Kazwila,245,Legezamwendo,-,-,1,,,1.4,0.6,2.0,60,5,65,,,,,
Rukwa,Sumbawanga,Sumbawanga DC,Kwela,Ikozi,Tentula,246,Mtakuja,-,0.0,1,,,1.4,0.6,2.0,80,5,85,,,,,
Rukwa,Sumbawanga,Sumbawanga DC,Kwela,Ikozi,Tentula,247,Tentula kati,-,-,1,,,1.4,0.6,2.0,80,5,85,,,,,
Rukwa,Sumbawanga,Sumbawanga DC,Kwela,Ikozi,Tentula,248,Namonka A,-,0.4,1,,,1.4,0.6,2.0,80,5,85,,,,,
Rukwa,Sumbawanga,Sumbawanga DC,Kwela,Ikozi,Tentula,249,Kavuna,-,5.2,1,,,1.4,0.6,2.0,80,5,85,,,,,
Rukwa,Sumbawanga,Sumbawanga DC,Kwela,Ikozi,Tentula,250,Namonka B,-,6.0,1,,,1.4,0.6,2.0,80,5,85,,,,,
Rukwa,Sumbawanga,Sumbawanga DC,Kwela,Sandulula,Sandulula,251,Mlinga,-,0.0,1,,,1.4,0.6,2.0,80,5,85,,,,,
Rukwa,Sumbawanga,Sumbawanga DC,Kwela,Sandulula,Sandulula,252,Mwati,-,-,1,,,1.4,0.6,2.0,80,5,85,,,,,
Rukwa,Sumbawanga,Sumbawanga DC,Kwela,Sandulula,Sandulula,253,Maweni,-,2.0,1,,,1.4,0.6,2.0,80,5,85,,,,,
Rukwa,Sumbawanga,Sumbawanga DC,Kwela,Sandulula,Sandulula,254,Isuku,-,0.0,1,,,1.4,0.6,2.0,80,5,85,,,,,
Rukwa,Sumbawanga,Sumbawanga DC,Kwela,Sandulula,Sandulula,255,Stendi,-,-,1,,,1.4,0.6,2.0,80,5,85,,,,,
Rukwa,Sumbawanga,Sumbawanga DC,Kwela,Sandulula,Mumba ,256,Kambautwa,-,1.9,1,,,1.4,0.6,2.0,80,5,85,,,,,
Rukwa,Sumbawanga,Sumbawanga DC,Kwela,Sandulula,Mumba ,257,Chungwe,-,-,1,,,1.4,0.6,2.0,80,5,85,,,,,
Rukwa,Sumbawanga,Sumbawanga DC,Kwela,Sandulula,Mumba ,258,Mumbakati,-,0.0,1,,,1.4,0.6,2.0,80,5,85,,,,,
Rukwa,Sumbawanga,Sumbawanga DC,Kwela,Sandulula,Kalole,259,Kancho,-,0.0,1,,,1.4,0.6,2.0,80,5,85,,,,,
Rukwa,Sumbawanga,Sumbawanga DC,Kwela,Sandulula,Kalole,260,Visela,-,0.0,1,,,1.4,0.6,2.0,80,5,85,,,,,
Rukwa,Sumbawanga,Sumbawanga DC,Kwela,Sandulula,Kalole,261,Kalole,-,-,1,,,1.4,0.6,2.0,80,5,85,,,,,
Rukwa,Sumbawanga,Sumbawanga DC,Kwela,Sandulula,Kalole,262,Kambiala,-,0.0,1,,,1.4,0.6,2.0,80,5,85,,,,,
Rukwa,Sumbawanga,Sumbawanga DC,Kwela,Sandulula,Kalole,263,Tulambwe,-,1.1,1,,,1.4,0.6,2.0,80,5,85,,,,,
Rukwa,Sumbawanga,Sumbawanga DC,Kwela,Kaengesa,Kaengesa A,264,Kawala “A”,-,0.0,1,,,1.4,0.6,2.0,200,5,205,,,,,
Rukwa,Sumbawanga,Sumbawanga DC,Kwela,Kaengesa,Kaengesa A,265,Kawala “B”,-,0.0,1,,,1.4,0.6,2.0,80,5,85,,,,,
Rukwa,Sumbawanga,Sumbawanga DC,Kwela,Kaengesa,Kaengesa A,266,Majengo,-,0.0,1,,,1.4,0.6,2.0,80,5,85,,,,,
Rukwa,Sumbawanga,Sumbawanga DC,Kwela,Kaengesa,Kaengesa A,267,Kalemasha,-,-,1,,,1.4,0.6,2.0,130,5,135,,,,,
Rukwa,Sumbawanga,Sumbawanga DC,Kwela,Kaengesa,Mkunda,268,Msoko,-,-,1,,,1.4,0.6,2.0,130,5,135,,,,,
Rukwa,Sumbawanga,Sumbawanga DC,Kwela,Kaengesa,Mkunda,269,Senga,-,1.2,1,,,1.4,0.6,2.0,140,2,142,,,,,
Rukwa,Sumbawanga,Sumbawanga DC,Kwela,Kaengesa,Mkunda,270,Kipoko,-,-,1,,,1.4,0.6,2.0,80,5,85,,,,,
Rukwa,Sumbawanga,Sumbawanga DC,Kwela,Kaengesa,Mkunda,271,Kazimwanda,-,-,1,,,1.4,0.6,2.0,80,5,85,,,,,
Rukwa,Sumbawanga,Sumbawanga DC,Kwela,Kaengesa,Mkunda,272,Mkunda,-,-,1,,,1.4,0.6,2.0,80,5,85,,,,,
Rukwa,Sumbawanga,Sumbawanga DC,Kwela,Kaengesa,ltela,273,Itela,-,0.0,1,,,1.4,0.6,2.0,100,2,102,,,,,
Rukwa,Sumbawanga,Sumbawanga DC,Kwela,Kaengesa,ltela,274,Itetemya,-,-,1,,,1.4,0.6,2.0,100,2,102,,,,,
Rukwa,Sumbawanga,Sumbawanga DC,Kwela,Kaengesa,ltela,275,Mulanondo,-,0.2,1,,,1.4,0.6,2.0,100,2,102,,,,,
Rukwa,Sumbawanga,Sumbawanga DC,Kwela,Kaengesa,Kaengesa B,276,Mlandizi,-,-,1,,,1.4,0.6,2.0,150,5,155,,,,,
Rukwa,Sumbawanga,Sumbawanga DC,Kwela,Kaengesa,Kaengesa B,277,Mpona,-,2.4,1,,,1.4,0.6,2.0,80,5,85,,,,,
Rukwa,Sumbawanga,Sumbawanga DC,Kwela,Kaengesa,Kaengesa B,278,Kaloleni,-,0.0,1,,,1.4,0.6,2.0,80,5,85,,,,,
Rukwa,Sumbawanga,Sumbawanga DC,Kwela,Kaengesa,Kaengesa B,279,Magomeni,-,-,1,,,1.4,0.6,2.0,150,5,155,,,,,
Rukwa,Sumbawanga,Sumbawanga DC,Kwela,Lyangalile,Kianda,280,Magomeni A,-,-,1,,,1.4,0.6,2.0,80,3,83,,,,,
Rukwa,Sumbawanga,Sumbawanga DC,Kwela,Lyangalile,Kianda,281,Magomeni B,-,0.3,1,,,1.4,0.6,2.0,80,3,83,,,,,
Rukwa,Sumbawanga,Sumbawanga DC,Kwela,Lyangalile,Kianda,282,Ndelemvi,-,0.7,1,,,1.4,0.6,2.0,80,3,83,,,,,
Rukwa,Sumbawanga,Sumbawanga DC,Kwela,Lyangalile,Kianda,283,Kaloleni,-,0.4,1,,,1.4,0.6,2.0,80,3,83,,,,,
Rukwa,Sumbawanga,Sumbawanga DC,Kwela,Lyangalile,Kianda,284,Manje,-,0.0,1,,,1.4,0.6,2.0,80,3,83,,,,,
Rukwa,Sumbawanga,Sumbawanga DC,Kwela,Lyangalile,Kazi,285,Sonje,-,0.6,1,,,1.4,0.6,2.0,80,2,82,,,,,
Rukwa,Sumbawanga,Sumbawanga DC,Kwela,Lyangalile,Kazi,286,Chamiku,-,5.5,1,,,1.4,0.6,2.0,80,2,82,,,,,
Rukwa,Sumbawanga,Sumbawanga DC,Kwela,Lyangalile,Kazi,287,Kazi,-,-,1,,,1.4,0.6,2.0,80,2,82,,,,,
Rukwa,Sumbawanga,Sumbawanga DC,Kwela, Kanda,Lula,288,Kawimbe B,-,1.4,1,,,1.4,0.6,2.0,50,3,53,,,,,
Rukwa,Sumbawanga,Sumbawanga DC,Kwela, Kanda,Lula,289,Kawimbe A,-,0.0,1,,,1.4,0.6,2.0,50,3,53,,,,,
Rukwa,Sumbawanga,Sumbawanga DC,Kwela, Kanda,Lula,290,Mkamba,-,-,1,,,1.4,0.6,2.0,50,3,53,,,,,
Rukwa,Sumbawanga,Sumbawanga DC,Kwela, Kanda,Lula,291,Kitipa ,-,0.0,1,,,1.4,0.6,2.0,50,3,53,,,,,
Rukwa,Sumbawanga,Sumbawanga DC,Kwela, Kanda,Lula,292,Lula,-,0.7,1,,,1.4,0.6,2.0,50,3,53,,,,,
Rukwa,Sumbawanga,Sumbawanga DC,Kwela, Kanda,Chitete,293,Mshulumke,-,-,1,,,1.4,0.6,2.0,50,3,53,,,,,
Rukwa,Sumbawanga,Sumbawanga DC,Kwela, Kanda,Chitete,294,Kitipa,-,0.0,1,,,1.4,0.6,2.0,50,3,53,,,,,
Rukwa,Sumbawanga,Sumbawanga DC,Kwela, Kanda,Chitete,295,Namanunka,-,1.1,1,,,1.4,0.6,2.0,50,3,53,,,,,
Rukwa,Sumbawanga,Sumbawanga DC,Kwela, Kanda,Chitete,296,Tunko,-,0.6,1,,,1.4,0.6,2.0,50,3,53,,,,,
Rukwa,Sumbawanga,Sumbawanga DC,Kwela, Kanda,Chitete,297,Maweni,-,0.0,1,,,1.4,0.6,2.0,50,3,53,,,,,
Rukwa,Sumbawanga,Sumbawanga DC,Kwela,Lusaka,Lusaka,298,Kamuwa,-,0.4,1,,,1.4,0.6,2.0,50,3,53,,,,,
Rukwa,Sumbawanga,Sumbawanga DC,Kwela,Lusaka,Lusaka,299,Chokoma,-,0.3,1,,,1.4,0.6,2.0,50,3,53,,,,,
Rukwa,Sumbawanga,Sumbawanga DC,Kwela,Lusaka,Lusaka,300,Kawala,-,0.0,1,,,1.4,0.6,2.0,50,3,53,,,,,
Rukwa,Sumbawanga,Sumbawanga DC,Kwela,Lusaka,Lusaka,301,Lusaka,-,-,1,,,1.4,0.6,2.0,50,3,53,,,,,
Rukwa,Sumbawanga,Sumbawanga DC,Kwela,Lusaka,Lowe ,302,Msunda,-,6.5,1,,,1.4,0.6,2.0,50,3,53,,,,,
Rukwa,Sumbawanga,Sumbawanga DC,Kwela,Lusaka,Lowe ,303,Mzimula,-,0.4,1,,,1.4,0.6,2.0,50,3,53,,,,,
Rukwa,Sumbawanga,Sumbawanga DC,Kwela,Lusaka,Lowe ,304,Mwaya,-,0.4,1,,,1.4,0.6,2.0,50,3,53,,,,,
Rukwa,Sumbawanga,Sumbawanga DC,Kwela,Lusaka,Lowe ,305,Lowe,-,-,1,,,1.4,0.6,2.0,50,3,53,,,,,
Rukwa,Sumbawanga,Sumbawanga DC,Kwela,Lusaka,Lowe ,306,Malapwa  ,-,0.4,1,,,1.4,0.6,2.0,50,3,53,,,,,
Rukwa,Sumbawanga,Sumbawanga DC,Kwela,Lusaka,Kizumbi,307,Komba,-,0.0,1,,,1.4,0.6,2.0,50,3,53,,,,,
Rukwa,Sumbawanga,Sumbawanga DC,Kwela,Lusaka,Kizumbi,308,Makala,-,-,1,,,1.4,0.6,2.0,50,3,53,,,,,
Rukwa,Sumbawanga,Sumbawanga DC,Kwela,Lusaka,Kizumbi,309,Ngomeni,-,0.0,1,,,1.4,0.6,2.0,50,3,53,,,,,
Rukwa,Sumbawanga,Sumbawanga DC,Kwela,Lusaka,Kizumbi,310,Kiyale,-,-,1,,,1.4,0.6,2.0,50,3,53,,,,,
Rukwa,Sumbawanga,Sumbawanga DC,Kwela,Lusaka,Kizumbi,311,Cholwa,-,1.0,1,,,1.4,0.6,2.0,50,3,53,,,,,INACCESSIBLE
Rukwa,Sumbawanga,Sumbawanga DC,Kwela,Lusaka,Mpembano,312,Kenya,-,0.9,1,,,1.4,0.6,2.0,50,3,53,,,,,
Rukwa,Sumbawanga,Sumbawanga DC,Kwela,Lusaka,Mpembano,313,Msuzu,-,0.0,1,,,1.4,0.6,2.0,50,3,53,,,,,
Rukwa,Sumbawanga,Sumbawanga DC,Kwela,Lusaka,Mpembano,314,Mpembano,-,-,1,,,1.4,0.6,2.0,50,3,53,,,,,
Rukwa,Sumbawanga,Sumbawanga DC,Kwela,Lusaka,Kamnyazya,315,Mbalamwene,-,0.9,1,,,1.4,0.6,2.0,50,3,53,,,,,
Rukwa,Sumbawanga,Sumbawanga DC,Kwela,Lusaka,Kamnyazya,316,Kamnyazya,-,-,1,,,1.4,0.6,2.0,50,3,53,,,,,
Rukwa,Sumbawanga,Sumbawanga DC,Kwela,Lusaka,Kamnyazya,317,Izuma,-,9.9,1,,,1.4,0.6,2.0,50,3,53,,,,,
Rukwa,Sumbawanga,Sumbawanga DC,Kwela,Lusaka,Kamnyazya,318,Pasile,-,0.5,1,,,1.4,0.6,2.0,50,3,53,,,,,
Rukwa,Sumbawanga,Sumbawanga DC,Kwela,Lusaka,Kamnyazya,319,Nselelo,-,0.5,1,,,1.4,0.6,2.0,50,3,53,,,,,
Rukwa,Sumbawanga,Sumbawanga DC,Kwela,Lusaka,Kamnyazya,320,Mkulukulu,-,7.5,1,,,1.4,0.6,2.0,50,3,53,,,,,
Rukwa,Sumbawanga,Sumbawanga DC,Kwela,Miangalua,Tunko,321,Chitindi,-,0.5,1,,,1.4,0.6,2.0,100,5,105,,,,,
Rukwa,Sumbawanga,Sumbawanga DC,Kwela,Miangalua,Tunko,322,Mpalala,-,-,1,,,1.4,0.6,2.0,100,3,103,,,,,TANESCO
Rukwa,Sumbawanga,Sumbawanga DC,Kwela,Miangalua,Tunko,323,Tunko,-,-,1,,,1.4,0.6,2.0,100,3,103,,,,,
Rukwa,Sumbawanga,Sumbawanga DC,Kwela,Miangalua,Tunko,323,Chitowa,-,1.4,1,,,1.4,0.6,2.0,100,3,103,,,,,
Rukwa,Sumbawanga,Sumbawanga DC,Kwela,Miangalua,Movu,324,Nansama,-,-,1,,,1.4,0.6,2.0,40,2,42,,,,,
Rukwa,Sumbawanga,Sumbawanga DC,Kwela,Miangalua,Movu,325,Ntendo,-,1.0,1,,,1.4,0.6,2.0,40,2,42,,,,,
Rukwa,Sumbawanga,Sumbawanga DC,Kwela,Miangalua,Movu,326,Movu,-,0.0,1,,,1.4,0.6,2.0,40,2,42,,,,,
Rukwa,Sumbawanga,Sumbawanga DC,Kwela,Miangalua,Movu,327,Kazongolo,-,0.0,1,,,1.4,0.6,2.0,40,2,42,,,,,
Rukwa,Sumbawanga,Sumbawanga DC,Kwela,Miangalua,Mkowe,328,Isango,-,-,1,,,1.4,0.6,2.0,40,2,42,,,,,Unified - One hamlet
Rukwa,Sumbawanga,Sumbawanga DC,Kwela,Miangalua,Mkowe,329,Mkowe,-,0.0,1,,,1.4,0.6,2.0,40,2,42,,,,,
Rukwa,Sumbawanga,Sumbawanga DC,Kwela,Miangalua,Mkowe,330,Muwango,-,0.0,1,,,1.4,0.6,2.0,40,2,42,,,,,
Rukwa,Sumbawanga,Sumbawanga DC,Kwela,Miangalua,Kavifuti,331,Mianga,-,-,1,,,1.4,0.6,2.0,40,2,42,,,,,
Rukwa,Sumbawanga,Sumbawanga DC,Kwela,Miangalua,Kavifuti,332,Chafuma,-,0.6,1,,,1.4,0.6,2.0,40,2,42,,,,,
Rukwa,Sumbawanga,Sumbawanga DC,Kwela,Miangalua,Kavifuti,333,Kelenge,-,0.0,1,,,1.4,0.6,2.0,40,2,42,,,,,
Rukwa,Sumbawanga,Sumbawanga DC,Kwela,Miangalua,Kavifuti,334,Matimba,-,5.9,1,,,1.4,0.6,2.0,40,2,42,,,,,
Rukwa,Sumbawanga,Sumbawanga DC,Kwela,Miangalua,Nampako,335,Nachitonto,-,0.0,1,,,1.4,0.6,2.0,40,2,42,,,,,
Rukwa,Sumbawanga,Sumbawanga DC,Kwela,Miangalua,Nampako,336,Nampako,-,-,1,,,1.4,0.6,2.0,40,2,42,,,,,
Rukwa,Sumbawanga,Sumbawanga DC,Kwela,Miangalua,Nampako,337,Kasote   ,-,0.0,1,,,1.4,0.6,2.0,40,2,42,,,,,
Rukwa,Sumbawanga,Sumbawanga DC,Kwela,Miangalua,Nampako,338,Kivuko,-,8.7,1,,,1.4,0.6,2.0,40,2,42,,,,,
Rukwa,Sumbawanga,Sumbawanga DC,Kwela,Miangalua,Kamsamba,339,Kamsamba,-,-,1,,,1.4,0.6,2.0,40,2,42,,,,,
Rukwa,Sumbawanga,Sumbawanga DC,Kwela,Miangalua,Kamsamba,340,Izombo,-,0.0,1,,,1.4,0.6,2.0,40,2,42,,,,,
Rukwa,Sumbawanga,Sumbawanga DC,Kwela,Msanda Muungano,Songambele Azimio,341,Nsimbo,-,-,1,,,1.4,0.6,2.0,50,2,52,,,,,
Rukwa,Sumbawanga,Sumbawanga DC,Kwela,Msanda Muungano,Songambele Azimio,342,Bondeni,-,0.0,1,,,1.4,0.6,2.0,50,2,52,,,,,
Rukwa,Sumbawanga,Sumbawanga DC,Kwela,Msanda Muungano,Songambele Azimio,343,Nakazunzu,-,1.2,1,,,1.4,0.6,2.0,50,2,52,,,,,
Rukwa,Sumbawanga,Sumbawanga DC,Kwela,Laela,,344,Kasakalawe,-,0.0,1,,,1.4,0.6,2.0,60,2,62,,,,,
Rukwa,Sumbawanga,Sumbawanga DC,Kwela,Laela,,345,Malambo,-,6.3,1,,,1.4,0.6,2.0,50,3,53,,,,,
Rukwa,Sumbawanga,Sumbawanga DC,Kwela,Laela,,346,Katamulondo,-,1.3,1,,,1.4,0.6,2.0,80,3,83,,,,,
Rukwa,Sumbawanga,Sumbawanga DC,Kwela,Laela,,347,Mtunyu,-,0.8,1,,,1.4,0.6,2.0,80,3,83,,,,,
Rukwa,Sumbawanga,Sumbawanga DC,Kwela,Kasanzama,,348,Namatili,-,0.0,1,,,1.4,0.6,2.0,85,2,87,,,,,
Rukwa,Sumbawanga,Sumbawanga DC,Kwela,Kasanzama,,349,Katabi,-,6.2,1,,,1.4,0.6,2.0,50,3,53,,,,,
Rukwa,Sumbawanga,Sumbawanga DC,Kwela,Kasanzama,,350,Kapele,-,1.1,1,,,1.4,0.6,2.0,60,2,62,,,,,
Rukwa,Sumbawanga,Sumbawanga DC,Kwela,Kasanzama,,351,Chang'ombe,-,6.4,1,,,1.4,0.6,2.0,50,3,53,,,,,
Rukwa,Sumbawanga,Sumbawanga DC,Kwela,Mnokola ,,352,Majengo,-,0.4,1,,,1.4,0.6,2.0,100,5,105,PRL - Mnokola,,,,
Rukwa,Sumbawanga,Sumbawanga DC,Kwela,Mnokola ,,353,Kapele,-,0.9,1,,,1.4,0.6,2.0,60,3,63,PRL - Majengo,,,,
Rukwa,Sumbawanga,Sumbawanga DC,Kwela,Mnokola ,,354,Chiwolombe,-,6.6,1,,,1.4,0.6,2.0,40,2,42,PRL - Mchisa,,,,
Rukwa,Sumbawanga,Sumbawanga DC,Kwela,Mnokola ,,355,Mchisa,-,0.0,1,,,1.4,0.6,2.0,80,3,83,,,,,
Rukwa,Sumbawanga,Sumbawanga DC,Kwela,Mnokola ,,356,Mnokola,-,-,1,,,1.4,0.6,2.0,80,3,83,,,,,
Rukwa,Sumbawanga,Sumbawanga DC,Kwela,Mnokola ,,357,Kisakafu,-,-,1,,,1.4,0.6,2.0,50,2,52,,,,,
Rukwa,Sumbawanga,Sumbawanga DC,Kwela,Mnokola ,,358,Nito,-,5.6,1,,,1.4,0.6,2.0,50,2,52,,,,,
Rukwa,Sumbawanga,Sumbawanga DC,Kwela,Mnokola ,,359,Kisalala,-,0.0,1,,,1.4,0.6,2.0,80,3,83,,,,,MV Line of R3R2
Rukwa,Sumbawanga,Sumbawanga DC,Kwela,Mnokola ,,360,Tiswe,-,0.0,1,,,1.4,0.6,2.0,80,3,83,,,,,
Rukwa,Sumbawanga,Sumbawanga DC,Kwela,Mnokola ,,361,Kamlanda,-,0.0,1,,,1.4,0.6,2.0,80,3,83,,,,,
Rukwa,Sumbawanga,Sumbawanga DC,Kwela,Mnokola ,,362,Iyunga,-,7.4,1,,,1.4,0.6,2.0,50,2,52,,,,,
Rukwa,Sumbawanga,Sumbawanga DC,Kwela,Mnokola ,,363,Kipolo ,,0.0,1,,,1.4,0.6,2.0,40,2,42,,,,,
Rukwa,Sumbawanga,Sumbawanga DC,Kwela,Mnokola ,,364,Mteta,-,5.9,1,,,1.4,0.6,2.0,50,2,52,,,,,TP at Kisalala
Rukwa,Sumbawanga,Sumbawanga DC,Kwela,Mnokola ,,365,Itete,-,4.7,1,,,1.4,0.6,2.0,50,2,52,,,,,TP at Mteta
Rukwa,Sumbawanga,Sumbawanga DC,Kwela,Mnokola ,,366,Kivukomteta ,-,0.0,1,,,1.4,0.6,2.0,30,1,31,,,,,TP at Mteta Line
Rukwa,Sumbawanga,Sumbawanga DC,Kwela,Mnokola ,,367,Mititi,-,-,1,,,1.4,0.6,2.0,80,3,83,,,,,
JUMLA NDOGO,,,,,,367,,0.0,289.7,368,3,0,515.2,220.8,737.3,"25,537","1,612","27,149",,,,,-275
Rukwa,Kalambo,Kalambo DC,Kalambo,Kasanga,Muzi,1,Molwe,0.0,3.4,1,0,0,1.4,0.6,2.0,50,2,52,,,,,
Rukwa,Kalambo,Kalambo DC,Kalambo,Kasanga,Kapele,2,Zayoni ,0.0,0.0,1,0,0,1.4,0.6,2.0,50,2,52,,,,,
Rukwa,Kalambo,Kalambo DC,Kalambo,Kasanga,Kapele,3,Kapele,0.0,0.0,1,1,0,1.4,0.6,2.0,50,2,52,,,,,
Rukwa,Kalambo,Kalambo DC,Kalambo,Kasanga,Kapele,4,Mabatini,0.0,0.0,1,0,0,1.4,0.6,2.0,50,2,52,,,,,
Rukwa,Kalambo,Kalambo DC,Kalambo,Kasanga,Kapele,5,Kasisi,0.0,0.0,1,0,0,1.4,0.6,2.0,50,2,52,,,,,
Rukwa,Kalambo,Kalambo DC,Kalambo,Kasanga,Kapele,6,Kantalamba,0.0,6.0,1,0,0,1.4,0.6,2.0,50,2,52,,,,,
Rukwa,Kalambo,Kalambo DC,Kalambo,Kasanga,Kapele,7,Mchangani,0.0,0.0,1,0,0,1.4,0.6,2.0,50,2,52,,,,,
Rukwa,Kalambo,Kalambo DC,Kalambo,Kasanga,Kilewani,8,Kavusha,0.0,0.0,1,0,0,1.4,0.6,2.0,50,2,52,,,,,
Rukwa,Kalambo,Kalambo DC,Kalambo,Kasanga,Kipwa,9,Kalambo,0.0,0.0,1,1,0,1.4,0.6,2.0,50,2,52,,,,,
Rukwa,Kalambo,Kalambo DC,Kalambo,Kasanga,Kipwa,10,Nimwina,0.0,0.0,1,0,0,1.4,0.6,2.0,50,2,52,,,,,
Rukwa,Kalambo,Kalambo DC,Kalambo,Kasanga,Kipwa,11,Majengo ,0.0,0.0,1,0,0,1.4,0.6,2.0,50,2,52,,,,,
Rukwa,Kalambo,Kalambo DC,Kalambo,Kasanga,Kipwa,12,Chanza,0.0,0.0,1,0,0,1.4,0.6,2.0,50,2,52,,,,,
Rukwa,Kalambo,Kalambo DC,Kalambo,Samazi,Kipanga,13,Mbita,0.0,2.3,1,0,0,1.4,0.6,2.0,50,2,52,,,,,
Rukwa,Kalambo,Kalambo DC,Kalambo,Samazi,Samazi,14,Senje,0.0,0.0,1,0,0,1.4,0.6,2.0,50,2,52,,,,,
Rukwa,Kalambo,Kalambo DC,Kalambo,Samazi,Kisala ,15,Myakasi,0.0,0.0,1,0,0,1.4,0.6,2.0,50,2,52,,,,,
Rukwa,Kalambo,Kalambo DC,Kalambo,Kisumba,Kisumba,16,Chipote,0.0,0.0,1,0,0,1.4,0.6,2.0,50,2,52,,,,,
Rukwa,Kalambo,Kalambo DC,Kalambo,Kisumba,Kachele ,17,Nyimba,0.0,0.0,1,0,0,1.4,0.6,2.0,50,2,52,,,,,
Rukwa,Kalambo,Kalambo DC,Kalambo,Kisumba,Kachele ,18,Chuma,0.0,0.0,1,0,0,1.4,0.6,2.0,50,2,52,,,,,
Rukwa,Kalambo,Kalambo DC,Kalambo,Kisumba,Kachele ,19,Kachele,0.0,0.0,1,0,0,1.4,0.6,2.0,50,2,52,,,,,
Rukwa,Kalambo,Kalambo DC,Kalambo,Kisumba,Kafukoka,20,Lwanji(Nchese),0.0,0.7,1,0,0,1.4,0.6,2.0,50,2,52,,,,,
Rukwa,Kalambo,Kalambo DC,Kalambo,Mpombwe ,.Mpombwe 'A',21,Kamkolwe,0.0,9.7,1,0,0,1.4,0.6,2.0,50,2,52,,,,,
Rukwa,Kalambo,Kalambo DC,Kalambo,Mpombwe ,.Mpombwe 'A',22,Katindizi,0.0,0.0,1,0,0,1.4,0.6,2.0,50,2,52,,,,,
Rukwa,Kalambo,Kalambo DC,Kalambo,Mpombwe ,Kapozwa,23,Chaptuka,0.0,0.0,1,0,0,1.4,0.6,2.0,50,2,52,,,,,
Rukwa,Kalambo,Kalambo DC,Kalambo,Mpombwe ,Kalambo ,24,Manda,0.0,0.0,1,0,0,1.4,0.6,2.0,50,2,52,,,,,
Rukwa,Kalambo,Kalambo DC,Kalambo,Mpombwe ,Nondo,25,Vyula,0.0,0.0,1,0,0,1.4,0.6,2.0,50,2,52,,,,,
Rukwa,Kalambo,Kalambo DC,Kalambo,Mpombwe ,Nondo,26,Kamleshe,0.0,0.0,1,0,0,1.4,0.6,2.0,50,2,52,,,,,
Rukwa,Kalambo,Kalambo DC,Kalambo,Mpombwe ,Nondo,27,Nondo,0.0,0.0,1,0,0,1.4,0.6,2.0,50,2,52,,,,,
Rukwa,Kalambo,Kalambo DC,Kalambo,Mpombwe ,Nondo,28,Kalambo,0.0,0.0,1,0,0,1.4,0.6,2.0,50,2,52,,,,,
Rukwa,Kalambo,Kalambo DC,Kalambo,Matai," Matai  Asilia""A""",29,Katandala,0.0,0.0,1,0,0,1.4,0.6,2.0,50,2,52,,,,,
Rukwa,Kalambo,Kalambo DC,Kalambo,Matai," Matai  Asilia""A""",30,Katanda,0.0,0.0,1,0,0,1.4,0.6,2.0,50,2,52,,,,,
Rukwa,Kalambo,Kalambo DC,Kalambo,Matai,Mikonko,31,Mulo ,0.0,0.0,1,0,0,1.4,0.6,2.0,50,2,52,,,,,
Rukwa,Kalambo,Kalambo DC,Kalambo,Matai,Kisungamile,32,Kisungamile ,0.0,0.0,1,1,0,1.4,0.6,2.0,50,2,52,,,,,
Rukwa,Kalambo,Kalambo DC,Kalambo,Matai,Kisungamile,33,Malolwa ,0.0,0.0,1,0,0,1.4,0.6,2.0,50,2,52,,,,,
Rukwa,Kalambo,Kalambo DC,Kalambo,Matai,Kateka ,34,Katembo,0.0,0.0,1,0,0,1.4,0.6,2.0,50,2,52,,,,,
Rukwa,Kalambo,Kalambo DC,Kalambo,Matai,Kateka ,35,Katandala ,0.0,0.0,1,0,0,1.4,0.6,2.0,50,2,52,,,,,
Rukwa,Kalambo,Kalambo DC,Kalambo,Matai,Kateka ,36,Mitende ,0.0,0.0,1,0,0,1.4,0.6,2.0,50,2,52,,,,,
Rukwa,Kalambo,Kalambo DC,Kalambo,Lyowa ,Singiwe(Charaminwe),37,Mfukanda(Nambu),0.0,0.7,1,0,0,1.4,0.6,2.0,50,2,52,,,,,
Rukwa,Kalambo,Kalambo DC,Kalambo,Lyowa ,Santamaria,38,Kaleta,0.0,0.0,1,0,0,1.4,0.6,2.0,50,2,52,,,,,
Rukwa,Kalambo,Kalambo DC,Kalambo,Lyowa ,Santamaria,39,Kasisiwe,0.0,1.5,1,,,1.4,0.6,2.0,50,2,52,,,,,
Rukwa,Kalambo,Kalambo DC,Kalambo,Lyowa ,Matai B,40,Mlunji,0.0,0.0,1,0,0,1.4,0.6,2.0,50,2,52,,,,,
Rukwa,Kalambo,Kalambo DC,Kalambo,Mkowe,Mkowe,41,Chitonto,0.0,0.0,1,0,0,1.4,0.6,2.0,50,2,52,,,,,
Rukwa,Kalambo,Kalambo DC,Kalambo,Mkowe,Mbuza,42,Tunzi,0.0,0.0,1,0,0,1.4,0.6,2.0,50,2,52,,,,,
Rukwa,Kalambo,Kalambo DC,Kalambo,Mkowe,Katapulo,43,Kasola,0.0,0.4,1,0,0,1.4,0.6,2.0,50,2,52,,,,,
Rukwa,Kalambo,Kalambo DC,Kalambo,Mkowe,Katapulo,44,Lembelembe,0.0,0.6,1,0,0,1.4,0.6,2.0,50,2,52,,,,,
Rukwa,Kalambo,Kalambo DC,Kalambo,Mkowe,Katapulo,45,Katapulo,0.0,0.0,1,1,0,1.4,0.6,2.0,50,2,52,,,,,
Rukwa,Kalambo,Kalambo DC,Kalambo,Mkowe,Sengakalonje,46,Senga,0.0,0.4,1,1,0,1.4,0.6,2.0,50,2,52,,,,,
Rukwa,Kalambo,Kalambo DC,Kalambo,Mkowe,Ilimba,47,Kotola (Munwa),0.0,4.4,1,0,0,1.4,0.6,2.0,50,2,52,,,,,
Rukwa,Kalambo,Kalambo DC,Kalambo,Msanzi,Msanzi,48,Maekani,0.0,0.0,1,0,0,1.4,0.6,2.0,50,2,52,,,,,
Rukwa,Kalambo,Kalambo DC,Kalambo,Msanzi,Kambiala ,49,Malangalizyo,0.0,0.0,1,0,0,1.4,0.6,2.0,50,2,52,,,,,
Rukwa,Kalambo,Kalambo DC,Kalambo,Msanzi,Nachula,50,Misuku,0.0,1.4,1,0,0,1.4,0.6,2.0,50,2,52,,,,,
Rukwa,Kalambo,Kalambo DC,Kalambo,Msanzi,Katuka,51,Malangali,0.0,1.0,1,0,0,1.4,0.6,2.0,50,2,52,,,,,
Rukwa,Kalambo,Kalambo DC,Kalambo,Mbuluma,Mbuluma,52,Chamwino,0.0,0.8,1,0,0,1.4,0.6,2.0,50,2,52,,,,,
Rukwa,Kalambo,Kalambo DC,Kalambo,Mbuluma,Mbuluma,53,Kululu,0.0,0.0,1,0,0,1.4,0.6,2.0,50,2,52,,,,,
Rukwa,Kalambo,Kalambo DC,Kalambo,Mbuluma,Kalemasha,54,Makazi mapya,0.0,0.0,1,0,0,1.4,0.6,2.0,50,2,52,,,,,
Rukwa,Kalambo,Kalambo DC,Kalambo,Mbuluma,Kalemasha,55,Katecha,0.0,0.0,1,0,0,1.4,0.6,2.0,50,2,52,,,,,
Rukwa,Kalambo,Kalambo DC,Kalambo,Mbuluma,Mao,56,Iyunga,0.0,0.0,1,0,0,1.4,0.6,2.0,50,2,52,,,,,
Rukwa,Kalambo,Kalambo DC,Kalambo,Mbuluma,Mao,57,Mkuyuni,0.0,0.0,1,0,0,1.4,0.6,2.0,50,2,52,,,,,
Rukwa,Kalambo,Kalambo DC,Kalambo,Mbuluma,Kanyalakata,58,Kawala,0.0,0.2,1,0,0,1.4,0.6,2.0,50,2,52,,,,,
Rukwa,Kalambo,Kalambo DC,Kalambo,Mbuluma,Lolesha,59,Namwavi,0.0,0.0,1,0,0,1.4,0.6,2.0,50,2,52,,,,,
Rukwa,Kalambo,Kalambo DC,Kalambo,Mbuluma,Lolesha,60,Lolesha,0.0,0.0,1,0,0,1.4,0.6,2.0,50,2,52,,,,,
Rukwa,Kalambo,Kalambo DC,Kalambo,Mbuluma,Lolesha,61,Kalemasha,0.0,0.0,1,0,0,1.4,0.6,2.0,50,2,52,,,,,
Rukwa,Kalambo,Kalambo DC,Kalambo,Katete,Katete,62,Mumbo(Katete),0.0,0.6,1,0,0,1.4,0.6,2.0,50,2,52,,,,,
Rukwa,Kalambo,Kalambo DC,Kalambo,Katete,Katete,63,Mwenelungu,0.0,0.0,1,0,0,1.4,0.6,2.0,50,2,52,,,,,
Rukwa,Kalambo,Kalambo DC,Kalambo,Katete,Katete,64,Mazyai(Kasesya),0.0,0.0,1,0,0,1.4,0.6,2.0,50,2,52,,,,,
Rukwa,Kalambo,Kalambo DC,Kalambo,Katete,Safu,65,Kayende,0.0,1.0,1,0,0,1.4,0.6,2.0,50,2,52,,,,,
Rukwa,Kalambo,Kalambo DC,Kalambo,Katete,Safu,66,Safu,0.0,0.0,1,1,0,1.4,0.6,2.0,50,2,52,,,,,
Rukwa,Kalambo,Kalambo DC,Kalambo,Katete,Safu,67,Mwela,0.0,0.0,1,0,0,1.4,0.6,2.0,50,2,52,,,,,
Rukwa,Kalambo,Kalambo DC,Kalambo,Katete,Safu,68,Isenga,0.0,1.2,1,0,0,1.4,0.6,2.0,50,2,52,,,,,
Rukwa,Kalambo,Kalambo DC,Kalambo,Katete,Safu,69,Mlambwalili,0.0,0.0,1,0,0,1.4,0.6,2.0,50,2,52,,,,,
Rukwa,Kalambo,Kalambo DC,Kalambo,Katete,Ngoma,70,Kambole,0.0,0.0,1,0,0,1.4,0.6,2.0,50,2,52,,,,,
Rukwa,Kalambo,Kalambo DC,Kalambo,Katete,Ngoma,71,Ngoma,0.0,0.0,1,0,0,1.4,0.6,2.0,50,2,52,,,,,
Rukwa,Kalambo,Kalambo DC,Kalambo,Katete,Ngoma,72,Nachipepe,0.0,0.5,1,0,0,1.4,0.6,2.0,50,2,52,,,,,
Rukwa,Kalambo,Kalambo DC,Kalambo,Katete,Kaluko,73,Makaye,0.0,0.0,1,0,0,1.4,0.6,2.0,50,2,52,,,,,
Rukwa,Kalambo,Kalambo DC,Kalambo,Katete,Kaluko,74,Munza,0.0,0.0,1,0,0,1.4,0.6,2.0,50,2,52,,,,,
Rukwa,Kalambo,Kalambo DC,Kalambo,Katete,Jengeni,75,China,0.0,0.0,1,0,0,1.4,0.6,2.0,50,2,52,,,,,
Rukwa,Kalambo,Kalambo DC,Kalambo,Katete,Jengeni,76,Chitwazi,0.0,0.0,1,0,0,1.4,0.6,2.0,50,2,52,,,,,
Rukwa,Kalambo,Kalambo DC,Kalambo,Katete,Jengeni,77,Jengeni,0.0,0.0,1,1,0,1.4,0.6,2.0,50,2,52,,,,,
Rukwa,Kalambo,Kalambo DC,Kalambo,Sopa,Sopa,78,Kanawinga,0.0,0.0,1,0,0,1.4,0.6,2.0,50,2,52,,,,,
Rukwa,Kalambo,Kalambo DC,Kalambo,Sopa,Sopa,79,Kasamvu,0.0,0.3,1,0,0,1.4,0.6,2.0,50,2,52,,,,,
Rukwa,Kalambo,Kalambo DC,Kalambo,Sopa,Sopa,80,Kapewa,0.0,0.0,1,0,0,1.4,0.6,2.0,50,2,52,,,,,
Rukwa,Kalambo,Kalambo DC,Kalambo,Sopa,Mtuntumbe ,81,Mbangizya,0.0,6.0,1,0,0,1.4,0.6,2.0,50,2,52,,,,,
Rukwa,Kalambo,Kalambo DC,Kalambo,Sopa,Mtuntumbe ,82,Nawambo,0.0,0.0,1,0,0,1.4,0.6,2.0,50,2,52,,,,,
Rukwa,Kalambo,Kalambo DC,Kalambo,Sopa,Mtuntumbe ,83,Mbingilwa,0.0,0.5,1,0,0,1.4,0.6,2.0,50,2,52,,,,,
Rukwa,Kalambo,Kalambo DC,Kalambo,Sopa,Mtuntumbe ,84,Mkutano,0.0,0.0,1,0,0,1.4,0.6,2.0,50,2,52,,,,,
Rukwa,Kalambo,Kalambo DC,Kalambo,Sopa,Mtuntumbe ,85,Kavusha,0.0,0.3,1,0,0,1.4,0.6,2.0,50,2,52,,,,,
Rukwa,Kalambo,Kalambo DC,Kalambo,Sopa,Mtuntumbe ,86,Mtuntumbe ,0.0,0.0,1,1,0,1.4,0.6,2.0,50,2,52,,,,,
Rukwa,Kalambo,Kalambo DC,Kalambo,Sopa,Kasitu,87,Kale,0.0,0.0,1,0,0,1.4,0.6,2.0,50,2,52,,,,,
Rukwa,Kalambo,Kalambo DC,Kalambo,Sopa,Kasitu,88,Nyangu,0.0,0.0,1,0,0,1.4,0.6,2.0,50,2,52,,,,,
Rukwa,Kalambo,Kalambo DC,Kalambo,Sopa,Tatanda,89,Chikanka,0.0,0.0,1,0,0,1.4,0.6,2.0,50,2,52,,,,,
Rukwa,Kalambo,Kalambo DC,Kalambo,Sopa,Tatanda,90,Kitampa,0.0,0.3,1,0,0,1.4,0.6,2.0,50,2,52,,,,,
Rukwa,Kalambo,Kalambo DC,Kalambo,Sundu,Kalaela,91,Katande,0.0,0.0,1,0,0,1.4,0.6,2.0,50,2,52,,,,,
Rukwa,Kalambo,Kalambo DC,Kalambo,Sundu,Ilambila,92,Isunuka,0.0,0.0,1,0,0,1.4,0.6,2.0,50,2,52,,,,,
Rukwa,Kalambo,Kalambo DC,Kalambo,Sundu,Kamawe,93,Kituvya,0.0,0.0,1,0,0,1.4,0.6,2.0,50,2,52,,,,,
Rukwa,Kalambo,Kalambo DC,Kalambo,Mkali,Kizombwe,94,Misunkumilo,0.0,0.0,1,0,0,1.4,0.6,2.0,50,2,52,,,,,
Rukwa,Kalambo,Kalambo DC,Kalambo,Mkali,Kizombwe,95,Mwongozo,0.0,0.0,1,0,0,1.4,0.6,2.0,50,2,52,,,,,
Rukwa,Kalambo,Kalambo DC,Kalambo,Mkali,Kalalasi ,96,Ilegeza,0.0,0.0,1,0,0,1.4,0.6,2.0,50,2,52,,,,,
Rukwa,Kalambo,Kalambo DC,Kalambo,Mkali,Kalalasi ,97,Chemichem,0.0,0.0,1,0,0,1.4,0.6,2.0,50,2,52,,,,,
Rukwa,Kalambo,Kalambo DC,Kalambo,Mkali,Myunga,98,Ilambwa,0.0,0.0,1,0,0,1.4,0.6,2.0,50,2,52,,,,,
Rukwa,Kalambo,Kalambo DC,Kalambo,Mkali,Mpanzi,99,Kitenzi,0.0,0.0,1,0,0,1.4,0.6,2.0,50,2,52,,,,,
Rukwa,Kalambo,Kalambo DC,Kalambo,Mwimbi,Mwimbi,100,Mfena,0.0,0.0,1,0,0,1.4,0.6,2.0,50,2,52,,,,,
Rukwa,Kalambo,Kalambo DC,Kalambo,Mwimbi,Mozi,101,Lukulu(Masansa),0.0,0.0,1,0,0,1.4,0.6,2.0,50,2,52,,,,,
Rukwa,Kalambo,Kalambo DC,Kalambo,Mwimbi,Mozi,102,Masansa,0.0,0.0,1,0,0,1.4,0.6,2.0,50,2,52,,,,,
Rukwa,Kalambo,Kalambo DC,Kalambo,Mwimbi,Mozi,103,Kasazi,0.0,0.0,1,0,0,1.4,0.6,2.0,50,2,52,,,,,
Rukwa,Kalambo,Kalambo DC,Kalambo,Mwimbi,Zyangoma,104,Chikoma,0.0,0.0,1,0,0,1.4,0.6,2.0,50,2,52,,,,,
Rukwa,Kalambo,Kalambo DC,Kalambo,Mwimbi,Zyangoma,105,Kakowe,0.0,0.0,1,0,0,1.4,0.6,2.0,50,2,52,,,,,
Rukwa,Kalambo,Kalambo DC,Kalambo,Mwimbi,Zyangoma,106,Kabonde,0.0,0.0,1,0,0,1.4,0.6,2.0,50,2,52,,,,,
Rukwa,Kalambo,Kalambo DC,Kalambo,Mwimbi,Msishindwe,107,Kapalula,0.0,0.0,1,0,0,1.4,0.6,2.0,50,2,52,,,,,
Rukwa,Kalambo,Kalambo DC,Kalambo,Mwimbi,Selengoma,108,Chikoma,0.0,0.3,1,0,0,1.4,0.6,2.0,50,2,52,,,,,
Rukwa,Kalambo,Kalambo DC,Kalambo,Mwimbi,Selengoma,109,Selengoma,0.0,0.0,1,1,0,1.4,0.6,2.0,50,2,52,,,,,
Rukwa,Kalambo,Kalambo DC,Kalambo,Mwimbi,Selengoma,110,Matwima,0.0,0.0,1,0,0,1.4,0.6,2.0,50,2,52,,,,,
Rukwa,Kalambo,Kalambo DC,Kalambo,Mwimbi,Majengo,111,"Majengo ""C""",0.0,0.0,1,0,0,1.4,0.6,2.0,50,2,52,,,,,
Rukwa,Kalambo,Kalambo DC,Kalambo,Mwimbi,Chipapa,112,"Chipapa ""A""",0.0,0.0,1,0,0,1.4,0.6,2.0,50,2,52,,,,,
Rukwa,Kalambo,Kalambo DC,Kalambo,Mwimbi,Chipapa,113,"Chipapa ""B""",0.0,0.0,1,0,0,1.4,0.6,2.0,50,2,52,,,,,
Rukwa,Kalambo,Kalambo DC,Kalambo,Mwimbi,Chipapa,114,Chipapa ''C'',0.0,0.0,1,0,0,1.4,0.6,2.0,50,2,52,,,,,
Rukwa,Kalambo,Kalambo DC,Kalambo,Mwimbi,Chipapa,115,Iyala,0.0,0.0,1,0,0,1.4,0.6,2.0,50,2,52,,,,,
Rukwa,Kalambo,Kalambo DC,Kalambo,Mwimbi,Chipapa,116,Chanza,0.0,0.0,1,0,0,1.4,0.6,2.0,50,2,52,,,,,
Rukwa,Kalambo,Kalambo DC,Kalambo,Mnamba,Mnamba ,117,Ndundundu ,0.0,0.0,1,1,0,1.4,0.6,2.0,50,2,52,,,,,
Rukwa,Kalambo,Kalambo DC,Kalambo,Mnamba,Mnamba ,118,Kalungu,0.0,0.0,1,0,0,1.4,0.6,2.0,50,2,52,,,,,
Rukwa,Kalambo,Kalambo DC,Kalambo,Mnamba,Kantalemwa ,119,Mwandizo ,0.0,0.3,1,0,0,1.4,0.6,2.0,50,2,52,,,,,
Rukwa,Kalambo,Kalambo DC,Kalambo,Mnamba,Kantalemwa ,120,Mwaya,0.0,0.0,1,0,0,1.4,0.6,2.0,50,2,52,,,,,
Rukwa,Kalambo,Kalambo DC,Kalambo,Mnamba,Kantalemwa ,121,Mchenje,0.0,0.8,1,0,0,1.4,0.6,2.0,50,2,52,,,,,
Rukwa,Kalambo,Kalambo DC,Kalambo,Mnamba,Luse ,122,Luse,0.0,0.3,1,1,0,1.4,0.6,2.0,50,2,52,,,,,
Rukwa,Kalambo,Kalambo DC,Kalambo,Mnamba,Luse ,123,Chunya ,0.0,0.3,1,0,0,1.4,0.6,2.0,50,2,52,,,,,
Rukwa,Kalambo,Kalambo DC,Kalambo,Mnamba,Luse ,124,Kizia,0.0,0.0,1,0,0,1.4,0.6,2.0,50,2,52,,,,,
Rukwa,Kalambo,Kalambo DC,Kalambo,Mnamba,Luse ,125,Maeka ,0.0,0.0,1,0,0,1.4,0.6,2.0,50,2,52,,,,,
Rukwa,Kalambo,Kalambo DC,Kalambo,Mnamba,Mtula ,126,Mtula ,0.0,0.3,1,0,0,1.4,0.6,2.0,50,2,52,,,,,
Rukwa,Kalambo,Kalambo DC,Kalambo,Mnamba,Mtula ,127,Msongwe,0.0,1.2,1,0,0,1.4,0.6,2.0,50,2,52,,,,,
Rukwa,Kalambo,Kalambo DC,Kalambo,Mnamba,Mtula ,128,Chonzi,0.0,0.3,1,0,0,1.4,0.6,2.0,50,2,52,,,,,
Rukwa,Kalambo,Kalambo DC,Kalambo,Mnamba,Msipazi ,129,Mkumbi,0.0,0.4,1,0,0,1.4,0.6,2.0,50,2,52,,,,,
Rukwa,Kalambo,Kalambo DC,Kalambo,Mnamba,Msipazi ,130,Wizanembo,0.0,0.3,1,0,0,1.4,0.6,2.0,50,2,52,,,,,
Rukwa,Kalambo,Kalambo DC,Kalambo,Mnamba,Msipazi ,131,Mipapa,0.0,0.0,1,0,0,1.4,0.6,2.0,50,2,52,,,,,
Rukwa,Kalambo,Kalambo DC,Kalambo,Mnamba,Msipazi ,132,Kazumba,0.0,0.0,1,0,0,1.4,0.6,2.0,50,2,52,,,,,
Rukwa,Kalambo,Kalambo DC,Kalambo,Mambwe Nkoswe,Kalembe,133,Kange,0.0,0.0,1,0,0,1.4,0.6,2.0,50,2,52,,,,,
Rukwa,Kalambo,Kalambo DC,Kalambo,Mambwe Nkoswe,Kalembe,134,Katundulu,0.0,0.0,1,0,0,1.4,0.6,2.0,50,2,52,,,,,
Rukwa,Kalambo,Kalambo DC,Kalambo,Mambwe Nkoswe,Kalembe,135,Mazia,0.0,0.0,1,0,0,1.4,0.6,2.0,50,2,52,,,,,
Rukwa,Kalambo,Kalambo DC,Kalambo,Mambwe Nkoswe,Kalembe,136,Kalimila,0.0,0.0,1,1,0,1.4,0.6,2.0,50,2,52,,,,,
Rukwa,Kalambo,Kalambo DC,Kalambo,Mambwe Nkoswe,Tunyi,137,"Tunyi ""A""",0.0,0.0,1,0,0,1.4,0.6,2.0,50,2,52,,,,,
Rukwa,Kalambo,Kalambo DC,Kalambo,Mambwe Nkoswe,Tunyi,138,"Tunyi ""B""",0.0,2.1,1,0,0,1.4,0.6,2.0,50,2,52,,,,,
Rukwa,Kalambo,Kalambo DC,Kalambo,Mambwe Nkoswe,Tunyi,139,Maulu B,0.0,0.4,1,0,0,1.4,0.6,2.0,50,2,52,,,,,
Rukwa,Kalambo,Kalambo DC,Kalambo,Mambwe Nkoswe,Tunyi,140,Maulu A,0.0,0.7,1,0,0,1.4,0.6,2.0,50,2,52,,,,,
Rukwa,Kalambo,Kalambo DC,Kalambo,Mambwe Nkoswe,Tunyi,141,Chiku,0.0,2.6,1,0,0,1.4,0.6,2.0,50,2,52,,,,,
Rukwa,Kalambo,Kalambo DC,Kalambo,Mambwe Nkoswe,Utengule,142,Nchenje,0.0,1.4,1,0,0,1.4,0.6,2.0,50,2,52,,,,,
Rukwa,Kalambo,Kalambo DC,Kalambo,Mambwe Nkoswe,Utengule,143,Utengule,0.0,0.0,1,0,0,1.4,0.6,2.0,50,2,52,,,,,
Rukwa,Kalambo,Kalambo DC,Kalambo,Mambwe Nkoswe,Utengule,144,Mshete,0.0,0.0,1,0,0,1.4,0.6,2.0,50,2,52,,,,,
Rukwa,Kalambo,Kalambo DC,Kalambo,Mambwe Nkoswe,Ilonga,145,Ilonga,0.0,0.4,1,0,0,1.4,0.6,2.0,50,2,52,,,,,
Rukwa,Kalambo,Kalambo DC,Kalambo,Mambwe Nkoswe,Ilonga,146,Kagwa,0.0,0.3,1,0,0,1.4,0.6,2.0,50,2,52,,,,,
Rukwa,Kalambo,Kalambo DC,Kalambo,Mambwe Nkoswe,Ilonga,147,Kampala,0.0,0.0,1,0,0,1.4,0.6,2.0,50,2,52,,,,,
Rukwa,Kalambo,Kalambo DC,Kalambo,Mambwe Nkoswe,Mzungwa,148,"Mzungwa ""A""",0.0,0.0,1,0,0,1.4,0.6,2.0,50,2,52,,,,,
Rukwa,Kalambo,Kalambo DC,Kalambo,Mambwe Nkoswe,Mzungwa,149,"Mzungwa ""B""",0.0,0.0,1,0,0,1.4,0.6,2.0,50,2,52,,,,,
Rukwa,Kalambo,Kalambo DC,Kalambo,Mambwe Nkoswe,Kasusu,150,Mzumwa,0.0,0.0,1,0,0,1.4,0.6,2.0,50,2,52,,,,,
Rukwa,Kalambo,Kalambo DC,Kalambo,Mambwe Nkoswe,Kasusu,151,Kasusu,0.0,0.2,1,0,0,1.4,0.6,2.0,50,2,52,,,,,
Rukwa,Kalambo,Kalambo DC,Kalambo,Mambwe Nkoswe,Kasusu,152,Kampala,0.0,0.3,1,0,0,1.4,0.6,2.0,50,2,52,,,,,
Rukwa,Kalambo,Kalambo DC,Kalambo,Ulumi,Kasusu,153,Chilupu,0.0,0.0,1,0,0,1.4,0.6,2.0,50,2,52,,,,,
Rukwa,Kalambo,Kalambo DC,Kalambo,Ulumi,Kasusu,154,Chilupu,0.0,0.0,1,0,0,1.4,0.6,2.0,50,2,52,,,,,
Rukwa,Kalambo,Kalambo DC,Kalambo,Ulumi,Kale,155,Tanga,0.0,0.0,1,0,0,1.4,0.6,2.0,50,2,52,,,,,
Rukwa,Kalambo,Kalambo DC,Kalambo,Ulumi,Kale,156,Kale,0.0,0.0,1,0,0,1.4,0.6,2.0,50,2,52,,,,,
Rukwa,Kalambo,Kalambo DC,Kalambo,Ulumi,Kale,157,Mula,0.0,0.0,1,0,0,1.4,0.6,2.0,50,2,52,,,,,
Rukwa,Kalambo,Kalambo DC,Kalambo,Ulumi,"Kalepula ""A""",158,KASELA,0.0,0.0,1,0,0,1.4,0.6,2.0,50,2,52,,,,,
Rukwa,Kalambo,Kalambo DC,Kalambo,Ulumi,"Kalepula ""A""",159,Lolesha,0.0,0.0,1,0,0,1.4,0.6,2.0,50,2,52,,,,,
Rukwa,Kalambo,Kalambo DC,Kalambo,Ulumi,"Kalepula ""B""",160,Ilambilamfuzi,0.0,6.7,1,0,0,1.4,0.6,2.0,50,2,52,,,,,
Rukwa,Kalambo,Kalambo DC,Kalambo,Mambwekenya,Kiundinamema,161,Nyanzwa,0.0,0.0,1,0,0,1.4,0.6,2.0,50,2,52,,,,,
Rukwa,Kalambo,Kalambo DC,Kalambo,Mambwekenya,Kiundinamema,162,Miputu,0.0,0.4,1,0,0,1.4,0.6,2.0,50,2,52,,,,,
Rukwa,Kalambo,Kalambo DC,Kalambo,Mambwekenya,Kiundinamema,163,Lutumba,0.0,0.0,1,0,0,1.4,0.6,2.0,50,2,52,,,,,
Rukwa,Kalambo,Kalambo DC,Kalambo,Mambwekenya,Kiundinamema,164,Namema,0.0,0.4,1,0,0,1.4,0.6,2.0,50,2,52,,,,,
Rukwa,Kalambo,Kalambo DC,Kalambo,Mambwekenya,Kiundinamema,165,Mtwanche,0.0,0.5,1,0,0,1.4,0.6,2.0,50,2,52,,,,,
Rukwa,Kalambo,Kalambo DC,Kalambo,Mambwekenya,Kiundinamema,166,Kiundi,0.0,0.0,1,0,0,1.4,0.6,2.0,50,2,52,,,,,
Rukwa,Kalambo,Kalambo DC,Kalambo,Mambwekenya,Madibila,167,Nyanzwa,0.0,0.0,1,0,0,1.4,0.6,2.0,50,2,52,,,,,
Rukwa,Kalambo,Kalambo DC,Kalambo,Mambwekenya,Madibila,168,Ilolesha ,0.0,13.0,1,0,0,1.4,0.6,2.0,50,2,52,,,,,
Rukwa,Kalambo,Kalambo DC,Kalambo,Mambwekenya,Madibila,169,Madibila,0.0,0.0,1,0,0,1.4,0.6,2.0,50,2,52,,,,,
Rukwa,Kalambo,Kalambo DC,Kalambo,Mambwekenya,Madibila,170,Mchese,0.0,0.0,1,0,0,1.4,0.6,2.0,50,2,52,,,,,
Rukwa,Kalambo,Kalambo DC,Kalambo,Mambwekenya,Madibila,171,Kavumbo,0.0,0.0,1,0,0,1.4,0.6,2.0,50,2,52,,,,,
Rukwa,Kalambo,Kalambo DC,Kalambo,Mambwekenya,Madibila,172,Isale,0.0,14.0,1,0,0,1.4,0.6,2.0,50,2,52,,,,,
Rukwa,Kalambo,Kalambo DC,Kalambo,Mambwekenya,Kazozya ,173,Sume,0.0,0.0,1,0,0,1.4,0.6,2.0,50,2,52,,,,,
Rukwa,Kalambo,Kalambo DC,Kalambo,Mambwekenya,Kazozya ,174,Kazozya,0.0,0.0,1,0,0,1.4,0.6,2.0,50,2,52,,,,,
Rukwa,Kalambo,Kalambo DC,Kalambo,Mambwekenya,Kazozya ,175,Malamusu,0.0,0.0,1,0,0,1.4,0.6,2.0,50,2,52,,,,,
Rukwa,Kalambo,Kalambo DC,Kalambo,Mambwekenya,Mpanga,176,Mfwemo,0.0,0.0,1,0,0,1.4,0.6,2.0,50,2,52,,,,,
Rukwa,Kalambo,Kalambo DC,Kalambo,Mambwekenya,Mpanga,177,Chosa,0.0,0.0,1,0,0,1.4,0.6,2.0,50,2,52,,,,,
Rukwa,Kalambo,Kalambo DC,Kalambo,Mambwekenya,Mpanga,178,Lunda,0.0,0.0,1,0,0,1.4,0.6,2.0,50,2,52,,,,,
Rukwa,Kalambo,Kalambo DC,Kalambo,Mambwekenya,Mpanga,179,Kambala,0.0,0.5,1,0,0,1.4,0.6,2.0,50,2,52,,,,,
Rukwa,Kalambo,Kalambo DC,Kalambo,Mambwekenya,Mpanga,180,Kamisuku,0.0,0.0,1,0,0,1.4,0.6,2.0,50,2,52,,,,,
Rukwa,Kalambo,Kalambo DC,Kalambo,Mambwekenya,Mpanga,181,Chesa,0.0,0.3,1,0,0,1.4,0.6,2.0,50,2,52,,,,,
Rukwa,Kalambo,Kalambo DC,Kalambo,Mambwekenya,Mpanga,182,Kasa,0.0,0.0,1,0,0,1.4,0.6,2.0,50,2,52,,,,,
Rukwa,Kalambo,Kalambo DC,Kalambo,Mambwekenya,Mpanga,183,Kamisuku B,0.0,0.0,1,0,0,1.4,0.6,2.0,50,2,52,,,,,
Rukwa,Kalambo,Kalambo DC,Kalambo,Mambwekenya,Mambwekenya,184,Kilosa,0.0,0.4,1,0,0,1.4,0.6,2.0,50,2,52,,,,,
Rukwa,Kalambo,Kalambo DC,Kalambo,Mambwekenya,Mambwekenya,185,Kikonde,0.0,0.8,1,0,0,1.4,0.6,2.0,50,2,52,,,,,
Rukwa,Kalambo,Kalambo DC,Kalambo,Mambwekenya,Mambwekenya,186,Mambwekenya,0.0,0.0,1,0,0,1.4,0.6,2.0,50,2,52,,,,,
Rukwa,Kalambo,Kalambo DC,Kalambo,Mambwekenya,Mambwekenya,187,Kawezya,0.0,0.8,1,0,0,1.4,0.6,2.0,50,2,52,,,,,
Rukwa,Kalambo,Kalambo DC,Kalambo,Legeza Mwendo,Legeza Mwendo,188,Mkambaku,0.0,0.0,1,0,0,1.4,0.6,2.0,50,2,52,,,,,
Rukwa,Kalambo,Kalambo DC,Kalambo,Legeza Mwendo,Legeza Mwendo,189,Luanda,0.0,8.7,1,0,0,1.4,0.6,2.0,50,2,52,,,,,
Rukwa,Kalambo,Kalambo DC,Kalambo,Legeza Mwendo,Mkombo,190,"Chulasitu ""A""",0.0,0.0,1,0,0,1.4,0.6,2.0,50,2,52,,,,,
Rukwa,Kalambo,Kalambo DC,Kalambo,Legeza Mwendo,Mkombo,191,"Chulastu ""B""",0.0,0.0,1,0,0,1.4,0.6,2.0,50,2,52,,,,,
Rukwa,Kalambo,Kalambo DC,Kalambo,Legeza Mwendo,Mkombo,192,Mkombo,0.0,0.0,1,0,0,1.4,0.6,2.0,50,2,52,,,,,
Rukwa,Kalambo,Kalambo DC,Kalambo,Legeza Mwendo,Mkombo,193,Masazi,0.0,0.0,1,0,0,1.4,0.6,2.0,50,2,52,,,,,
Rukwa,Kalambo,Kalambo DC,Kalambo,Legeza Mwendo,Mkombo,194,Kinambo ,0.0,0.0,1,0,0,1.4,0.6,2.0,50,2,52,,,,,
Rukwa,Kalambo,Kalambo DC,Kalambo,Legeza Mwendo,Mombo,195,Mashete,0.0,8.7,1,0,0,1.4,0.6,2.0,50,2,52,,,,,
Rukwa,Kalambo,Kalambo DC,Kalambo,Legeza Mwendo,Mombo,196,Majengo ,0.0,0.0,1,0,0,1.4,0.6,2.0,50,2,52,,,,,
Rukwa,Kalambo,Kalambo DC,Kalambo,Legeza Mwendo,Mombo,197,Mombokaku,0.0,3.4,1,0,0,1.4,0.6,2.0,50,2,52,,,,,
Rukwa,Kalambo,Kalambo DC,Kalambo,Legeza Mwendo,Mlenje ,198,Vwawa,0.0,0.0,1,0,0,1.4,0.6,2.0,50,2,52,,,,,
Rukwa,Kalambo,Kalambo DC,Kalambo,Legeza Mwendo,Mlenje ,199,Uhuru ,0.0,4.5,1,0,0,1.4,0.6,2.0,50,2,52,,,,,
Rukwa,Kalambo,Kalambo DC,Kalambo,Legeza Mwendo,Mlenje ,200,Kawezya,0.0,0.0,1,0,0,1.4,0.6,2.0,50,2,52,,,,,
Rukwa,Kalambo,Kalambo DC,Kalambo,Mwazye,Kazila,201,Itala,0.0,0.0,1,0,0,1.4,0.6,2.0,50,2,52,,,,,
Rukwa,Kalambo,Kalambo DC,Kalambo,Mwazye,Kazila,202,Kalemba,0.0,0.0,1,0,0,1.4,0.6,2.0,50,2,52,,,,,
Rukwa,Kalambo,Kalambo DC,Kalambo,Mwazye,Kazila,203,Malangali,0.0,0.0,1,0,0,1.4,0.6,2.0,50,2,52,,,,,
Rukwa,Kalambo,Kalambo DC,Kalambo,Mwazye,Kazila,204,Nsangu,0.0,1.0,1,0,0,1.4,0.6,2.0,50,2,52,,,,,
Rukwa,Kalambo,Kalambo DC,Kalambo,Mwazye,Mpenje,205,Lingamila,0.0,0.7,1,0,0,1.4,0.6,2.0,50,2,52,,,,,
Rukwa,Kalambo,Kalambo DC,Kalambo,Mwazye,Mpenje,206,Maswepa,0.0,0.3,1,0,0,1.4,0.6,2.0,50,2,52,,,,,
Rukwa,Kalambo,Kalambo DC,Kalambo,Mwazye,Mpenje,207,Mpenje,0.0,0.0,1,0,0,1.4,0.6,2.0,50,2,52,,,,,
Rukwa,Kalambo,Kalambo DC,Kalambo,Mwazye,Msoma,208,Sengelema,0.0,0.4,1,0,0,1.4,0.6,2.0,50,2,52,,,,,
Rukwa,Kalambo,Kalambo DC,Kalambo,Mwazye,Msoma,209,Wisale,0.0,0.0,1,0,0,1.4,0.6,2.0,50,2,52,,,,,
Rukwa,Kalambo,Kalambo DC,Kalambo,Mwazye,Mwazye,210,Kanyalakata,0.0,0.0,1,0,0,1.4,0.6,2.0,50,2,52,,,,,
Rukwa,Kalambo,Kalambo DC,Kalambo,Mwazye,Mwazye,211,"KAPATA ""A""",0.0,0.3,1,,,1.4,0.6,2.0,50,2,52,,,,,
Rukwa,Kalambo,Kalambo DC,Kalambo,Katazi,Katazi,212,Wala,0.0,0.9,1,0,0,1.4,0.6,2.0,50,2,52,,,,,
Rukwa,Kalambo,Kalambo DC,Kalambo,Katazi,Katazi,213,KaTangazi,0.0,0.0,1,0,0,1.4,0.6,2.0,50,2,52,,,,,
Rukwa,Kalambo,Kalambo DC,Kalambo,Katazi,Katazi,214,Kasakalawe,0.0,0.6,1,0,0,1.4,0.6,2.0,50,2,52,,,,,
Rukwa,Kalambo,Kalambo DC,Kalambo,Katazi,Ninga,215,Nswela,0.0,0.0,1,0,0,1.4,0.6,2.0,50,2,52,,,,,
Rukwa,Kalambo,Kalambo DC,Kalambo,Katazi,Ninga,216,Nsenga,0.0,0.4,1,0,0,1.4,0.6,2.0,50,2,52,,,,,
Rukwa,Kalambo,Kalambo DC,Kalambo,Katazi,Ninga,217,Kamungu,0.0,0.0,1,0,0,1.4,0.6,2.0,50,2,52,,,,,
Rukwa,Kalambo,Kalambo DC,Kalambo,Katazi,Mwaya,218,Vyanzu,0.0,0.0,1,0,0,1.4,0.6,2.0,50,2,52,,,,,
Rukwa,Kalambo,Kalambo DC,Kalambo,Katazi,Kafukula,219,Kapatu,0.0,0.6,1,0,0,1.4,0.6,2.0,50,2,52,,,,,
Rukwa,Kalambo,Kalambo DC,Kalambo,Katazi,Kafukula,220,Kafukula,0.0,0.6,1,0,0,1.4,0.6,2.0,50,2,52,,,,,
Rukwa,Kalambo,Kalambo DC,Kalambo,Katazi,Kafukula,221,Ntakomolwa,0.0,0.0,1,0,0,1.4,0.6,2.0,50,2,52,,,,,
Rukwa,Kalambo,Kalambo DC,Kalambo,Kanyezi ,Kanyezi,222,Kanyezi Kati,0.0,0.0,1,0,0,1.4,0.6,2.0,50,2,52,,,,,
Rukwa,Kalambo,Kalambo DC,Kalambo,Kanyezi ,Kanyezi,223,Chikwala,0.0,0.0,1,0,0,1.4,0.6,2.0,50,2,52,,,,,
Rukwa,Kalambo,Kalambo DC,Kalambo,Kanyezi ,Kanyezi,224,Kamisuku,0.0,2.9,1,0,0,1.4,0.6,2.0,50,2,52,,,,,
Rukwa,Kalambo,Kalambo DC,Kalambo,Kanyezi ,Chalatila,225,Mwawa,0.0,0.0,1,0,0,1.4,0.6,2.0,50,2,52,,,,,
Rukwa,Kalambo,Kalambo DC,Kalambo,Kanyezi ,Chalatila,226,Kazovwe,0.0,0.2,1,0,0,1.4,0.6,2.0,50,2,52,,,,,
Rukwa,Kalambo,Kalambo DC,Kalambo,Kanyezi ,Chalatila,227,Nkako,0.0,0.8,1,0,0,1.4,0.6,2.0,50,2,52,,,,,
Rukwa,Kalambo,Kalambo DC,Kalambo,Kanyezi ,Chisambo,228,Mtula,0.0,0.2,1,0,0,1.4,0.6,2.0,50,2,52,,,,,
Rukwa,Kalambo,Kalambo DC,Kalambo,Kanyezi ,Majengo,229,Namkonda,0.0,5.6,1,,,1.4,0.6,2.0,50,2,52,,,,,
Rukwa,Kalambo,Kalambo DC,Kalambo,Kanyezi ,Majengo,230,Chisambo,0.0,0.0,1,0,0,1.4,0.6,2.0,50,2,52,,,,,
Rukwa,Kalambo,Kalambo DC,Kalambo,Kilesha,Kilesha,231,Kilesha,0.0,1.1,1,0,0,1.4,0.6,2.0,50,2,52,,,,,
Rukwa,Kalambo,Kalambo DC,Kalambo,Kilesha,Kilesha,232,Kakoma,0.0,0.0,1,0,0,1.4,0.6,2.0,50,2,52,,,,,
Rukwa,Kalambo,Kalambo DC,Kalambo,Kilesha,Kambo,233,Milaza,0.0,0.3,1,0,0,1.4,0.6,2.0,50,2,52,,,,,
Rukwa,Kalambo,Kalambo DC,Kalambo,Kilesha,Kambo,234,Kilambo,0.0,0.0,1,0,0,1.4,0.6,2.0,50,2,52,,,,,
Rukwa,Kalambo,Kalambo DC,Kalambo,Kilesha,Kambo,235,Kaloleni,0.0,0.9,1,0,0,1.4,0.6,2.0,50,2,52,,,,,
Rukwa,Kalambo,Kalambo DC,Kalambo,Kilesha,Itekesha,236,Madebe ,0.0,0.0,1,0,0,1.4,0.6,2.0,50,2,52,,,,,
Rukwa,Kalambo,Kalambo DC,Kalambo,Kilesha,Itekesha,237,Kagera,0.0,0.0,1,0,0,1.4,0.6,2.0,50,2,52,,,,,
Rukwa,Kalambo,Kalambo DC,Kalambo,Kilesha,Itekesha,238,Itekesha,0.0,0.0,1,0,0,1.4,0.6,2.0,50,2,52,,,,,
Rukwa,Kalambo,Kalambo DC,Kalambo,Kilesha,Itekesha,239,Seketa,0.0,0.0,1,0,0,1.4,0.6,2.0,50,2,52,,,,,
Rukwa,Kalambo,Kalambo DC,Kalambo,Kilesha,Itekesha,240,Mizumbi,0.0,1.7,1,0,0,1.4,0.6,2.0,50,2,52,,,,,
Rukwa,Kalambo,Kalambo DC,Kalambo,Kilesha,Ilango,241,Kambalile,0.0,0.0,1,0,0,1.4,0.6,2.0,50,2,52,,,,,
Rukwa,Kalambo,Kalambo DC,Kalambo,Kilesha,Ilango,242,Kasa,0.0,0.5,1,0,0,1.4,0.6,2.0,50,2,52,,,,,
Rukwa,Kalambo,Kalambo DC,Kalambo,Kilesha,Kifone,243,Lemi,0.0,0.0,1,0,0,1.4,0.6,2.0,50,2,52,,,,,
Rukwa,Kalambo,Kalambo DC,Kalambo,Kilesha,Kifone,244,Nsundu,0.0,0.6,1,0,0,1.4,0.6,2.0,50,2,52,,,,,
Rukwa,Kalambo,Kalambo DC,Kalambo,Kilesha,Kifone,245,Kifone,0.0,0.2,1,0,0,1.4,0.6,2.0,50,2,52,,,,,
JUMLA NDOGO,,,,,,245,,0.0,141.0,245,12,0,343.0,147.0,490.0,"12,250",490,"12,740",,,,,
Rukwa,Nkasi,Nkasi DC,Nkasi Kusini,Chala,Kacheche,1,Katete,0.0,0.0,1,0,0,1.4,0.6,2.0,50,2,52,,,,,
Rukwa,Nkasi,Nkasi DC,Nkasi Kusini,Chala,Kacheche,2,Ntengo,0.0,0.0,1,0,0,1.4,0.6,2.0,50,2,52,,,,,
Rukwa,Nkasi,Nkasi DC,Nkasi Kusini,Chala,Londokazi,3,Upendo,0.0,0.0,1,0,0,1.4,0.6,2.0,50,2,52,,,,,
Rukwa,Nkasi,Nkasi DC,Nkasi Kusini,Chala,Londokazi,4,Mageuzi,0.0,0.0,1,0,0,1.4,0.6,2.0,50,2,52,,,,,
Rukwa,Nkasi,Nkasi DC,Nkasi Kusini,Chala,Londokazi,5,Mtapenda,0.0,0.0,1,0,0,1.4,0.6,2.0,50,2,52,,,,,
Rukwa,Nkasi,Nkasi DC,Nkasi Kusini,Nkandasi,Kasu A,6,Mtukula,0.0,0.4,1,1,0,1.4,0.6,2.0,50,2,52,,,,,
Rukwa,Nkasi,Nkasi DC,Nkasi Kusini,Nkandasi,Kasu A,7,Ilolesha,0.0,0.0,1,0,0,1.4,0.6,2.0,50,2,52,,,,,
Rukwa,Nkasi,Nkasi DC,Nkasi Kusini,Nkandasi,Kasu A,8,Kamaso,0.0,0.0,1,0,0,1.4,0.6,2.0,50,2,52,,,,,
Rukwa,Nkasi,Nkasi DC,Nkasi Kusini,Nkandasi,Kasu A,9,Namala,0.0,0.0,1,0,0,1.4,0.6,2.0,50,2,52,,,,,
Rukwa,Nkasi,Nkasi DC,Nkasi Kusini,Nkandasi,Kasu A,10,Mbingilwa,0.0,0.0,1,0,0,1.4,0.6,2.0,50,2,52,,,,,
Rukwa,Nkasi,Nkasi DC,Nkasi Kusini,Nkandasi,Kasu B,11,Mileshe,0.0,0.3,1,1,0,1.4,0.6,2.0,50,2,52,,,,,
Rukwa,Nkasi,Nkasi DC,Nkasi Kusini,Nkandasi,Kasu B,12,Mkutano,0.0,0.0,1,0,0,1.4,0.6,2.0,50,2,52,,,,,
Rukwa,Nkasi,Nkasi DC,Nkasi Kusini,Nkandasi,Kasu B,13,Masinyumbi,0.0,0.0,1,0,0,1.4,0.6,2.0,50,2,52,,,,,
Rukwa,Nkasi,Nkasi DC,Nkasi Kusini,Nkandasi,Katani,14,Nachiamba,0.0,0.7,1,1,0,1.4,0.6,2.0,50,2,52,,,,,
Rukwa,Nkasi,Nkasi DC,Nkasi Kusini,Nkandasi,Katani,15,Kawala,0.0,0.0,1,0,0,1.4,0.6,2.0,50,2,52,,,,,
Rukwa,Nkasi,Nkasi DC,Nkasi Kusini,Nkandasi,Katani,16,Nkovyo,0.0,0.0,1,0,0,1.4,0.6,2.0,50,2,52,,,,,
Rukwa,Nkasi,Nkasi DC,Nkasi Kusini,Nkandasi,Katani,17,Msokozi,0.0,0.0,1,0,0,1.4,0.6,2.0,50,2,52,,,,,
Rukwa,Nkasi,Nkasi DC,Nkasi Kusini,Nkandasi,Katani,18,Kaungo,0.0,0.0,1,0,0,1.4,0.6,2.0,50,2,52,,,,,
Rukwa,Nkasi,Nkasi DC,Nkasi Kusini,Nkandasi,Milundikwa,19,Mshikamano,0.0,0.0,1,0,0,1.4,0.6,2.0,50,2,52,,,,,
Rukwa,Nkasi,Nkasi DC,Nkasi Kusini,Nkandasi,Milundikwa,20,Fuzi,0.0,0.0,1,1,0,1.4,0.6,2.0,50,2,52,,,,,
Rukwa,Nkasi,Nkasi DC,Nkasi Kusini,Nkandasi,Milundikwa,21,Mtapenda,0.0,0.0,1,0,0,1.4,0.6,2.0,50,2,52,,,,,
Rukwa,Nkasi,Nkasi DC,Nkasi Kusini,Nkandasi,Milundikwa,22,Kipili,0.0,0.0,1,0,0,1.4,0.6,2.0,50,2,52,,,,,
Rukwa,Nkasi,Nkasi DC,Nkasi Kusini,Nkandasi,Milundikwa,23,Kijiweni,0.0,0.0,1,0,0,1.4,0.6,2.0,50,2,52,,,,,
Rukwa,Nkasi,Nkasi DC,Nkasi Kusini,Nkandasi,Malongwe,24,Mileshe,0.0,0.4,1,1,0,1.4,0.6,2.0,50,2,52,,,,,
Rukwa,Nkasi,Nkasi DC,Nkasi Kusini,Nkandasi,Malongwe,25,Luli,0.0,0.0,1,0,0,1.4,0.6,2.0,50,2,52,,,,,
Rukwa,Nkasi,Nkasi DC,Nkasi Kusini,Nkandasi,Malongwe,26,Kaulangumi,0.0,0.0,1,0,0,1.4,0.6,2.0,50,2,52,,,,,
Rukwa,Nkasi,Nkasi DC,Nkasi Kusini,Nkandasi,Malongwe,27,Ilonga,0.0,0.0,1,0,0,1.4,0.6,2.0,50,2,52,,,,,
Rukwa,Nkasi,Nkasi DC,Nkasi Kusini,Nkandasi,Malongwe,28,Majengo,0.0,0.0,1,0,0,1.4,0.6,2.0,50,2,52,,,,,
Rukwa,Nkasi,Nkasi DC,Nkasi Kusini,Nkandasi,Kisula,29,Kafuta,0.0,0.4,1,1,0,1.4,0.6,2.0,50,2,52,,,,,
Rukwa,Nkasi,Nkasi DC,Nkasi Kusini,Nkandasi,Kisula,30,Sangalika,0.0,0.0,1,0,0,1.4,0.6,2.0,50,2,52,,,,,
Rukwa,Nkasi,Nkasi DC,Nkasi Kusini,Nkandasi,Kisula,31,Mweni,0.0,0.0,1,0,0,1.4,0.6,2.0,50,2,52,,,,,
Rukwa,Nkasi,Nkasi DC,Nkasi Kusini,Nkandasi,Kisula,32,Ndalao,0.0,0.0,1,0,0,1.4,0.6,2.0,50,2,52,,,,,
Rukwa,Nkasi,Nkasi DC,Nkasi Kusini,Nkandasi,Kisula,33,Mwongozo,0.0,0.0,1,0,0,1.4,0.6,2.0,50,2,52,,,,,
Rukwa,Nkasi,Nkasi DC,Nkasi Kusini,Kate,Kate,34,Mwati,0.0,0.0,1,0,0,1.4,0.6,2.0,50,2,52,,,,,
Rukwa,Nkasi,Nkasi DC,Nkasi Kusini,Kate,Kate,35,Nkata,0.0,5.4,1,1,0,1.4,0.6,2.0,50,2,52,,,,,
Rukwa,Nkasi,Nkasi DC,Nkasi Kusini,Kate,Kate,36,Mkukwe,0.0,0.0,1,0,0,1.4,0.6,2.0,50,2,52,,,,,
Rukwa,Nkasi,Nkasi DC,Nkasi Kusini,Kate,Kate,37,Kiwanjani,0.0,0.0,1,0,0,1.4,0.6,2.0,50,2,52,,,,,
Rukwa,Nkasi,Nkasi DC,Nkasi Kusini,Kate,Kate,38,Mwenge,0.0,0.0,1,0,0,1.4,0.6,2.0,50,2,52,,,,,
Rukwa,Nkasi,Nkasi DC,Nkasi Kusini,Kate,Kate,39,Fukutu,0.0,0.0,1,0,0,1.4,0.6,2.0,50,2,52,,,,,
Rukwa,Nkasi,Nkasi DC,Nkasi Kusini,Kate,Kate,40,Namema,0.0,0.0,1,0,0,1.4,0.6,2.0,50,2,52,,,,,
Rukwa,Nkasi,Nkasi DC,Nkasi Kusini,Kate,Mwenge,41,Kiwele,0.0,0.0,1,0,0,1.4,0.6,2.0,50,2,52,,,,,
Rukwa,Nkasi,Nkasi DC,Nkasi Kusini,Kate,Mwenge,42,Miangalua,0.0,2.8,1,1,0,1.4,0.6,2.0,50,2,52,,,,,
Rukwa,Nkasi,Nkasi DC,Nkasi Kusini,Kate,Mwenge,43,Kate,0.0,0.0,1,0,0,1.4,0.6,2.0,50,2,52,,,,,
Rukwa,Nkasi,Nkasi DC,Nkasi Kusini,Kate,Mwenge,44,Godauni,0.0,0.0,1,0,0,1.4,0.6,2.0,50,2,52,,,,,
Rukwa,Nkasi,Nkasi DC,Nkasi Kusini,Kate,Ntemba,45,Pepe,0.0,0.0,1,1,0,1.4,0.6,2.0,50,2,52,,,,,
Rukwa,Nkasi,Nkasi DC,Nkasi Kusini,Kate,Ntemba,46,Kiwembisi,0.0,0.0,1,0,0,1.4,0.6,2.0,50,2,52,,,,,
Rukwa,Nkasi,Nkasi DC,Nkasi Kusini,Kate,Ntemba,47,Ikuku,0.0,0.0,1,0,0,1.4,0.6,2.0,50,2,52,,,,,
Rukwa,Nkasi,Nkasi DC,Nkasi Kusini,Kate,Ntemba,48,Kapele,0.0,0.0,1,0,0,1.4,0.6,2.0,50,2,52,,,,,
Rukwa,Nkasi,Nkasi DC,Nkasi Kusini,Kate,China,49,China Mtoni,0.0,0.0,1,0,0,1.4,0.6,2.0,50,2,52,,,,,
Rukwa,Nkasi,Nkasi DC,Nkasi Kusini,Myula             ,Myula,50,Katai,0.0,0.0,1,1,0,1.4,0.6,2.0,50,2,52,,,,,
Rukwa,Nkasi,Nkasi DC,Nkasi Kusini,Myula             ,Myula,51,Namonde,0.0,0.0,1,0,0,1.4,0.6,2.0,50,2,52,,,,,
Rukwa,Nkasi,Nkasi DC,Nkasi Kusini,Myula             ,Myula,52,Mbilingwa,0.0,0.0,1,0,0,1.4,0.6,2.0,50,2,52,,,,,
Rukwa,Nkasi,Nkasi DC,Nkasi Kusini,Myula             ,Chalatila,53,Katete,0.0,0.0,1,1,0,1.4,0.6,2.0,50,2,52,,,,,
Rukwa,Nkasi,Nkasi DC,Nkasi Kusini,Myula             ,Chalatila,54,Kakozi,0.0,0.0,1,0,0,1.4,0.6,2.0,50,2,52,,,,,
Rukwa,Nkasi,Nkasi DC,Nkasi Kusini,Myula             ,Chalatila,55,Bako,0.0,0.0,1,0,0,1.4,0.6,2.0,50,2,52,,,,,
Rukwa,Nkasi,Nkasi DC,Nkasi Kusini,Myula             ,Chonga,56,Mabambali,0.0,0.0,1,1,0,1.4,0.6,2.0,50,2,52,,,,,
Rukwa,Nkasi,Nkasi DC,Nkasi Kusini,Myula             ,Chonga,57,Kondwa,0.0,0.0,1,0,0,1.4,0.6,2.0,50,2,52,,,,,
Rukwa,Nkasi,Nkasi DC,Nkasi Kusini,Myula             ,Makupa ,58,Kasongole,0.0,0.0,1,0,0,1.4,0.6,2.0,50,2,52,,,,,
Rukwa,Nkasi,Nkasi DC,Nkasi Kusini,Myula             ,Makupa ,59,Nsila,0.0,,1,,,1.4,0.6,2.0,50,2,52,,,,,
Rukwa,Nkasi,Nkasi DC,Nkasi Kusini,Myula             ,Makupa ,60,Makala,0.0,0.0,1,0,0,1.4,0.6,2.0,50,2,52,,,,,
Rukwa,Nkasi,Nkasi DC,Nkasi Kusini,Myula             ,Makupa ,61,Mwembe,0.0,,1,,,1.4,0.6,2.0,50,2,52,,,,,
Rukwa,Nkasi,Nkasi DC,Nkasi Kusini,Myula             ,Makupa ,62,Chinko,0.0,0.0,1,0,0,1.4,0.6,2.0,50,2,52,,,,,
Rukwa,Nkasi,Nkasi DC,Nkasi Kusini,Myula             ,Ntalamila,63,Mtakuja,0.0,0.0,1,1,0,1.4,0.6,2.0,50,2,52,,,,,
Rukwa,Nkasi,Nkasi DC,Nkasi Kusini,Myula             ,Ntalamila,64,Mkumbulo,0.0,0.0,1,0,0,1.4,0.6,2.0,50,2,52,,,,,
Rukwa,Nkasi,Nkasi DC,Nkasi Kusini,Myula             ,Ntalamila,65,Ntakaingo,0.0,0.0,1,0,0,1.4,0.6,2.0,50,2,52,,,,,
Rukwa,Nkasi,Nkasi DC,Nkasi Kusini,Kipande,Kipande,66,Kilangala,0.0,0.0,1,0,0,1.4,0.6,2.0,50,2,52,,,,,
Rukwa,Nkasi,Nkasi DC,Nkasi Kusini,Kipande,Kipande,67,Kizusi,0.0,0.0,1,0,0,1.4,0.6,2.0,50,2,52,,,,,
Rukwa,Nkasi,Nkasi DC,Nkasi Kusini,Kipande,Kipande,68,Lusembwa B,0.0,0.0,1,0,0,1.4,0.6,2.0,50,2,52,,,,,
Rukwa,Nkasi,Nkasi DC,Nkasi Kusini,Kipande,Nkundi,69,King'ombe,0.0,0.8,1,1,0,1.4,0.6,2.0,50,2,52,,,,,
Rukwa,Nkasi,Nkasi DC,Nkasi Kusini,Kipande,Nkundi,70,Mifundwa,0.0,0.0,1,0,0,1.4,0.6,2.0,50,2,52,,,,,
Rukwa,Nkasi,Nkasi DC,Nkasi Kusini,Kipande,Nkundi,71,Kitikili,0.0,0.0,1,0,0,1.4,0.6,2.0,50,2,52,,,,,
Rukwa,Nkasi,Nkasi DC,Nkasi Kusini,Kipande,Kantawa,72,Lyakupola,0.0,0.5,1,0,0,1.4,0.6,2.0,50,2,52,,,,,
Rukwa,Nkasi,Nkasi DC,Nkasi Kusini,Kipande,Kantawa,73,Namtomola,0.0,0.0,1,0,0,1.4,0.6,2.0,50,2,52,,,,,
Rukwa,Nkasi,Nkasi DC,Nkasi Kusini,Kipande,Kantawa,74,Naunti,0.0,0.0,1,0,0,1.4,0.6,2.0,50,2,52,,,,,
Rukwa,Nkasi,Nkasi DC,Nkasi Kusini,Kipande,Kantawa,75,Ilambila,0.0,0.0,1,0,0,1.4,0.6,2.0,50,2,52,,,,,
Rukwa,Nkasi,Nkasi DC,Nkasi Kusini,Kipande,Kantawa,76,Songambele,0.0,0.0,1,0,0,1.4,0.6,2.0,50,2,52,,,,,
Rukwa,Nkasi,Nkasi DC,Nkasi Kusini,Kipande,Kantawa,77,Zimba,0.0,0.0,1,0,0,1.4,0.6,2.0,50,2,52,,,,,
Rukwa,Nkasi,Nkasi DC,Nkasi Kusini,Kipande,Kantawa,78,Mnanilo B,0.0,0.0,1,0,0,1.4,0.6,2.0,50,2,52,,,,,
Rukwa,Nkasi,Nkasi DC,Nkasi Kusini,Kipande,Kantawa,79,Motomoto,0.0,0.0,1,0,0,1.4,0.6,2.0,50,2,52,,,,,
Rukwa,Nkasi,Nkasi DC,Nkasi Kusini,Kipande,Kantawa,80,Namfutu,0.0,0.0,1,0,0,1.4,0.6,2.0,50,2,52,,,,,
Rukwa,Nkasi,Nkasi DC,Nkasi Kusini,Kipande,Kalundi,81,Nguvukazi,0.0,0.9,1,1,0,1.4,0.6,2.0,50,2,52,,,,,
Rukwa,Nkasi,Nkasi DC,Nkasi Kusini,Kipande,Kalundi,82,Kawajense,0.0,0.0,1,0,0,1.4,0.6,2.0,50,2,52,,,,,
Rukwa,Nkasi,Nkasi DC,Nkasi Kusini,Kipande,Kalundi,83,Tambukaleli,0.0,0.0,1,0,0,1.4,0.6,2.0,50,2,52,,,,,
Rukwa,Nkasi,Nkasi DC,Nkasi Kusini,Kipande,Nkomolo II,84,Mapinduzi,0.0,0.0,1,1,0,1.4,0.6,2.0,50,2,52,,,,,
Rukwa,Nkasi,Nkasi DC,Nkasi Kusini,Kipande,Nkomolo II,85,Bondesafi,0.0,0.0,1,0,0,1.4,0.6,2.0,50,2,52,,,,,
Rukwa,Nkasi,Nkasi DC,Nkasi Kusini,Kipande,Nkomolo II,86,Kitika,0.0,0.0,1,0,0,1.4,0.6,2.0,50,2,52,,,,,
Rukwa,Nkasi,Nkasi DC,Nkasi Kusini,Sintali,Sintali ,87,Katapulo(Katandara),0.0,0.7,1,1,0,1.4,0.6,2.0,50,2,52,,,,,
Rukwa,Nkasi,Nkasi DC,Nkasi Kusini,Sintali,Sintali ,88,Changamoto,0.0,0.0,1,0,0,1.4,0.6,2.0,50,2,52,,,,,
Rukwa,Nkasi,Nkasi DC,Nkasi Kusini,Sintali,Sintali ,89,Ilyema,0.0,0.0,1,0,0,1.4,0.6,2.0,50,2,52,,,,,
Rukwa,Nkasi,Nkasi DC,Nkasi Kusini,Sintali,Sintali ,90,Muungano,0.0,0.0,1,0,0,1.4,0.6,2.0,50,2,52,,,,,
Rukwa,Nkasi,Nkasi DC,Nkasi Kusini,Sintali,Sintali ,91,Mkuwe,0.0,0.0,1,0,0,1.4,0.6,2.0,50,2,52,,,,,
Rukwa,Nkasi,Nkasi DC,Nkasi Kusini,Sintali,Sintali ,92,Katandala,0.0,0.0,1,,0,1.4,0.6,2.0,50,2,52,,,,,
Rukwa,Nkasi,Nkasi DC,Nkasi Kusini,Sintali,Nkana,93,Juhudi,0.0,0.0,1,1,0,1.4,0.6,2.0,50,2,52,,,,,
Rukwa,Nkasi,Nkasi DC,Nkasi Kusini,Sintali,Nkana,94,Kagera,0.0,0.0,1,0,0,1.4,0.6,2.0,50,2,52,,,,,
Rukwa,Nkasi,Nkasi DC,Nkasi Kusini,Sintali,Nkana,95,Kazimoto,0.0,0.0,1,0,0,1.4,0.6,2.0,50,2,52,,,,,
Rukwa,Nkasi,Nkasi DC,Nkasi Kusini,Sintali,Nkana,96,Kalemasha,0.0,0.0,1,0,0,1.4,0.6,2.0,50,2,52,,,,,
Rukwa,Nkasi,Nkasi DC,Nkasi Kusini,Sintali,Nkana,97,Mkuyuni,0.0,0.0,1,0,0,1.4,0.6,2.0,50,2,52,,,,,
Rukwa,Nkasi,Nkasi DC,Nkasi Kusini,Sintali,Nkana,98,Kalambo,0.0,0.0,1,0,0,1.4,0.6,2.0,50,2,52,,,,,
Rukwa,Nkasi,Nkasi DC,Nkasi Kusini,Sintali,Nkomachindo,99,Uhamiaji,0.0,0.0,1,1,0,1.4,0.6,2.0,50,2,52,,,,,
Rukwa,Nkasi,Nkasi DC,Nkasi Kusini,Sintali,Nkomachindo,100,KiTangazi,0.0,0.0,1,0,0,1.4,0.6,2.0,50,2,52,,,,,
Rukwa,Nkasi,Nkasi DC,Nkasi Kusini,Sintali,Nkomachindo,101,Kalaini,0.0,0.0,1,0,0,1.4,0.6,2.0,50,2,52,,,,,
Rukwa,Nkasi,Nkasi DC,Nkasi Kusini,Sintali,Nkomachindo,102,Kitonto,0.0,0.0,1,0,0,1.4,0.6,2.0,50,2,52,,,,,
Rukwa,Nkasi,Nkasi DC,Nkasi Kusini,Ninde,Ninde,103,Kalungu,0.0,0.0,1,1,0,1.4,0.6,2.0,50,2,52,,,,,
Rukwa,Nkasi,Nkasi DC,Nkasi Kusini,Ninde,Ninde,104,Kalingalinga,0.0,0.0,1,0,0,1.4,0.6,2.0,50,2,52,,,,,
Rukwa,Nkasi,Nkasi DC,Nkasi Kusini,Ninde,Ninde,105,Majengo,0.0,0.0,1,0,0,1.4,0.6,2.0,50,2,52,,,,,
Rukwa,Nkasi,Nkasi DC,Nkasi Kusini,Ninde,Ninde,106,Kaswi,0.0,0.0,1,0,0,1.4,0.6,2.0,50,2,52,,,,,
Rukwa,Nkasi,Nkasi DC,Nkasi Kusini,Ninde,Ninde,107,Mwembeni,0.0,0.0,1,0,0,1.4,0.6,2.0,50,2,52,,,,,
Rukwa,Nkasi,Nkasi DC,Nkasi Kusini,Ninde,Ninde,108,Mlundi,0.0,0.0,1,0,0,1.4,0.6,2.0,50,2,52,,,,,
Rukwa,Nkasi,Nkasi DC,Nkasi Kusini,Ninde,Ninde,109,Mkiringa City,0.0,0.0,1,0,0,1.4,0.6,2.0,50,2,52,,,,,
Rukwa,Nkasi,Nkasi DC,Nkasi Kusini,Ninde,Ninde,110,Kipamba,0.0,0.0,1,0,0,1.4,0.6,2.0,50,2,52,,,,,
Rukwa,Nkasi,Nkasi DC,Nkasi Kusini,Ninde,Ninde,111,Mjimwema,0.0,0.0,1,0,0,1.4,0.6,2.0,50,2,52,,,,,
Rukwa,Nkasi,Nkasi DC,Nkasi Kusini,Ninde,Ninde,112,Muungano,0.0,0.0,1,0,0,1.4,0.6,2.0,50,2,52,,,,,
Rukwa,Nkasi,Nkasi DC,Nkasi Kusini,Ninde,Ninde,113,Bandari,0.0,0.0,1,0,0,1.4,0.6,2.0,50,2,52,,,,,
Rukwa,Nkasi,Nkasi DC,Nkasi Kusini,Ninde,Ninde,114,Kilimahewa,0.0,0.0,1,0,0,1.4,0.6,2.0,50,2,52,,,,,
Rukwa,Nkasi,Nkasi DC,Nkasi Kusini,Ninde,Kisambala ,115,Twiyu,0.0,0.0,1,1,0,1.4,0.6,2.0,50,2,52,,,,,
Rukwa,Nkasi,Nkasi DC,Nkasi Kusini,Ninde,Kisambala ,116,Korwe,0.0,0.0,1,0,0,1.4,0.6,2.0,50,2,52,,,,,
Rukwa,Nkasi,Nkasi DC,Nkasi Kusini,Ninde,Kisambala ,117,Kisambala,0.0,0.0,1,0,0,1.4,0.6,2.0,50,2,52,,,,,
Rukwa,Nkasi,Nkasi DC,Nkasi Kusini,Ninde,Kisambala ,118,Mataka,0.0,0.0,1,0,0,1.4,0.6,2.0,50,2,52,,,,,
Rukwa,Nkasi,Nkasi DC,Nkasi Kusini,Ninde,Kisambala ,119,Lyasi,0.0,0.0,1,0,0,1.4,0.6,2.0,50,2,52,,,,,
Rukwa,Nkasi,Nkasi DC,Nkasi Kusini,Ninde,Kisambala ,120,Mfundesi,0.0,0.0,1,0,0,1.4,0.6,2.0,50,2,52,,,,,
Rukwa,Nkasi,Nkasi DC,Nkasi Kusini,Ninde,Kisambala ,121,Kaswanya,0.0,0.0,1,0,0,1.4,0.6,2.0,50,2,52,,,,,
Rukwa,Nkasi,Nkasi DC,Nkasi Kusini,Ninde,Kisambala ,122,Msangamwisa,0.0,0.0,1,0,0,1.4,0.6,2.0,50,2,52,,,,,
Rukwa,Nkasi,Nkasi DC,Nkasi Kusini,Ninde,Kisambala ,123,Mtosi,0.0,0.0,1,0,0,1.4,0.6,2.0,50,2,52,,,,,
Rukwa,Nkasi,Nkasi DC,Nkasi Kusini,Ninde,Kasanga,124,Mlimani,0.0,0.0,1,1,0,1.4,0.6,2.0,50,2,52,,,,,
Rukwa,Nkasi,Nkasi DC,Nkasi Kusini,Ninde,Kasanga,125,Masokolo,0.0,0.0,1,0,0,1.4,0.6,2.0,50,2,52,,,,,
Rukwa,Nkasi,Nkasi DC,Nkasi Kusini,Ninde,Kasanga,126,Msumba,0.0,0.0,1,0,0,1.4,0.6,2.0,50,2,52,,,,,
Rukwa,Nkasi,Nkasi DC,Nkasi Kusini,Ninde,Kasanga,127,Kasanga,0.0,0.0,1,0,0,1.4,0.6,2.0,50,2,52,,,,,
Rukwa,Nkasi,Nkasi DC,Nkasi Kusini,Ninde,Kasanga,128,Kasanga B,0.0,0.0,1,0,0,1.4,0.6,2.0,50,2,52,,,,,
Rukwa,Nkasi,Nkasi DC,Nkasi Kusini,Ninde,Msamba,129,Mongwe Na.10,0.0,0.0,1,1,0,1.4,0.6,2.0,50,2,52,,,,,
Rukwa,Nkasi,Nkasi DC,Nkasi Kusini,Ninde,Msamba,130,Mpunda Na. 1,0.0,0.0,1,0,0,1.4,0.6,2.0,50,2,52,,,,,
Rukwa,Nkasi,Nkasi DC,Nkasi Kusini,Ninde,Msamba,131,Ziwani Na. 3,0.0,0.0,1,0,0,1.4,0.6,2.0,50,2,52,,,,,
Rukwa,Nkasi,Nkasi DC,Nkasi Kusini,Ninde,Msamba,132,Miembeni Na.4,0.0,0.0,1,0,0,1.4,0.6,2.0,50,2,52,,,,,
Rukwa,Nkasi,Nkasi DC,Nkasi Kusini,Ninde,Msamba,133,Miembeni Na.8,0.0,0.0,1,0,0,1.4,0.6,2.0,50,2,52,,,,,
Rukwa,Nkasi,Nkasi DC,Nkasi Kusini,Ninde,Msamba,134,Mnazi Mmoja Na.6,0.0,0.0,1,0,0,1.4,0.6,2.0,50,2,52,,,,,
Rukwa,Nkasi,Nkasi DC,Nkasi Kusini,Ninde,Msamba,135,Miembeni Na.7,0.0,0.0,1,0,0,1.4,0.6,2.0,50,2,52,,,,,
Rukwa,Nkasi,Nkasi DC,Nkasi Kusini,Ninde,Msamba,136,Kalungu Na.9,0.0,0.0,1,0,0,1.4,0.6,2.0,50,2,52,,,,,
Rukwa,Nkasi,Nkasi DC,Nkasi Kusini,Ninde,Msamba,137,Mpunda Na. 2,0.0,0.0,1,0,0,1.4,0.6,2.0,50,2,52,,,,,
Rukwa,Nkasi,Nkasi DC,Nkasi Kusini,Ninde,Msamba,138,Kanisani Na.5,0.0,0.0,1,0,0,1.4,0.6,2.0,50,2,52,,,,,
Rukwa,Nkasi,Nkasi DC,Nkasi Kusini,Kala,Kala,139,Jitegemee,0.0,0.0,1,1,0,1.4,0.6,2.0,50,2,52,,,,,
Rukwa,Nkasi,Nkasi DC,Nkasi Kusini,Kala,Kala,140,Mkulima,0.0,0.0,1,0,0,1.4,0.6,2.0,50,2,52,,,,,
Rukwa,Nkasi,Nkasi DC,Nkasi Kusini,Kala,Kala,141,Kuchi,0.0,0.0,1,0,0,1.4,0.6,2.0,50,2,52,,,,,
Rukwa,Nkasi,Nkasi DC,Nkasi Kusini,Kala,Kala,142,Amani,0.0,0.0,1,0,0,1.4,0.6,2.0,50,2,52,,,,,
Rukwa,Nkasi,Nkasi DC,Nkasi Kusini,Kala,Kala,143,Mnazi Mmoja,0.0,0.0,1,0,0,1.4,0.6,2.0,50,2,52,,,,,
Rukwa,Nkasi,Nkasi DC,Nkasi Kusini,Kala,Kala,144,Azimio,0.0,0.0,1,0,0,1.4,0.6,2.0,50,2,52,,,,,
Rukwa,Nkasi,Nkasi DC,Nkasi Kusini,Kala,Kala,145,Mandela,0.0,0.0,1,0,0,1.4,0.6,2.0,50,2,52,,,,,
Rukwa,Nkasi,Nkasi DC,Nkasi Kusini,Kala,Kala,146,Muungano,0.0,0.0,1,0,0,1.4,0.6,2.0,50,2,52,,,,,
Rukwa,Nkasi,Nkasi DC,Nkasi Kusini,Kala,Kala,147,Mwembechai,0.0,0.0,1,0,0,1.4,0.6,2.0,50,2,52,,,,,
Rukwa,Nkasi,Nkasi DC,Nkasi Kusini,Kala,Mpasa,148,Lebanoni,0.0,0.0,1,1,0,1.4,0.6,2.0,50,2,52,,,,,
Rukwa,Nkasi,Nkasi DC,Nkasi Kusini,Kala,Mpasa,149,Mwenge ,0.0,0.0,1,0,0,1.4,0.6,2.0,50,2,52,,,,,
Rukwa,Nkasi,Nkasi DC,Nkasi Kusini,Kala,Mpasa,150,Jitegemee,0.0,0.0,1,0,0,1.4,0.6,2.0,50,2,52,,,,,
Rukwa,Nkasi,Nkasi DC,Nkasi Kusini,Kala,Mpasa,151,Legeza Mwendo,0.0,0.0,1,0,0,1.4,0.6,2.0,50,2,52,,,,,
Rukwa,Nkasi,Nkasi DC,Nkasi Kusini,Kala,Mpasa,152,Kilimahewa,0.0,0.0,1,0,0,1.4,0.6,2.0,50,2,52,,,,,
Rukwa,Nkasi,Nkasi DC,Nkasi Kusini,Kala,Mpasa,153,Muungano,0.0,0.0,1,0,0,1.4,0.6,2.0,50,2,52,,,,,
Rukwa,Nkasi,Nkasi DC,Nkasi Kusini,Kala,Mpasa,154,Azimio,0.0,0.0,1,0,0,1.4,0.6,2.0,50,2,52,,,,,
Rukwa,Nkasi,Nkasi DC,Nkasi Kusini,Kala,Mpasa,155,"Mlomba ""A""",0.0,0.0,1,0,0,1.4,0.6,2.0,50,2,52,,,,,
Rukwa,Nkasi,Nkasi DC,Nkasi Kusini,Kala,Mpasa,156,"Mlomba ""B""",0.0,0.0,1,0,0,1.4,0.6,2.0,50,2,52,,,,,
Rukwa,Nkasi,Nkasi DC,Nkasi Kusini,Kala,Kilambo ,157,Ipinga,0.0,0.0,1,1,0,1.4,0.6,2.0,50,2,52,,,,,
Rukwa,Nkasi,Nkasi DC,Nkasi Kusini,Kala,Kilambo ,158,Songambele,0.0,0.0,1,0,0,1.4,0.6,2.0,50,2,52,,,,,
Rukwa,Nkasi,Nkasi DC,Nkasi Kusini,Kala,Kilambo ,159,Kangala,0.0,0.0,1,0,0,1.4,0.6,2.0,50,2,52,,,,,
Rukwa,Nkasi,Nkasi DC,Nkasi Kusini,Kala,Kilambo ,160,Mtakuja,0.0,0.0,1,0,0,1.4,0.6,2.0,50,2,52,,,,,
Rukwa,Nkasi,Nkasi DC,Nkasi Kusini,Kala,Kilambo ,161,Kaumba,0.0,0.0,1,0,0,1.4,0.6,2.0,50,2,52,,,,,
Rukwa,Nkasi,Nkasi DC,Nkasi Kusini,Kala,Mlambo,162,Kilangala,0.0,0.0,1,1,0,1.4,0.6,2.0,50,2,52,,,,,
Rukwa,Nkasi,Nkasi DC,Nkasi Kusini,Kala,Mlambo,163,Maweni,0.0,0.0,1,0,0,1.4,0.6,2.0,50,2,52,,,,,
Rukwa,Nkasi,Nkasi DC,Nkasi Kusini,Kala,Mlambo,164,Kaloleni,0.0,0.0,1,0,0,1.4,0.6,2.0,50,2,52,,,,,
Rukwa,Nkasi,Nkasi DC,Nkasi Kusini,Kala,Mlambo,165,Muungano,0.0,0.0,1,0,0,1.4,0.6,2.0,50,2,52,,,,,
Rukwa,Nkasi,Nkasi DC,Nkasi Kusini,Kala,Mlambo,166,Mtapenda,0.0,0.0,1,0,0,1.4,0.6,2.0,50,2,52,,,,,
Rukwa,Nkasi,Nkasi DC,Nkasi Kusini,Kala,Tundu,167,Nankambwe,0.0,0.0,1,1,0,1.4,0.6,2.0,50,2,52,,,,,
Rukwa,Nkasi,Nkasi DC,Nkasi Kusini,Kala,Tundu,168,Mchima,0.0,0.0,1,0,0,1.4,0.6,2.0,50,2,52,,,,,
Rukwa,Nkasi,Nkasi DC,Nkasi Kusini,Kala,Tundu,169,Miembeni,0.0,0.0,1,0,0,1.4,0.6,2.0,50,2,52,,,,,
Rukwa,Nkasi,Nkasi DC,Nkasi Kusini,Kala,Tundu,170,Kasekwa,0.0,0.0,1,0,0,1.4,0.6,2.0,50,2,52,,,,,
Rukwa,Nkasi,Nkasi DC,Nkasi Kusini,Kala,Tundu,171,Itetemya,0.0,0.0,1,0,0,1.4,0.6,2.0,50,2,52,,,,,
Rukwa,Nkasi,Nkasi DC,Nkasi Kaskazini,Mkwamba ,Tundu,172,Chatindu,0.0,0.0,1,0,0,1.4,0.6,2.0,50,2,52,,,,,
Rukwa,Nkasi,Nkasi DC,Nkasi Kaskazini,Mkwamba ,Tambaruka,173,Sopa A,0.0,0.0,1,0,0,1.4,0.6,2.0,50,2,52,,,,,
Rukwa,Nkasi,Nkasi DC,Nkasi Kaskazini,Mkwamba ,Tambaruka,174,Sopa B,0.0,0.0,1,0,0,1.4,0.6,2.0,50,2,52,,,,,
Rukwa,Nkasi,Nkasi DC,Nkasi Kaskazini,Mkwamba ,Tambaruka,175,Majengo A,0.0,0.0,1,0,0,1.4,0.6,2.0,50,2,52,,,,,
Rukwa,Nkasi,Nkasi DC,Nkasi Kaskazini,Mkwamba ,Tambaruka,176,Kasemwa,0.0,0.0,1,0,0,1.4,0.6,2.0,50,2,52,,,,,
Rukwa,Nkasi,Nkasi DC,Nkasi Kaskazini,Isale,Ntuchi Kusini,177,Kijiweni,0.0,0.0,1,0,0,1.4,0.6,2.0,50,2,52,,,,,
Rukwa,Nkasi,Nkasi DC,Nkasi Kaskazini,Isale,Ntuchi Kusini,178,Nakulaka,0.0,0.0,1,0,0,1.4,0.6,2.0,50,2,52,,,,,
Rukwa,Nkasi,Nkasi DC,Nkasi Kaskazini,Isale,Ntuchi Kusini,179,Kisumba,0.0,0.0,1,0,0,1.4,0.6,2.0,50,2,52,,,,,
Rukwa,Nkasi,Nkasi DC,Nkasi Kaskazini,Isale,Kitosi,180,Kandale,0.0,0.0,1,1,0,1.4,0.6,2.0,50,2,52,,,,,
Rukwa,Nkasi,Nkasi DC,Nkasi Kaskazini,Isale,Kitosi,181,Sendo,0.0,0.0,1,0,0,1.4,0.6,2.0,50,2,52,,,,,
Rukwa,Nkasi,Nkasi DC,Nkasi Kaskazini,Isale,Ifundwa,182,Ifundwa B,0.0,0.0,1,0,0,1.4,0.6,2.0,50,2,52,,,,,
Rukwa,Nkasi,Nkasi DC,Nkasi Kaskazini,Isale,Ifundwa,183,Ifundwa A,0.0,0.0,1,0,0,1.4,0.6,2.0,50,2,52,,,,,
Rukwa,Nkasi,Nkasi DC,Nkasi Kaskazini,Isale,Ifundwa,184,Kalemasha A,0.0,0.0,1,0,0,1.4,0.6,2.0,50,2,52,,,,,
Rukwa,Nkasi,Nkasi DC,Nkasi Kaskazini,Isale,Ifundwa,185,Kalemasha B,0.0,0.0,1,0,0,1.4,0.6,2.0,50,2,52,,,,,
Rukwa,Nkasi,Nkasi DC,Nkasi Kaskazini,Kirando,Mpata ,186,Myenge ,0.0,0.0,1,0,0,1.4,0.6,2.0,50,2,52,,,,,
Rukwa,Nkasi,Nkasi DC,Nkasi Kaskazini,Kirando,Mpata ,187,Ngenya ,0.0,0.0,1,0,0,1.4,0.6,2.0,50,2,52,,,,,
Rukwa,Nkasi,Nkasi DC,Nkasi Kaskazini,Kirando,Kichangani     ,188,Kasimbo,0.0,0.0,1,0,0,1.4,0.6,2.0,50,2,52,,,,,
Rukwa,Nkasi,Nkasi DC,Nkasi Kaskazini,Itete,Chongokatete,189,Mswa,0.0,0.0,1,0,0,1.4,0.6,2.0,50,2,52,,,,,
Rukwa,Nkasi,Nkasi DC,Nkasi Kaskazini,Itete,Chongokatete,190,Kaloli,0.0,0.0,1,0,0,1.4,0.6,2.0,50,2,52,,,,,
Rukwa,Nkasi,Nkasi DC,Nkasi Kaskazini,Itete,Chongokatete,191,Sumbwa,0.0,0.0,1,0,0,1.4,0.6,2.0,50,2,52,,,,,
Rukwa,Nkasi,Nkasi DC,Nkasi Kaskazini,Itete,Chongokatete,192,Mrembwe Mjini,0.0,0.0,1,0,0,1.4,0.6,2.0,50,2,52,,,,,
Rukwa,Nkasi,Nkasi DC,Nkasi Kaskazini,Itete,Chongokatete,193,Mrembwe Shambani,0.0,0.0,1,0,0,1.4,0.6,2.0,50,2,52,,,,,
Rukwa,Nkasi,Nkasi DC,Nkasi Kaskazini,Itete,Chongokatete,194,Kasola,0.0,0.0,1,0,0,1.4,0.6,2.0,50,2,52,,,,,
Rukwa,Nkasi,Nkasi DC,Nkasi Kaskazini,Itete,Chongokatete,195,Chongo,0.0,0.0,1,0,0,1.4,0.6,2.0,50,2,52,,,,,
Rukwa,Nkasi,Nkasi DC,Nkasi Kaskazini,Itete,Chongokatete,196,Kasapa,0.0,0.0,1,0,0,1.4,0.6,2.0,50,2,52,,,,,
Rukwa,Nkasi,Nkasi DC,Nkasi Kaskazini,Kipili,Chongokatete,197,Kipoma,0.0,0.0,1,0,0,1.4,0.6,2.0,50,2,52,,,,,
Rukwa,Nkasi,Nkasi DC,Nkasi Kaskazini,Mkinga,Uhuru,198,Isitwa,0.0,0.0,1,0,0,1.4,0.6,2.0,50,2,52,,,,,
Rukwa,Nkasi,Nkasi DC,Nkasi Kaskazini,Mkinga,Uhuru,199,Mandaulwile,0.0,0.0,1,0,0,1.4,0.6,2.0,50,2,52,,,,,
Rukwa,Nkasi,Nkasi DC,Nkasi Kaskazini,Mkinga,Uhuru,200,Lupita,0.0,0.0,1,0,0,1.4,0.6,2.0,50,2,52,,,,,
Rukwa,Nkasi,Nkasi DC,Nkasi Kaskazini,Mkinga,Uhuru,201,Itompe,0.0,0.0,1,0,0,1.4,0.6,2.0,50,2,52,,,,,
Rukwa,Nkasi,Nkasi DC,Nkasi Kaskazini,Korongwe,Bumanda,202,Bumanda Ziwani,0.0,0.0,1,0,0,1.4,0.6,2.0,50,2,52,,,,,
Rukwa,Nkasi,Nkasi DC,Nkasi Kaskazini,Korongwe,Bumanda,203,Bumanda Mlimani,0.0,0.0,1,0,0,1.4,0.6,2.0,50,2,52,,,,,
Rukwa,Nkasi,Nkasi DC,Nkasi Kaskazini,Korongwe,Bumanda,204,Kalasi,0.0,0.0,1,0,0,1.4,0.6,2.0,50,2,52,,,,,
Rukwa,Nkasi,Nkasi DC,Nkasi Kaskazini,Korongwe,Isaba,205,Mnazi Mmoja,0.0,0.0,1,0,0,1.4,0.6,2.0,50,2,52,,,,,
Rukwa,Nkasi,Nkasi DC,Nkasi Kaskazini,Korongwe,Isaba,206,Isaba,0.0,0.0,1,0,0,1.4,0.6,2.0,50,2,52,,,,,
Rukwa,Nkasi,Nkasi DC,Nkasi Kaskazini,Korongwe,Isaba,207,Rasini,0.0,0.0,1,0,0,1.4,0.6,2.0,50,2,52,,,,,
Rukwa,Nkasi,Nkasi DC,Nkasi Kaskazini,Kabwe,Isaba,208,Kitongoji  Na.2,0.0,0.0,1,0,0,1.4,0.6,2.0,50,2,52,,,,,
Rukwa,Nkasi,Nkasi DC,Nkasi Kaskazini,Kabwe,Isaba,209,Kitongoji Na.3,0.0,0.0,1,0,0,1.4,0.6,2.0,50,2,52,,,,,
Rukwa,Nkasi,Nkasi DC,Nkasi Kaskazini,Kabwe,Isaba,210,Kitongoji Na.4,0.0,0.0,1,0,0,1.4,0.6,2.0,50,2,52,,,,,
Rukwa,Nkasi,Nkasi DC,Nkasi Kaskazini,Kabwe,Kabwe Camp,211,Kitongoji Na.9,0.0,0.0,1,0,0,1.4,0.6,2.0,50,2,52,,,,,
Rukwa,Nkasi,Nkasi DC,Nkasi Kaskazini,Kabwe,Kabwe Camp,212,Kitongoji Na.11,0.0,0.0,1,0,0,1.4,0.6,2.0,50,2,52,,,,,
Rukwa,Nkasi,Nkasi DC,Nkasi Kaskazini,Kabwe,Kabwe Camp,213,Kitongoji Na.12,0.0,0.0,1,0,0,1.4,0.6,2.0,50,2,52,,,,,
Rukwa,Nkasi,Nkasi DC,Nkasi Kaskazini,Kabwe,Mkombe,214,Mnazi Mmoja,0.0,0.0,1,0,0,1.4,0.6,2.0,50,2,52,,,,,
Rukwa,Nkasi,Nkasi DC,Nkasi Kaskazini,Kabwe,Mkombe,215,Majengo,0.0,0.0,1,0,0,1.4,0.6,2.0,50,2,52,,,,,
Rukwa,Nkasi,Nkasi DC,Nkasi Kaskazini,Kabwe,Mkombe,216,Mtukula,0.0,0.0,1,0,0,1.4,0.6,2.0,50,2,52,,,,,
Rukwa,Nkasi,Nkasi DC,Nkasi Kaskazini,Kabwe,Mkombe,217,Ipingira,0.0,0.0,1,0,0,1.4,0.6,2.0,50,2,52,,,,,
Rukwa,Nkasi,Nkasi DC,Nkasi Kaskazini,Kabwe,Mkombe,218,Mwembeni,0.0,0.0,1,0,0,1.4,0.6,2.0,50,2,52,,,,,
JUMLA NDOGO,,,,,,218,,0.0,13.3,218,29,0,305.2,130.8,436.0,"10,900",436,"11,336",0,0,0,0,0
TOTAL ,,,,,,830,,0.0,444.0,831,44,0,"1,163.4",498.6,"1,663.3","48,687","2,538","51,225",,,,,
