MKOA WA SONGWE,,,,,,,,Scope of works,,,,,,,,,,
,,,,,,,,,,,,,,,,,,
,,,,,,,,Medium Voltage Line (Km),,Distribution Transformer (kVA),,,LV (km),,,Customers,,
Mkoa,Wilaya,Halmashauri,Jimbo,Kata,Kijiji,Na,Kitongoji,11kV,33kV,50,100,200,4x95 sq.mm,4x50 sq.mm,LV Total (km),Single Phase,Three Phase,Total
Songwe,Ileje,Ileje DC,Ileje,Bupigu ,Bupigu,1,Lubemba,,1.6,1,0,,1.4,0.6,2.0,50,2,52
Songwe,Ileje,Ileje DC,Ileje,Bupigu ,Bupigu,2,Mwati,,0.0,1,0,,1.4,0.6,2.0,50,2,52
Songwe,Ileje,Ileje DC,Ileje,Bupigu ,Bupigu,3,Itenje,,0.0,1,0,,1.4,0.6,2.0,50,2,52
Songwe,Ileje,Ileje DC,Ileje,Bupigu ,Bupigu,4,Ilambi,,1.5,1,0,,1.4,0.6,2.0,50,2,52
Songwe,Ileje,Ileje DC,Ileje,Bupigu ,Bupigu,5,Chongo,,2.0,1,0,,1.4,0.6,2.0,50,2,52
Songwe,Ileje,Ileje DC,Ileje,Bupigu ,Ibungu,6,Ilebelo,,0.0,1,0,,1.4,0.6,2.0,50,2,52
Songwe,Ileje,Ileje DC,Ileje,Bupigu ,Ibungu,7,Mbalula,,4.0,1,0,,1.4,0.6,2.0,50,2,52
Songwe,Ileje,Ileje DC,Ileje,Bupigu ,Ibungu,8,Lubanda,,2.0,1,0,,1.4,0.6,2.0,50,2,52
Songwe,Ileje,Ileje DC,Ileje,Bupigu ,Chabu,9,Lupando,,9.0,1,0,,1.4,0.6,2.0,50,2,52
Songwe,Ileje,Ileje DC,Ileje,Bupigu ,Chabu,10,Ikombe,,0.3,1,0,,1.4,0.6,2.0,50,2,52
Songwe,Ileje,Ileje DC,Ileje,Bupigu ,Chabu,11,Mangwina,,4.0,1,0,,1.4,0.6,2.0,50,2,52
Songwe,Ileje,Ileje DC,Ileje,Bupigu ,Chabu,12,Isimike,,0.0,1,0,,1.4,0.6,2.0,50,2,52
Songwe,Ileje,Ileje DC,Ileje,Bupigu ,Mabula,13,Mbangala,,1.0,1,0,,1.4,0.6,2.0,50,2,52
Songwe,Ileje,Ileje DC,Ileje,Bupigu ,Mabula,14,Chipupwa,,3.2,1,0,,1.4,0.6,2.0,50,2,52
Songwe,Ileje,Ileje DC,Ileje,Bupigu ,Mabula,15,Ndima,,1.3,1,0,,1.4,0.6,2.0,50,2,52
Songwe,Ileje,Ileje DC,Ileje,Bupigu ,Mabula,16,Luli,,2.5,1,0,,1.4,0.6,2.0,50,2,52
Songwe,Ileje,Ileje DC,Ileje,Chitete,Ikumbilo,17,Magereza,,0.5,1,0,,1.4,0.6,2.0,50,2,52
Songwe,Ileje,Ileje DC,Ileje,Chitete,Ikumbilo,18,Kawama,,2.3,1,0,,1.4,0.6,2.0,50,2,52
Songwe,Ileje,Ileje DC,Ileje,Chitete,Ikumbilo,19,Navilolo,,1.9,1,0,,1.4,0.6,2.0,50,2,52
Songwe,Ileje,Ileje DC,Ileje,Chitete,Chitete,20,Majengo,,0.9,1,0,,1.4,0.6,2.0,50,2,52
Songwe,Ileje,Ileje DC,Ileje,Chitete,Chitete,21,Ibana,,0.0,1,0,,1.4,0.6,2.0,50,2,52
Songwe,Ileje,Ileje DC,Ileje,Chitete,Chitete,22,Bulanga,,2.0,1,0,,1.4,0.6,2.0,50,2,52
Songwe,Ileje,Ileje DC,Ileje,Chitete,Chitete,23,Lusungojuu,,2.0,1,0,,1.4,0.6,2.0,50,2,52
Songwe,Ileje,Ileje DC,Ileje,Chitete,Msia,24,Isundambwa,,0.2,1,0,,1.4,0.6,2.0,50,2,52
Songwe,Ileje,Ileje DC,Ileje,Chitete,Ntembo,25,Lusenga,,1.5,1,0,,1.4,0.6,2.0,50,2,52
Songwe,Ileje,Ileje DC,Ileje,Chitete,Ntembo,26,Majengo,,1.5,1,0,,1.4,0.6,2.0,50,2,52
Songwe,Ileje,Ileje DC,Ileje,Isongole,Isongole,27,Igunda,,1.0,1,0,,1.4,0.6,2.0,50,2,52
Songwe,Ileje,Ileje DC,Ileje,Isongole,Isongole,28,Mbenzu,,0.0,1,0,,1.4,0.6,2.0,50,2,52
Songwe,Ileje,Ileje DC,Ileje,Isongole,Ilulu,29,Ipunga,,1.3,1,0,,1.4,0.6,2.0,50,2,52
Songwe,Ileje,Ileje DC,Ileje,Isongole,Ilulu,30,Chiteka b,,0.4,1,0,,1.4,0.6,2.0,50,2,52
Songwe,Ileje,Ileje DC,Ileje,Isongole,Ilulu,31,Chipya,,0.5,1,0,,1.4,0.6,2.0,50,2,52
Songwe,Ileje,Ileje DC,Ileje,Mbebe,Mbebe,32,Nalwenda,,2.5,1,0,,1.4,0.6,2.0,50,2,52
Songwe,Ileje,Ileje DC,Ileje,Mbebe,Mapogoro,33,Mapogoro,,0.0,1,0,,1.4,0.6,2.0,50,2,52
Songwe,Ileje,Ileje DC,Ileje,Mbebe,Mapogoro,34,Namalongola,,1.5,1,0,,1.4,0.6,2.0,50,2,52
Songwe,Ileje,Ileje DC,Ileje,Mbebe,Mapogoro,35,Nambunda,,2.3,1,0,,1.4,0.6,2.0,50,2,52
Songwe,Ileje,Ileje DC,Ileje,Mbebe,Mapogoro,36,Ndendo,,0.0,1,0,,1.4,0.6,2.0,50,2,52
Songwe,Ileje,Ileje DC,Ileje,Mbebe,Mapogoro,37,Hasongwa,,3.9,1,0,,1.4,0.6,2.0,50,2,52
Songwe,Ileje,Ileje DC,Ileje,Mbebe,Mtima,38,Msanga,,2.7,1,0,,1.4,0.6,2.0,50,2,52
Songwe,Ileje,Ileje DC,Ileje,Ibaba,Shuba,39,Ilufi A,,1.5,1,0,,1.4,0.6,2.0,50,2,52
Songwe,Ileje,Ileje DC,Ileje,Ibaba,Shuba,40,Mwati,,2.0,1,0,,1.4,0.6,2.0,50,2,52
Songwe,Ileje,Ileje DC,Ileje,Ibaba,Shuba,41,Shuba B,,1.0,1,0,,1.4,0.6,2.0,50,2,52
Songwe,Ileje,Ileje DC,Ileje,Ibaba,Shuba,42,Ilumba,,1.3,1,0,,1.4,0.6,2.0,50,2,52
Songwe,Ileje,Ileje DC,Ileje,Ibaba,Sheyo,43,Ipoloto,,1.2,1,0,,1.4,0.6,2.0,50,2,52
Songwe,Ileje,Ileje DC,Ileje,Ibaba,Sheyo,44,Sheyo,,0.0,1,0,,1.4,0.6,2.0,50,2,52
Songwe,Ileje,Ileje DC,Ileje,Ibaba,Sheyo,45,Shiliba,,2.5,1,0,,1.4,0.6,2.0,50,2,52
Songwe,Ileje,Ileje DC,Ileje,Ibaba,Sheyo,46,Sumbi,,7.6,1,0,,1.4,0.6,2.0,50,2,52
Songwe,Ileje,Ileje DC,Ileje,Ibaba,Ibaba,47,Kabwe,,1.0,1,0,,1.4,0.6,2.0,50,2,52
Songwe,Ileje,Ileje DC,Ileje,Ibaba,Ibaba,48,Ilola,,1.7,1,0,,1.4,0.6,2.0,50,2,52
Songwe,Ileje,Ileje DC,Ileje,Ibaba,Ibaba,49,Ijigima,,0.0,1,0,,1.4,0.6,2.0,50,2,
Songwe,Ileje,Ileje DC,Ileje,Ibaba,Lali,50,Mbigili,,0.4,1,0,,1.4,0.6,2.0,50,2,52
Songwe,Ileje,Ileje DC,Ileje,Ibaba,Lali,51,Ndugwe,,3.6,1,0,,1.4,0.6,2.0,50,2,52
Songwe,Ileje,Ileje DC,Ileje,Ibaba,Lali,52,Masoko,,1.5,1,0,,1.4,0.6,2.0,50,2,52
Songwe,Ileje,Ileje DC,Ileje,Ibaba,Lali,53,Itukute,,1.0,1,0,,1.4,0.6,2.0,50,2,52
Songwe,Ileje,Ileje DC,Ileje,Ibaba,Shikunga,54,Mapole,,0.0,1,0,,1.4,0.6,2.0,50,2,52
Songwe,Ileje,Ileje DC,Ileje,Ibaba,Shikunga,55,Iyungwe,,0.0,1,0,,1.4,0.6,2.0,50,2,52
Songwe,Ileje,Ileje DC,Ileje,Ibaba,Shikunga,56,Kawetele,,0.7,1,0,,1.4,0.6,2.0,50,2,52
Songwe,Ileje,Ileje DC,Ileje,Ibaba,Shikunga,57,Senjele,,3.0,1,0,,1.4,0.6,2.0,50,2,52
Songwe,Ileje,Ileje DC,Ileje,Ibaba,Shikunga,58,Kalulushi,,0.0,1,0,,1.4,0.6,2.0,50,2,52
Songwe,Ileje,Ileje DC,Ileje,Itale,Itega,59,Kafule,,0.5,1,0,,1.4,0.6,2.0,50,2,52
Songwe,Ileje,Ileje DC,Ileje,Itale,Itega,60,Sampembe,,1.0,1,0,,1.4,0.6,2.0,50,2,52
Songwe,Ileje,Ileje DC,Ileje,Itale,Itega,61,Shiya,,0.2,1,0,,1.4,0.6,2.0,50,2,52
Songwe,Ileje,Ileje DC,Ileje,Itale,Itega,62,Isanga,,2.0,1,0,,1.4,0.6,2.0,50,2,52
Songwe,Ileje,Ileje DC,Ileje,Itale,Itale,63,Mpande A,,0.0,1,0,,1.4,0.6,2.0,50,2,52
Songwe,Ileje,Ileje DC,Ileje,Itale,Itale,64,Kabwe,,0.0,1,0,,1.4,0.6,2.0,50,2,52
Songwe,Ileje,Ileje DC,Ileje,Itale,Itale,65,Ijembe,,6.2,1,0,,1.4,0.6,2.0,50,2,52
Songwe,Ileje,Ileje DC,Ileje,Itale,Itale,66,Ilomba,,2.0,1,0,,1.4,0.6,2.0,50,2,52
Songwe,Ileje,Ileje DC,Ileje,Itale,Itale,67,Katete,,3.0,1,0,,1.4,0.6,2.0,50,2,52
Songwe,Ileje,Ileje DC,Ileje,Itale,Itale,68,Wimi,,0.1,1,0,,1.4,0.6,2.0,50,2,52
Songwe,Ileje,Ileje DC,Ileje,Itale,Iwala,69,Mela A,,0.1,1,0,,1.4,0.6,2.0,50,2,52
Songwe,Ileje,Ileje DC,Ileje,Itale,Iwala,70,Iwala B,,0.1,1,0,,1.4,0.6,2.0,50,2,52
Songwe,Ileje,Ileje DC,Ileje,Itale,Iwala,71,Haduya,,0.0,1,0,,1.4,0.6,2.0,50,2,52
Songwe,Ileje,Ileje DC,Ileje,Itale,Iwala,72,Meta,,0.4,1,0,,1.4,0.6,2.0,50,2,52
Songwe,Ileje,Ileje DC,Ileje,Itale,Iwala,73,Ibubi,,0.0,1,0,,1.4,0.6,2.0,50,2,52
Songwe,Ileje,Ileje DC,Ileje,Itale,Ishinga,74,Ishimbila,,2.1,1,0,,1.4,0.6,2.0,50,2,52
Songwe,Ileje,Ileje DC,Ileje,Itale,Ishinga,75,Mselema,,0.0,1,0,,1.4,0.6,2.0,50,2,52
Songwe,Ileje,Ileje DC,Ileje,Itumba,Itumba,76,Chibanje,,2.4,1,0,,1.4,0.6,2.0,50,2,52
Songwe,Ileje,Ileje DC,Ileje,Itumba,Itumba,77,Namangoni,,0.5,1,0,,1.4,0.6,2.0,50,2,52
Songwe,Ileje,Ileje DC,Ileje,Itumba,Itumba,78,Nkanka,,2.6,1,0,,1.4,0.6,2.0,50,2,52
Songwe,Ileje,Ileje DC,Ileje,Itumba,Itumba,79,Chobwe,,3.0,1,0,,1.4,0.6,2.0,50,2,52
Songwe,Ileje,Ileje DC,Ileje,Itumba,Yenzebwe,80,Nyinza,,2.1,1,0,,1.4,0.6,2.0,50,2,52
Songwe,Ileje,Ileje DC,Ileje,Itumba,Yenzebwe,81,Bulenje,,1.5,1,0,,1.4,0.6,2.0,50,2,52
Songwe,Ileje,Ileje DC,Ileje,Itumba,Yenzebwe,82,Simbobe,,1.0,1,0,,1.4,0.6,2.0,50,2,52
Songwe,Ileje,Ileje DC,Ileje,Itumba,Yenzebwe,83,Mpembe,,2.0,1,0,,1.4,0.6,2.0,50,2,52
Songwe,Ileje,Ileje DC,Ileje,Itumba,Yenzebwe,84,Majengo,,1.6,1,0,,1.4,0.6,2.0,50,2,52
Songwe,Ileje,Ileje DC,Ileje,Itumba,Ilanga,85,Lusungo,,1.2,1,0,,1.4,0.6,2.0,50,2,52
Songwe,Ileje,Ileje DC,Ileje,Itumba,Ilanga,86,Ufipa,,0.0,1,0,,1.4,0.6,2.0,50,2,52
Songwe,Ileje,Ileje DC,Ileje,Itumba,Yuli,87,Hasale,,1.0,1,0,,1.4,0.6,2.0,50,2,52
Songwe,Ileje,Ileje DC,Ileje,Itumba,Yuli,88,Nashipasa,,0.3,1,0,,1.4,0.6,2.0,50,2,52
Songwe,Ileje,Ileje DC,Ileje,Ndola,Ndola,89,Kabulu,,0.9,1,0,,1.4,0.6,2.0,50,2,52
Songwe,Ileje,Ileje DC,Ileje,Ndola,Ndola,90,Ndola,,0.0,1,0,,1.4,0.6,2.0,50,2,52
Songwe,Ileje,Ileje DC,Ileje,Ndola,Ndola,91,Isanga,,0.2,1,0,,1.4,0.6,2.0,50,2,52
Songwe,Ileje,Ileje DC,Ileje,Ndola,Ndola,92,Kaloleni,,5.1,1,0,,1.4,0.6,2.0,50,2,52
Songwe,Ileje,Ileje DC,Ileje,Ndola,Ndola,93,Tunduma,,0.0,1,0,,1.4,0.6,2.0,50,2,52
Songwe,Ileje,Ileje DC,Ileje,Ndola,Ndola,94,Ileya,,0.8,1,0,,1.4,0.6,2.0,50,2,52
Songwe,Ileje,Ileje DC,Ileje,Ndola,Ndola,95,Isagama,,0.3,1,0,,1.4,0.6,2.0,50,2,52
Songwe,Ileje,Ileje DC,Ileje,Ndola,Ishenta,96,Ibututu,,0.3,1,0,,1.4,0.6,2.0,50,2,52
Songwe,Ileje,Ileje DC,Ileje,Ndola,Ishenta,97,Itula,,0.5,1,0,,1.4,0.6,2.0,50,2,52
Songwe,Ileje,Ileje DC,Ileje,Ndola,Ishenta,98,Serenje,,0.0,1,0,,1.4,0.6,2.0,50,2,52
Songwe,Ileje,Ileje DC,Ileje,Ndola,Igumila,99,Ilembo,,4.0,1,0,,1.4,0.6,2.0,50,2,52
Songwe,Ileje,Ileje DC,Ileje,Ndola,Ibezya,100,Ibezya,,0.0,1,0,,1.4,0.6,2.0,50,2,52
Songwe,Ileje,Ileje DC,Ileje,Ndola,Ibezya,101,Ilulu,,0.0,1,0,,1.4,0.6,2.0,50,2,52
Songwe,Ileje,Ileje DC,Ileje,Malangali,Malangali,102,Mlenda,,0.3,1,0,,1.4,0.6,2.0,50,2,52
Songwe,Ileje,Ileje DC,Ileje,Malangali,Malangali,103,Mtema,,0.8,1,0,,1.4,0.6,2.0,50,2,52
Songwe,Ileje,Ileje DC,Ileje,Malangali,Malangali,104,Lubwe,,1.3,1,0,,1.4,0.6,2.0,50,2,52
Songwe,Ileje,Ileje DC,Ileje,Malangali,Malangali,105,Lwage,,0.0,1,0,,1.4,0.6,2.0,50,2,52
Songwe,Ileje,Ileje DC,Ileje,Malangali,Malangali,106,Lubonga,,0.0,1,0,,1.4,0.6,2.0,50,2,52
Songwe,Ileje,Ileje DC,Ileje,Malangali,Malangali,107,Chibuli,,0.5,1,0,,1.4,0.6,2.0,50,2,52
Songwe,Ileje,Ileje DC,Ileje,Malangali,Malangali,108,Ndondela,,1.8,1,0,,1.4,0.6,2.0,50,2,52
Songwe,Ileje,Ileje DC,Ileje,Malangali,Ilondo,109,Ndegula,,2.0,1,0,,1.4,0.6,2.0,50,2,52
Songwe,Ileje,Ileje DC,Ileje,Malangali,Ilondo,110,Igoje,,3.6,1,0,,1.4,0.6,2.0,50,2,52
Songwe,Ileje,Ileje DC,Ileje,Malangali,Ilondo,111,Mlamba,,0.5,1,0,,1.4,0.6,2.0,50,2,52
Songwe,Ileje,Ileje DC,Ileje,Malangali,Bulanga,112,Bulanga,,0.0,1,0,,1.4,0.6,2.0,50,2,52
Songwe,Ileje,Ileje DC,Ileje,Malangali,Bulanga,113,Malangali,,1.6,1,0,,1.4,0.6,2.0,50,2,52
Songwe,Ileje,Ileje DC,Ileje,Kalembo,Kalembo,114,Vuli,,0.0,1,0,,1.4,0.6,2.0,50,2,52
Songwe,Ileje,Ileje DC,Ileje,Kalembo,Kalembo,115,Mkuyu,,0.3,1,0,,1.4,0.6,2.0,50,2,52
Songwe,Ileje,Ileje DC,Ileje,Kalembo,Kalembo,116,Kabale B,,1.0,1,0,,1.4,0.6,2.0,50,2,52
Songwe,Ileje,Ileje DC,Ileje,Kalembo,Mbangala,117,Mbangala A,,0.0,1,0,,1.4,0.6,2.0,50,2,52
Songwe,Ileje,Ileje DC,Ileje,Kalembo,Mbangala,118,Mbagala C,,1.0,1,0,,1.4,0.6,2.0,50,2,52
Songwe,Ileje,Ileje DC,Ileje,Kalembo,Mbangala,119,Swebe,,0.4,1,0,,1.4,0.6,2.0,50,2,52
Songwe,Ileje,Ileje DC,Ileje,Ikinga,Ikinga,120,Lupungu,,2.5,1,0,,1.4,0.6,2.0,50,2,52
Songwe,Ileje,Ileje DC,Ileje,Ikinga,Ikinga,121,Mgeshi,,1.0,1,0,,1.4,0.6,2.0,50,2,52
Songwe,Ileje,Ileje DC,Ileje,Ikinga,Kikota,122,Soka,,4.5,1,0,,1.4,0.6,2.0,50,2,52
Songwe,Ileje,Ileje DC,Ileje,Ikinga,Kikota,123,Kasanga,,3.0,1,0,,1.4,0.6,2.0,50,2,52
Songwe,Ileje,Ileje DC,Ileje,Ikinga,Kikota,124,Ndembo,,1.0,1,0,,1.4,0.6,2.0,50,2,52
Songwe,Ileje,Ileje DC,Ileje,Ikinga,Kikota,125,Minyara,,0.0,1,0,,1.4,0.6,2.0,50,2,52
Songwe,Ileje,Ileje DC,Ileje,Ikinga,Kikota,126,Halale,,0.4,1,0,,1.4,0.6,2.0,50,2,52
Songwe,Ileje,Ileje DC,Ileje,Ikinga,Kapeta,127,Landani,,7.5,1,0,,1.4,0.6,2.0,50,2,52
Songwe,Ileje,Ileje DC,Ileje,Ikinga,Mgaya,128,Lubindu,,2.0,1,0,,1.4,0.6,2.0,50,2,52
Songwe,Ileje,Ileje DC,Ileje,Ikinga,Mgaya,129,Ngele,,1.5,1,0,,1.4,0.6,2.0,50,2,52
Songwe,Ileje,Ileje DC,Ileje,Ikinga,Mgaya,130,Kapanga,,5.4,1,0,,1.4,0.6,2.0,50,2,52
Songwe,Ileje,Ileje DC,Ileje,Ikinga,Mgaya,131,Bufwilo,,0.2,1,0,,1.4,0.6,2.0,50,2,52
Songwe,Ileje,Ileje DC,Ileje,Ikinga,Mgaya,132,Mwalisi,,4.0,1,0,,1.4,0.6,2.0,50,2,52
Songwe,Ileje,Ileje DC,Ileje,Ikinga,Mgaya,133,Mfulu,,8.0,1,0,,1.4,0.6,2.0,50,2,52
Songwe,Ileje,Ileje DC,Ileje,Ngulilo,Ngulilo,134,Ipesi,,3.9,1,0,,1.4,0.6,2.0,50,2,52
Songwe,Ileje,Ileje DC,Ileje,Ngulilo,Ngulilo,135,Mlimba,,0.7,1,0,,1.4,0.6,2.0,50,2,52
Songwe,Ileje,Ileje DC,Ileje,Ngulilo,Ngulilo,136,Chunya,,3.0,1,0,,1.4,0.6,2.0,50,2,52
Songwe,Ileje,Ileje DC,Ileje,Ngulilo,Ngulilo,137,Ibututu,,0.9,1,0,,1.4,0.6,2.0,50,2,52
Songwe,Ileje,Ileje DC,Ileje,Ngulilo,Sapanda,138,Mbepete,,0.0,1,0,,1.4,0.6,2.0,50,2,52
Songwe,Ileje,Ileje DC,Ileje,Ngulilo,Sapanda,139,Ndapwa,,1.0,1,0,,1.4,0.6,2.0,50,2,52
Songwe,Ileje,Ileje DC,Ileje,Ngulugulu,Ngulugulu,140,Ipanda,,5.2,1,0,,1.4,0.6,2.0,50,2,52
Songwe,Ileje,Ileje DC,Ileje,Ngulugulu,Ngulugulu,141,Ngulugulu B,,1.5,1,0,,1.4,0.6,2.0,50,2,52
Songwe,Ileje,Ileje DC,Ileje,Ngulugulu,Ngulugulu,142,Kanyenye,,0.2,1,0,,1.4,0.6,2.0,50,2,52
Songwe,Ileje,Ileje DC,Ileje,Ngulugulu,Ngulugulu,143,Ibindu,,0.3,1,0,,1.4,0.6,2.0,50,2,52
Songwe,Ileje,Ileje DC,Ileje,Ngulugulu,Ngulugulu,144,Ishara A,,3.0,1,0,,1.4,0.6,2.0,50,2,52
Songwe,Ileje,Ileje DC,Ileje,Ngulugulu,Ngulugulu,145,Ishara B,,1.0,1,0,,1.4,0.6,2.0,50,2,52
Songwe,Ileje,Ileje DC,Ileje,Ngulugulu,Ngulugulu,146,Mwakaleli,,1.5,1,0,,1.4,0.6,2.0,50,2,52
Songwe,Ileje,Ileje DC,Ileje,Ngulugulu,Ngulugulu,147,Itembwe,,0.5,1,0,,1.4,0.6,2.0,50,2,52
Songwe,Ileje,Ileje DC,Ileje,Ngulugulu,Ngulugulu,148,Mtete,,0.5,1,0,,1.4,0.6,2.0,50,2,52
Songwe,Ileje,Ileje DC,Ileje,Ngulugulu,Kisyesye,149,Magenge,,2.0,1,0,,1.4,0.6,2.0,50,2,52
Songwe,Ileje,Ileje DC,Ileje,Ngulugulu,Kisyesye,150,Kisyesye,,2.0,1,0,,1.4,0.6,2.0,50,2,52
Songwe,Ileje,Ileje DC,Ileje,Ngulugulu,Kisyesye,151,Mwalubunju,,1.8,1,0,,1.4,0.6,2.0,50,2,52
Songwe,Ileje,Ileje DC,Ileje,Ngulugulu,Kisyesye,152,Kishinga,,2.1,1,0,,1.4,0.6,2.0,50,2,52
Songwe,Ileje,Ileje DC,Ileje,Ngulugulu,Kisyesye,153,Kapugi A,,1.5,1,0,,1.4,0.6,2.0,50,2,52
Songwe,Ileje,Ileje DC,Ileje,Ngulugulu,Kisyesye,154,Kapugi B,,1.5,1,0,,1.4,0.6,2.0,50,2,52
Songwe,Ileje,Ileje DC,Ileje,Ngulugulu,Bufula,155,Kina,,2.0,1,0,,1.4,0.6,2.0,50,2,52
Songwe,Ileje,Ileje DC,Ileje,Ngulugulu,Bufula,156,Chitete,,0.5,1,0,,1.4,0.6,2.0,50,2,52
Songwe,Ileje,Ileje DC,Ileje,Ngulugulu,Bufula,157,Chipwela,,1.2,1,0,,1.4,0.6,2.0,50,2,52
Songwe,Ileje,Ileje DC,Ileje,Ngulugulu,Bwenda,158,Mtambo,,0.5,1,0,,1.4,0.6,2.0,50,2,52
Songwe,Ileje,Ileje DC,Ileje,Ngulugulu,Bwenda,159,Mbasagila,,0.8,1,0,,1.4,0.6,2.0,50,2,52
Songwe,Ileje,Ileje DC,Ileje,Ngulugulu,Mbembati,160,Mbembati,,1.5,1,0,,1.4,0.6,2.0,50,2,52
Songwe,Ileje,Ileje DC,Ileje,Ngulugulu,Mbembati,161,Mkwawa,,1.0,1,0,,1.4,0.6,2.0,50,2,52
Songwe,Ileje,Ileje DC,Ileje,Ngulugulu,Mbembati,162,Ikombela,,0.5,1,0,,1.4,0.6,2.0,50,2,52
Songwe,Ileje,Ileje DC,Ileje,Ngulugulu,Mbembati,163,Ilola,,3.9,1,0,,1.4,0.6,2.0,50,2,52
Songwe,Ileje,Ileje DC,Ileje,Ngulugulu,Chilemba,164,Mabatini,,1.5,1,0,,1.4,0.6,2.0,50,2,52
Songwe,Ileje,Ileje DC,Ileje,Ngulugulu,Chilemba,165,Mlimani,,1.0,1,0,,1.4,0.6,2.0,50,2,52
Songwe,Ileje,Ileje DC,Ileje,Ngulugulu,Chilemba,166,Ibonde,,5.4,1,0,,1.4,0.6,2.0,50,2,52
Songwe,Ileje,Ileje DC,Ileje,Ngulugulu,Chilemba,167,Magamba,,0.0,1,0,,1.4,0.6,2.0,50,2,52
Songwe,Ileje,Ileje DC,Ileje,Ngulugulu,Chilemba,168,Ilundi,,3.0,1,0,,1.4,0.6,2.0,50,2,52
Songwe,Ileje,Ileje DC,Ileje,Kafule,Kapelekesi,169,Kisalala,,2.5,1,0,,1.4,0.6,2.0,50,2,52
Songwe,Ileje,Ileje DC,Ileje,Kafule,Kapelekesi,170,Kasebe,,0.2,1,0,,1.4,0.6,2.0,50,2,
Songwe,Ileje,Ileje DC,Ileje,Kafule,Kapelekesi,171,Mkela,,0.9,1,0,,1.4,0.6,2.0,50,2,52
Songwe,Ileje,Ileje DC,Ileje,Kafule,Kapelekesi,172,Ibole,,0.0,1,0,,1.4,0.6,2.0,50,2,52
Songwe,Ileje,Ileje DC,Ileje,Kafule,Kapelekesi,173,Iteja,,0.0,1,0,,1.4,0.6,2.0,50,2,52
Songwe,Ileje,Ileje DC,Ileje,Kafule,Kapelekesi,174,Isegelo,,1.0,1,0,,1.4,0.6,2.0,50,2,52
Songwe,Ileje,Ileje DC,Ileje,Kafule,Kapelekesi,175,Ilikwa,,2.5,1,0,,1.4,0.6,2.0,50,2,52
Songwe,Ileje,Ileje DC,Ileje,Kafule,Kapelekesi,176,Ikuyu,,0.3,1,0,,1.4,0.6,2.0,50,2,52
Songwe,Ileje,Ileje DC,Ileje,Kafule,Banji,177,Lundo,,0.7,1,0,,1.4,0.6,2.0,50,2,52
Songwe,Ileje,Ileje DC,Ileje,Kafule,Banji,178,Mgofi,,1.1,1,0,,1.4,0.6,2.0,50,2,52
Songwe,Ileje,Ileje DC,Ileje,Luswisi,Luswisi,179,Itamanda,,1.1,1,0,,1.4,0.6,2.0,50,2,52
Songwe,Ileje,Ileje DC,Ileje,Luswisi,Luswisi,180,Mega,,1.0,1,0,,1.4,0.6,2.0,50,2,52
Songwe,Ileje,Ileje DC,Ileje,Luswisi,Luswisi,181,Ibaga,,2.0,1,0,,1.4,0.6,2.0,50,2,52
Songwe,Ileje,Ileje DC,Ileje,Luswisi,Luswisi,182,Ngungulu,,2.0,1,0,,1.4,0.6,2.0,50,2,52
Songwe,Ileje,Ileje DC,Ileje,Luswisi,Luswisi,183,Jibanda,,3.5,1,0,,1.4,0.6,2.0,50,2,52
Songwe,Ileje,Ileje DC,Ileje,Luswisi,Luswisi,184,Mlenge,,0.1,1,0,,1.4,0.6,2.0,50,2,52
Songwe,Ileje,Ileje DC,Ileje,Sange,Sange,185,ITanga,,1.0,1,0,,1.4,0.6,2.0,50,2,52
Songwe,Ileje,Ileje DC,Ileje,Sange,Sange,186,Mwalupaso,,0.8,1,0,,1.4,0.6,2.0,50,2,52
Songwe,Ileje,Ileje DC,Ileje,Sange,Sange,187,Mijuni,,0.3,1,0,,1.4,0.6,2.0,50,2,52
Songwe,Ileje,Ileje DC,Ileje,Sange,Lusalala,188,Itongo,,3.0,1,0,,1.4,0.6,2.0,50,2,52
Songwe,Ileje,Ileje DC,Ileje,Sange,Lusalala,189,Mabwe,,1.5,1,0,,1.4,0.6,2.0,50,2,52
Songwe,Ileje,Ileje DC,Ileje,Sange,Lusalala,190,Mlanga,,0.0,1,0,,1.4,0.6,2.0,50,2,52
Songwe,Ileje,Ileje DC,Ileje,Sange,Lusalala,191,Kaleja,,1.0,1,0,,1.4,0.6,2.0,50,2,52
Songwe,Ileje,Ileje DC,Ileje,Sange,Mswima,192,Mwakajwisha,,0.2,1,0,,1.4,0.6,2.0,50,2,52
Songwe,Ileje,Ileje DC,Ileje,Sange,Mswima,193,Majengo,,0.0,1,0,,1.4,0.6,2.0,50,2,52
Songwe,Ileje,Ileje DC,Ileje,Sange,Mswima,194,Kairo,,1.5,1,0,,1.4,0.6,2.0,50,2,52
 JUMLA NDOGO ,,,,,,194,,0.0,281.2,194,0,0,271.6,116.4,388.0,"9,700",388,"9,984"
Songwe,Mbozi,Mbozi DC,Vwawa,Iyula,Iyula,1,Ileya,,5.0,1,0,,1.4,0.6,2.0,50,2,52
Songwe,Mbozi,Mbozi DC,Vwawa,Iyula,Hatete,2,Mkula,,6.0,1,0,,1.4,0.6,2.0,50,2,52
Songwe,Mbozi,Mbozi DC,Vwawa,Iyula,Hatete,3,Ikuka,,5.9,1,0,,1.4,0.6,2.0,50,2,52
Songwe,Mbozi,Mbozi DC,Vwawa,Iyula,Hatete,4,Santangu,,3.6,1,0,,1.4,0.6,2.0,50,2,52
Songwe,Mbozi,Mbozi DC,Vwawa,Iyula,Iyula B,5,Josho,,2.0,1,0,,1.4,0.6,2.0,50,2,52
Songwe,Mbozi,Mbozi DC,Vwawa,Iyula,Iyula B,6,Itumba,,4.9,1,0,,1.4,0.6,2.0,50,2,52
Songwe,Mbozi,Mbozi DC,Vwawa,Iyula,Ipyana,7,Makao Makuu,,0.0,1,0,,1.4,0.6,2.0,50,2,52
Songwe,Mbozi,Mbozi DC,Vwawa,Iyula,Ipyana,8,Sadamu,,0.0,1,0,,1.4,0.6,2.0,50,2,52
Songwe,Mbozi,Mbozi DC,Vwawa,Iyula,Ipyana,9,Majimoto,,0.0,1,0,,1.4,0.6,2.0,50,2,52
Songwe,Mbozi,Mbozi DC,Vwawa,Iyula,Ipyana,10,Nyembe,,2.5,1,0,,1.4,0.6,2.0,50,2,52
Songwe,Mbozi,Mbozi DC,Vwawa,Iyula,Ipyana,11,Nsanya,,1.2,1,0,,1.4,0.6,2.0,50,2,52
Songwe,Mbozi,Mbozi DC,Vwawa,Iyula,Igale,12,Unyenyembe,,2.0,1,0,,1.4,0.6,2.0,50,2,52
Songwe,Mbozi,Mbozi DC,Vwawa,Iyula,Igale,13,Msia,,0.0,1,0,,1.4,0.6,2.0,50,2,52
Songwe,Mbozi,Mbozi DC,Vwawa,Iyula,Igale,14,Lalasimba,,0.0,1,0,,1.4,0.6,2.0,50,2,52
Songwe,Mbozi,Mbozi DC,Vwawa,Iyula,Idunda,15,Iyalawe,,0.0,1,0,,1.4,0.6,2.0,50,2,52
Songwe,Mbozi,Mbozi DC,Vwawa,Iyula,Idunda,16,Iwezya,,0.8,1,0,,1.4,0.6,2.0,50,2,52
Songwe,Mbozi,Mbozi DC,Vwawa,Iyula,Idunda,17,Nzovu,,1.0,1,0,,1.4,0.6,2.0,50,2,52
Songwe,Mbozi,Mbozi DC,Vwawa,Iyula,Idunda,18,Mpanzi,,3.0,1,0,,1.4,0.6,2.0,50,2,52
Songwe,Mbozi,Mbozi DC,Vwawa,Iyula,Idunda,19,Ipanga,,6.0,1,0,,1.4,0.6,2.0,50,2,52
Songwe,Mbozi,Mbozi DC,Vwawa,Idiwili,Idiwili,20,Nonde A,,0.0,1,0,,1.4,0.6,2.0,50,2,52
Songwe,Mbozi,Mbozi DC,Vwawa,Idiwili,Idiwili,21,Ilindi,,0.0,1,0,,1.4,0.6,2.0,50,2,52
Songwe,Mbozi,Mbozi DC,Vwawa,Idiwili,Idiwili,22,Mimbi,,0.0,1,0,,1.4,0.6,2.0,50,2,52
Songwe,Mbozi,Mbozi DC,Vwawa,Idiwili,Ululu,23,Shiteti,,0.9,1,0,,1.4,0.6,2.0,50,2,52
Songwe,Mbozi,Mbozi DC,Vwawa,Idiwili,Ululu,24,Ihowa,,0.0,1,0,,1.4,0.6,2.0,50,2,52
Songwe,Mbozi,Mbozi DC,Vwawa,Idiwili,Ilomba,25,Huduma,,0.0,1,0,,1.4,0.6,2.0,50,2,52
Songwe,Mbozi,Mbozi DC,Vwawa,Idiwili,Ilomba,26,Ntasye  A,,7.2,1,0,,1.4,0.6,2.0,50,2,52
Songwe,Mbozi,Mbozi DC,Vwawa,Idiwili,Ilomba,27,Shimanga,,1.6,1,0,,1.4,0.6,2.0,50,2,52
Songwe,Mbozi,Mbozi DC,Vwawa,Idiwili,Ilomba,28,Igwila,,6.9,1,0,,1.4,0.6,2.0,50,2,52
Songwe,Mbozi,Mbozi DC,Vwawa,Idiwili,Ilomba,29,Isale,,4.2,1,0,,1.4,0.6,2.0,50,2,52
Songwe,Mbozi,Mbozi DC,Vwawa,Idiwili,Ilomba,30,Navyongo,,0.0,1,0,,1.4,0.6,2.0,50,2,52
Songwe,Mbozi,Mbozi DC,Vwawa,Idiwili,Mafumbo,31,Mantenga,,0.0,1,0,,1.4,0.6,2.0,50,2,52
Songwe,Mbozi,Mbozi DC,Vwawa,Idiwili,Mafumbo,32,Ndola,,0.3,1,0,,1.4,0.6,2.0,50,2,52
Songwe,Mbozi,Mbozi DC,Mbozi,Mahenje,Mahenje,33,Shambwe,,1.5,1,0,,1.4,0.6,2.0,50,2,52
Songwe,Mbozi,Mbozi DC,Mbozi,Mahenje,Mahenje,34,Sele,,1.5,1,0,,1.4,0.6,2.0,50,2,52
Songwe,Mbozi,Mbozi DC,Mbozi,Mahenje,Ichesa,35,Ichesa Kati,,0.0,1,0,,1.4,0.6,2.0,50,2,52
Songwe,Mbozi,Mbozi DC,Mbozi,Mahenje,Ichesa,36,Hatelele,,1.3,1,0,,1.4,0.6,2.0,50,2,52
Songwe,Mbozi,Mbozi DC,Mbozi,Mahenje,Ichesa,37,Upendo,,1.4,1,0,,1.4,0.6,2.0,50,2,52
Songwe,Mbozi,Mbozi DC,Mbozi,Mahenje,Ichesa,38,Maporomoko,,1.2,1,0,,1.4,0.6,2.0,50,2,52
Songwe,Mbozi,Mbozi DC,Mbozi,Mahenje,Ichesa,39,Belu,,0.0,1,0,,1.4,0.6,2.0,50,2,52
Songwe,Mbozi,Mbozi DC,Mbozi,Mahenje,Ichesa,40,Nansyani,,1.7,1,0,,1.4,0.6,2.0,50,2,52
Songwe,Mbozi,Mbozi DC,Mbozi,Mahenje,Mbulu,41,Mbulu Kati,,0.0,1,0,,1.4,0.6,2.0,50,2,52
Songwe,Mbozi,Mbozi DC,Mbozi,Mahenje,Mbulu,42,Iyalawe,,0.0,1,0,,1.4,0.6,2.0,50,2,52
Songwe,Mbozi,Mbozi DC,Mbozi,Mahenje,Mbulu,43,Ilindi,,8.0,1,0,,1.4,0.6,2.0,50,2,52
Songwe,Mbozi,Mbozi DC,Mbozi,Mahenje,Mbulu,44,Isongole,,5.0,1,0,,1.4,0.6,2.0,50,2,52
Songwe,Mbozi,Mbozi DC,Mbozi,Mahenje,Mbulu,45,Hasale,,1.0,1,0,,1.4,0.6,2.0,50,2,52
Songwe,Mbozi,Mbozi DC,Mbozi,Mahenje,Mbulu,46, Ilangali,,0.0,1,0,,1.4,0.6,2.0,50,2,52
Songwe,Mbozi,Mbozi DC,Mbozi,Mahenje,Igunda,47,Nakunguru,,0.5,1,0,,1.4,0.6,2.0,50,2,52
Songwe,Mbozi,Mbozi DC,Mbozi,Mahenje,Igunda,48,Mianzini,,1.0,1,0,,1.4,0.6,2.0,50,2,52
Songwe,Mbozi,Mbozi DC,Mbozi,Mahenje,Igunda,49,Nsekewe,,0.0,1,0,,1.4,0.6,2.0,50,2,52
Songwe,Mbozi,Mbozi DC,Mbozi,Mahenje,Ivugula,50,Shogo Kati,,0.0,1,0,,1.4,0.6,2.0,50,2,52
Songwe,Mbozi,Mbozi DC,Mbozi,Mahenje,Ivugula,51,Mpembe,,0.0,1,0,,1.4,0.6,2.0,50,2,52
Songwe,Mbozi,Mbozi DC,Mbozi,Mahenje,Ivugula,52,Hatete,,2.7,1,0,,1.4,0.6,2.0,50,2,52
Songwe,Mbozi,Mbozi DC,Mbozi,Mahenje,Ivugula,53,Mwandaje,,0.0,1,0,,1.4,0.6,2.0,50,2,52
Songwe,Mbozi,Mbozi DC,Mbozi,Mahenje,Ivugula,54, Ivugula Juu,,3.0,1,0,,1.4,0.6,2.0,50,2,52
Songwe,Mbozi,Mbozi DC,Mbozi,Mahenje,Ivugula,55,Halinga,,1.1,1,0,,1.4,0.6,2.0,50,2,52
Songwe,Mbozi,Mbozi DC,Mbozi,Isansa,Isowezya,56,Iwindi,,0.5,1,0,,1.4,0.6,2.0,50,2,52
Songwe,Mbozi,Mbozi DC,Mbozi,Isansa,Isowezya,57,Nansulu,,2.4,1,0,,1.4,0.6,2.0,50,2,52
Songwe,Mbozi,Mbozi DC,Mbozi,Isansa,Isowezya,58,Luonga,,0.4,1,0,,1.4,0.6,2.0,50,2,52
Songwe,Mbozi,Mbozi DC,Mbozi,Isansa,Isowezya,59,Malenje,,0.0,1,0,,1.4,0.6,2.0,50,2,52
Songwe,Mbozi,Mbozi DC,Mbozi,Isansa,Nansama,60,Usunje,,4.0,1,0,,1.4,0.6,2.0,50,2,52
Songwe,Mbozi,Mbozi DC,Mbozi,Isansa,Nansama,61,Ilanzi,,2.4,1,0,,1.4,0.6,2.0,50,2,52
Songwe,Mbozi,Mbozi DC,Mbozi,Isansa,Nansama,62,Mwanjelwa,,1.6,1,0,,1.4,0.6,2.0,50,2,52
Songwe,Mbozi,Mbozi DC,Mbozi,Isansa,Nansama,63,Msense,,0.0,1,0,,1.4,0.6,2.0,50,2,52
Songwe,Mbozi,Mbozi DC,Mbozi,Isansa,Nansama,64,Nansama Kati B,,0.9,1,0,,1.4,0.6,2.0,50,2,52
Songwe,Mbozi,Mbozi DC,Mbozi,Isansa,Nansama,65,Shitete,,0.0,1,0,,1.4,0.6,2.0,50,2,52
Songwe,Mbozi,Mbozi DC,Mbozi,Isansa,Mpito,66,Mpito Kati A,,0.5,1,0,,1.4,0.6,2.0,50,2,52
Songwe,Mbozi,Mbozi DC,Mbozi,Isansa,Mpito,67,Mbwaji,,1.1,1,0,,1.4,0.6,2.0,50,2,52
Songwe,Mbozi,Mbozi DC,Mbozi,Isansa,Mpito,68,Nsahala,,0.8,1,0,,1.4,0.6,2.0,50,2,52
Songwe,Mbozi,Mbozi DC,Mbozi,Isansa,Mpito,69,Shenje,,0.9,1,0,,1.4,0.6,2.0,50,2,52
Songwe,Mbozi,Mbozi DC,Mbozi,Isansa,Mpito,70,Mpito Kati B,,0.0,1,0,,1.4,0.6,2.0,50,2,52
Songwe,Mbozi,Mbozi DC,Mbozi,Isansa,Mpito,71,Mawe,,2.6,1,0,,1.4,0.6,2.0,50,2,52
Songwe,Mbozi,Mbozi DC,Mbozi,Isansa,Mpito,72,Mseto,,0.0,1,0,,1.4,0.6,2.0,50,2,52
Songwe,Mbozi,Mbozi DC,Mbozi,Isansa,Mpito,73,Hasamba,,1.5,1,0,,1.4,0.6,2.0,50,2,52
Songwe,Mbozi,Mbozi DC,Mbozi,Isansa,Mpito,74,Shuni,,0.5,1,0,,1.4,0.6,2.0,50,2,52
Songwe,Mbozi,Mbozi DC,Mbozi,Isansa,Mpito,75,Masangu,,2.2,1,0,,1.4,0.6,2.0,50,2,52
Songwe,Mbozi,Mbozi DC,Mbozi,Isansa,Iganya,76,Hapenjele,,0.0,1,0,,1.4,0.6,2.0,50,2,52
Songwe,Mbozi,Mbozi DC,Mbozi,Isansa,Iganya,77,Malonji,,4.2,1,0,,1.4,0.6,2.0,50,2,52
Songwe,Mbozi,Mbozi DC,Mbozi,Isansa,Iganya,78,Itipula,,0.9,1,0,,1.4,0.6,2.0,50,2,52
Songwe,Mbozi,Mbozi DC,Mbozi,Isansa,Iganya,79,Siya,,0.0,1,0,,1.4,0.6,2.0,50,2,52
Songwe,Mbozi,Mbozi DC,Mbozi,Isansa,Mtunduru,80,Mtunduru,,0.5,1,0,,1.4,0.6,2.0,50,2,52
Songwe,Mbozi,Mbozi DC,Mbozi,Isansa,Mtunduru,81,Maseda,,2.1,1,0,,1.4,0.6,2.0,50,2,52
Songwe,Mbozi,Mbozi DC,Mbozi,Isansa,Mtunduru,82,Itiliwindi,,2.0,1,0,,1.4,0.6,2.0,50,2,52
Songwe,Mbozi,Mbozi DC,Mbozi,Isansa,Mtunduru,83,Malenje,,3.7,1,0,,1.4,0.6,2.0,50,2,52
Songwe,Mbozi,Mbozi DC,Mbozi,Isansa,Mtunduru,84,Itewe,,1.7,1,0,,1.4,0.6,2.0,50,2,52
Songwe,Mbozi,Mbozi DC,Mbozi,Isansa,Mtunduru,85,Kamficheni,,0.0,1,0,,1.4,0.6,2.0,50,2,52
Songwe,Mbozi,Mbozi DC,Mbozi,Isansa,Mtunduru,86,Bethelehemu,,0.5,1,0,,1.4,0.6,2.0,50,2,52
Songwe,Mbozi,Mbozi DC,Mbozi,Isansa,Mtunduru,87,Ilendela,,0.0,1,0,,1.4,0.6,2.0,50,2,52
Songwe,Mbozi,Mbozi DC,Mbozi,Isansa,Mtunduru,88,Majiwe,,0.0,1,0,,1.4,0.6,2.0,50,2,52
Songwe,Mbozi,Mbozi DC,Mbozi,Isansa,Naurongo,89,Nantongoro,,1.9,1,0,,1.4,0.6,2.0,50,2,52
Songwe,Mbozi,Mbozi DC,Mbozi,Isansa,Naurongo,90,Nantupa,,0.5,1,0,,1.4,0.6,2.0,50,2,52
Songwe,Mbozi,Mbozi DC,Mbozi,Itumpi,Itumpi,91,Iganda,,0.0,1,0,,1.4,0.6,2.0,50,2,52
Songwe,Mbozi,Mbozi DC,Mbozi,Itumpi,Itumpi,92,Iwagamoyo,,0.0,1,0,,1.4,0.6,2.0,50,2,52
Songwe,Mbozi,Mbozi DC,Mbozi,Itumpi,Itumpi,93,Kalenje,,2.7,1,0,,1.4,0.6,2.0,50,2,52
Songwe,Mbozi,Mbozi DC,Mbozi,Itumpi,Itumpi,94,Shilanga,,1.6,1,0,,1.4,0.6,2.0,50,2,52
Songwe,Mbozi,Mbozi DC,Mbozi,Itumpi,Sambawe,95,Iganda,,0.5,1,0,,1.4,0.6,2.0,50,2,52
Songwe,Mbozi,Mbozi DC,Mbozi,Itumpi,Sambawe,96,Iwenje,,0.0,1,0,,1.4,0.6,2.0,50,2,52
Songwe,Mbozi,Mbozi DC,Mbozi,Itumpi,Sambawe,97,Silanga,,1.0,1,0,,1.4,0.6,2.0,50,2,52
Songwe,Mbozi,Mbozi DC,Mbozi,Itumpi,Sambawe,98,Mtakuja,,1.6,1,0,,1.4,0.6,2.0,50,2,52
Songwe,Mbozi,Mbozi DC,Mbozi,Itumpi,Ileya,99,Myomboni,,0.0,1,0,,1.4,0.6,2.0,50,2,52
Songwe,Mbozi,Mbozi DC,Mbozi,Itumpi,Ileya,100,Sejelela,,1.5,1,0,,1.4,0.6,2.0,50,2,52
Songwe,Mbozi,Mbozi DC,Mbozi,Itumpi,Ileya,101,Ulanda,,0.0,1,0,,1.4,0.6,2.0,50,2,52
Songwe,Mbozi,Mbozi DC,Mbozi,Itumpi,Ileya,102,Mlowo,,2.6,1,0,,1.4,0.6,2.0,50,2,52
Songwe,Mbozi,Mbozi DC,Mbozi,Itumpi,Nsenga,103,Itindi,,0.0,1,0,,1.4,0.6,2.0,50,2,52
Songwe,Mbozi,Mbozi DC,Mbozi,Itumpi,Nsenga,104,Konkwe A,,0.5,1,0,,1.4,0.6,2.0,50,2,52
Songwe,Mbozi,Mbozi DC,Mbozi,Itumpi,Nsenga,105,Konkwe B,,2.0,1,0,,1.4,0.6,2.0,50,2,52
Songwe,Mbozi,Mbozi DC,Mbozi,Itumpi,Nsenga,106,Namaninga,,3.0,1,0,,1.4,0.6,2.0,50,2,52
Songwe,Mbozi,Mbozi DC,Mbozi,Itumpi,Iyenga,107,Siji,,4.5,1,0,,1.4,0.6,2.0,50,2,52
Songwe,Mbozi,Mbozi DC,Mbozi,Itumpi,Iyenga,108,Ndezi,,0.0,1,0,,1.4,0.6,2.0,50,2,52
Songwe,Mbozi,Mbozi DC,Mbozi,Itumpi,Iyenga,109,Raha Leo,,2.4,1,0,,1.4,0.6,2.0,50,2,52
Songwe,Mbozi,Mbozi DC,Mbozi,Nambizo,Nkanga,110,Shiloga,,0.5,1,0,,1.4,0.6,2.0,50,2,52
Songwe,Mbozi,Mbozi DC,Mbozi,Nambizo,Nkanga,111,Ipenya,,1.0,1,0,,1.4,0.6,2.0,50,2,52
Songwe,Mbozi,Mbozi DC,Mbozi,Nambizo,Nkanga,112,Sumba Majembe,,1.8,1,0,,1.4,0.6,2.0,50,2,52
Songwe,Mbozi,Mbozi DC,Mbozi,Nambizo,Isenzanya,113,Udonda,,1.8,1,0,,1.4,0.6,2.0,50,2,52
Songwe,Mbozi,Mbozi DC,Mbozi,Nambizo,Isenzanya,114,Usuangala,,0.0,1,0,,1.4,0.6,2.0,50,2,52
Songwe,Mbozi,Mbozi DC,Mbozi,Nambizo,Isenzanya,115,Mkukwe,,0.5,1,0,,1.4,0.6,2.0,50,2,52
Songwe,Mbozi,Mbozi DC,Mbozi,Nambizo,Isenzanya,116,Isenzanya Kati,,0.0,1,0,,1.4,0.6,2.0,50,2,52
Songwe,Mbozi,Mbozi DC,Mbozi,Nambizo,Manyara,117,Patamela,,1.5,1,0,,1.4,0.6,2.0,50,2,52
Songwe,Mbozi,Mbozi DC,Mbozi,Nambizo,Manyara,118,Hazumbi,,1.0,1,0,,1.4,0.6,2.0,50,2,52
Songwe,Mbozi,Mbozi DC,Mbozi,Nambizo,Manyara,119,Upendo,,3.0,1,0,,1.4,0.6,2.0,50,2,52
Songwe,Mbozi,Mbozi DC,Mbozi,Nambizo,Nambizo,120,Mkukwe,,0.5,1,0,,1.4,0.6,2.0,50,2,52
Songwe,Mbozi,Mbozi DC,Mbozi,Nambizo,Nambizo,121,Namanga,,0.5,1,0,,1.4,0.6,2.0,50,2,52
Songwe,Mbozi,Mbozi DC,Mbozi,Nambizo,Nambizo,122,Iwezya,,0.3,1,0,,1.4,0.6,2.0,50,2,52
Songwe,Mbozi,Mbozi DC,Mbozi,Nambizo,Utambalila,123,Mwansapila,,0.0,1,0,,1.4,0.6,2.0,50,2,52
Songwe,Mbozi,Mbozi DC,Mbozi,Nambizo,Utambalila,124,Tendamema,,3.0,1,0,,1.4,0.6,2.0,50,2,52
Songwe,Mbozi,Mbozi DC,Mbozi,Nambizo,Utambalila,125,Magamba,,0.0,1,0,,1.4,0.6,2.0,50,2,52
Songwe,Mbozi,Mbozi DC,Mbozi,Nambizo,Utambalila,126,Ilalangulu,,6.0,1,0,,1.4,0.6,2.0,50,2,52
Songwe,Mbozi,Mbozi DC,Mbozi,Nambizo,Utambalila,127,Manyanya,,0.0,1,0,,1.4,0.6,2.0,50,2,52
Songwe,Mbozi,Mbozi DC,Mbozi,Nambizo,Utambalila,128,Shihando,,1.4,1,0,,1.4,0.6,2.0,50,2,52
Songwe,Mbozi,Mbozi DC,Mbozi,Nambizo,Utambalila,129,Lupango,,0.6,1,0,,1.4,0.6,2.0,50,2,52
Songwe,Mbozi,Mbozi DC,Mbozi,Nambizo,Ipapa,130,Nampanji,,0.0,1,0,,1.4,0.6,2.0,50,2,52
Songwe,Mbozi,Mbozi DC,Mbozi,Nambizo,Ipapa,131,Mantivwana,,0.0,1,0,,1.4,0.6,2.0,50,2,52
Songwe,Mbozi,Mbozi DC,Mbozi,Nambizo,Ipapa,132,Hasale,,4.3,1,0,,1.4,0.6,2.0,50,2,52
Songwe,Mbozi,Mbozi DC,Mbozi,Igamba,Igamba,133,Msuto,,0.0,1,0,,1.4,0.6,2.0,50,2,52
Songwe,Mbozi,Mbozi DC,Mbozi,Igamba,Igamba,134,Itinkinya,,0.7,1,0,,1.4,0.6,2.0,50,2,52
Songwe,Mbozi,Mbozi DC,Mbozi,Igamba,Igamba,135,Kayewa,,2.6,1,0,,1.4,0.6,2.0,50,2,52
Songwe,Mbozi,Mbozi DC,Mbozi,Igamba,Igamba,136,Ndolezi,,1.3,1,0,,1.4,0.6,2.0,50,2,52
Songwe,Mbozi,Mbozi DC,Mbozi,Igamba,Mwanda,137,Ivululu,,0.0,1,0,,1.4,0.6,2.0,50,2,52
Songwe,Mbozi,Mbozi DC,Mbozi,Igamba,Mbuga,138,Mbuga B,,1.1,1,0,,1.4,0.6,2.0,50,2,52
Songwe,Mbozi,Mbozi DC,Mbozi,Igamba,Mbuga,139,Idimi B,,1.0,1,0,,1.4,0.6,2.0,50,2,52
Songwe,Mbozi,Mbozi DC,Mbozi,Igamba,Mbuga,140,Isyalamagazi,,1.0,1,0,,1.4,0.6,2.0,50,2,52
Songwe,Mbozi,Mbozi DC,Mbozi,Igamba,Mbuga,141,Tabora,,1.0,1,0,,1.4,0.6,2.0,50,2,52
Songwe,Mbozi,Mbozi DC,Mbozi,Igamba,Itepula,142,Mwenzo,,2.2,1,0,,1.4,0.6,2.0,50,2,52
Songwe,Mbozi,Mbozi DC,Mbozi,Igamba,Itepula,143,Itewe,,1.8,1,0,,1.4,0.6,2.0,50,2,52
Songwe,Mbozi,Mbozi DC,Mbozi,Igamba,Itepula,144,Mwanda,,0.0,1,0,,1.4,0.6,2.0,50,2,52
Songwe,Mbozi,Mbozi DC,Mbozi,Igamba,Itepula,145,Mpanda Maini,,0.0,1,0,,1.4,0.6,2.0,50,2,52
Songwe,Mbozi,Mbozi DC,Mbozi,Igamba,Itepula,146,Ntungwa,,1.5,1,0,,1.4,0.6,2.0,50,2,52
Songwe,Mbozi,Mbozi DC,Mbozi,Igamba,Itepula,147,Unyanyembe,,2.0,1,0,,1.4,0.6,2.0,50,2,52
Songwe,Mbozi,Mbozi DC,Mbozi,Igamba,Itepula,148,Iwilu,,0.6,1,0,,1.4,0.6,2.0,50,2,52
Songwe,Mbozi,Mbozi DC,Mbozi,Igamba,Itepula,149,Nahanchala,,0.9,1,0,,1.4,0.6,2.0,50,2,52
Songwe,Mbozi,Mbozi DC,Mbozi,Igamba,Itepula,150,Namsakeli,,0.5,1,0,,1.4,0.6,2.0,50,2,52
Songwe,Mbozi,Mbozi DC,Mbozi,Igamba,Itepula,151,Mwanta,,1.9,1,0,,1.4,0.6,2.0,50,2,52
Songwe,Mbozi,Mbozi DC,Mbozi,Igamba,Hatelele,152, Isyalamagazi,,1.5,1,0,,1.4,0.6,2.0,50,2,52
Songwe,Mbozi,Mbozi DC,Mbozi,Igamba,Hatelele,153,Mazimbo,,2.1,1,0,,1.4,0.6,2.0,50,2,52
Songwe,Mbozi,Mbozi DC,Mbozi,Itaka,Insani,154,Namwaya,,0.0,1,0,,1.4,0.6,2.0,50,2,52
Songwe,Mbozi,Mbozi DC,Mbozi,Itaka,Insani,155,Mchese,,0.0,1,0,,1.4,0.6,2.0,50,2,52
Songwe,Mbozi,Mbozi DC,Mbozi,Itaka,Insani,156,Wanishe,,0.0,1,0,,1.4,0.6,2.0,50,2,52
Songwe,Mbozi,Mbozi DC,Mbozi,Itaka,Mboje,157,Nkasi,,0.0,1,0,,1.4,0.6,2.0,50,2,52
Songwe,Mbozi,Mbozi DC,Mbozi,Itaka,Mboje,158,Togamwendo,,1.0,1,0,,1.4,0.6,2.0,50,2,52
Songwe,Mbozi,Mbozi DC,Mbozi,Itaka,Mboje,159,Mboje,,6.3,1,0,,1.4,0.6,2.0,50,2,52
Songwe,Mbozi,Mbozi DC,Mbozi,Itaka,Mboje,160,Hazembe,,0.5,1,0,,1.4,0.6,2.0,50,2,52
Songwe,Mbozi,Mbozi DC,Mbozi,Itaka,Itaka,161,Masewe,,0.0,1,0,,1.4,0.6,2.0,50,2,52
Songwe,Mbozi,Mbozi DC,Mbozi,Itaka,Itaka,162,Shihando,,0.5,1,0,,1.4,0.6,2.0,50,2,52
Songwe,Mbozi,Mbozi DC,Mbozi,Itaka,Itaka,163,Lunyego,,2.0,1,0,,1.4,0.6,2.0,50,2,52
Songwe,Mbozi,Mbozi DC,Mbozi,Itaka,Hamwelo,164, Mpantila,,2.6,1,0,,1.4,0.6,2.0,50,2,52
Songwe,Mbozi,Mbozi DC,Mbozi,Itaka,Hamwelo,165,Nyembe,,5.0,1,0,,1.4,0.6,2.0,50,2,52
Songwe,Mbozi,Mbozi DC,Mbozi,Itaka,Hamwelo,166,Mapogoro,,1.1,1,0,,1.4,0.6,2.0,50,2,52
Songwe,Mbozi,Mbozi DC,Mbozi,Itaka,Hamwelo,167,Isukamawela,,0.8,1,0,,1.4,0.6,2.0,50,2,52
Songwe,Mbozi,Mbozi DC,Mbozi,Itaka,Hamwelo,168,Nzige,,4.7,1,0,,1.4,0.6,2.0,50,2,52
Songwe,Mbozi,Mbozi DC,Mbozi,Itaka,Hamwelo,169,Haroli,,0.8,1,0,,1.4,0.6,2.0,50,2,52
Songwe,Mbozi,Mbozi DC,Mbozi,Itaka,Itentula,170,Stendi,,0.0,1,0,,1.4,0.6,2.0,50,2,52
Songwe,Mbozi,Mbozi DC,Mbozi,Itaka,Itentula,171,Sumbawanga,,7.0,1,0,,1.4,0.6,2.0,50,2,52
Songwe,Mbozi,Mbozi DC,Mbozi,Itaka,Itentula,172,Nankanza,,0.7,1,0,,1.4,0.6,2.0,50,2,52
Songwe,Mbozi,Mbozi DC,Mbozi,Itaka,Itentula,173,Liwelyamanga,,0.7,1,0,,1.4,0.6,2.0,50,2,52
Songwe,Mbozi,Mbozi DC,Mbozi,Itaka,Itentula,174,Gezaulole,,0.0,1,0,,1.4,0.6,2.0,50,2,52
Songwe,Mbozi,Mbozi DC,Mbozi,Bara,Bara,175,Bara Mjini,,0.0,1,0,,1.4,0.6,2.0,50,2,52
Songwe,Mbozi,Mbozi DC,Mbozi,Bara,Bara,176,Chang'ombe,,0.6,1,0,,1.4,0.6,2.0,50,2,52
Songwe,Mbozi,Mbozi DC,Mbozi,Bara,Bara,177,Bara Kati,,0.0,1,0,,1.4,0.6,2.0,50,2,52
Songwe,Mbozi,Mbozi DC,Mbozi,Bara,Bara,178,Itandula,,2.0,1,0,,1.4,0.6,2.0,50,2,52
Songwe,Mbozi,Mbozi DC,Mbozi,Bara,Bara,179,Nkomo,,3.0,1,0,,1.4,0.6,2.0,50,2,52
Songwe,Mbozi,Mbozi DC,Mbozi,Bara,Bara,180,Hasale,,1.9,1,0,,1.4,0.6,2.0,50,2,52
Songwe,Mbozi,Mbozi DC,Mbozi,Bara,Bara,181,Igolola,,0.0,1,0,,1.4,0.6,2.0,50,2,52
Songwe,Mbozi,Mbozi DC,Mbozi,Bara,Bara,182,Ngomani,,2.4,1,0,,1.4,0.6,2.0,50,2,52
Songwe,Mbozi,Mbozi DC,Mbozi,Bara,Twinzi,183,Nazwanga,,1.0,1,0,,1.4,0.6,2.0,50,2,52
Songwe,Mbozi,Mbozi DC,Mbozi,Bara,Twinzi,184,Twinzi,,0.0,1,0,,1.4,0.6,2.0,50,2,52
Songwe,Mbozi,Mbozi DC,Mbozi,Bara,Twinzi,185,Mahoma,,4.6,1,0,,1.4,0.6,2.0,50,2,52
Songwe,Mbozi,Mbozi DC,Mbozi,Bara,Twinzi,186,Mtakuja,,1.1,1,0,,1.4,0.6,2.0,50,2,52
Songwe,Mbozi,Mbozi DC,Mbozi,Bara,Hangomba,187,Hangomba Mjini,,0.7,1,0,,1.4,0.6,2.0,50,2,52
Songwe,Mbozi,Mbozi DC,Mbozi,Bara,Hangomba,188,Itandula,,0.0,1,0,,1.4,0.6,2.0,50,2,52
Songwe,Mbozi,Mbozi DC,Mbozi,Bara,Hangomba,189,Iseche,,1.5,1,0,,1.4,0.6,2.0,50,2,52
Songwe,Mbozi,Mbozi DC,Mbozi,Bara,Hangomba,190,Iyula,,0.0,1,0,,1.4,0.6,2.0,50,2,52
Songwe,Mbozi,Mbozi DC,Mbozi,Bara,Hangomba,191,Shambwe,,0.5,1,0,,1.4,0.6,2.0,50,2,52
Songwe,Mbozi,Mbozi DC,Mbozi,Bara,Ikonya,192,Shamunda,,0.0,1,0,,1.4,0.6,2.0,50,2,52
Songwe,Mbozi,Mbozi DC,Mbozi,Bara,Ikonya,193,Ikonya A,,0.0,1,0,,1.4,0.6,2.0,50,2,52
Songwe,Mbozi,Mbozi DC,Mbozi,Bara,Ikonya,194,Luwemba ,,1.8,1,0,,1.4,0.6,2.0,50,2,52
Songwe,Mbozi,Mbozi DC,Mbozi,Bara,Ikonya,195,Ikonya B,,0.0,1,0,,1.4,0.6,2.0,50,2,52
Songwe,Mbozi,Mbozi DC,Mbozi,Bara,Ikonya,196,Isangu,,2.0,1,0,,1.4,0.6,2.0,50,2,52
Songwe,Mbozi,Mbozi DC,Mbozi,Bara,Iporoto,197,Shambwe,,0.0,1,0,,1.4,0.6,2.0,50,2,52
Songwe,Mbozi,Mbozi DC,Mbozi,Bara,Iporoto,198,Ilanzi,,0.0,1,0,,1.4,0.6,2.0,50,2,52
Songwe,Mbozi,Mbozi DC,Mbozi,Bara,Iporoto,199,Malenje ,,2.3,1,0,,1.4,0.6,2.0,50,2,52
Songwe,Mbozi,Mbozi DC,Mbozi,Halungu,Halungu,200,Nzije A,,3.3,1,0,,1.4,0.6,2.0,50,2,52
Songwe,Mbozi,Mbozi DC,Mbozi,Halungu,Halungu,201,Nzije B,,1.5,1,0,,1.4,0.6,2.0,50,2,52
Songwe,Mbozi,Mbozi DC,Mbozi,Halungu,Halungu,202,Makambini,,0.0,1,0,,1.4,0.6,2.0,50,2,52
Songwe,Mbozi,Mbozi DC,Mbozi,Halungu,Halambo,203,Mbwiga,,1.5,1,0,,1.4,0.6,2.0,50,2,52
Songwe,Mbozi,Mbozi DC,Mbozi,Halungu,Halambo,204,Mpatwa,,2.2,1,0,,1.4,0.6,2.0,50,2,52
Songwe,Mbozi,Mbozi DC,Mbozi,Halungu,Halambo,205,Mawanga,,0.0,1,0,,1.4,0.6,2.0,50,2,52
Songwe,Mbozi,Mbozi DC,Mbozi,Halungu,Halambo,206,Namatemba,,0.5,1,0,,1.4,0.6,2.0,50,2,52
Songwe,Mbozi,Mbozi DC,Mbozi,Halungu,Halambo,207,Msamvu,,1.6,1,0,,1.4,0.6,2.0,50,2,52
Songwe,Mbozi,Mbozi DC,Mbozi,Halungu,Halambo,208,Ihoma,,0.0,1,0,,1.4,0.6,2.0,50,2,52
Songwe,Mbozi,Mbozi DC,Mbozi,Halungu,Halambo,209,Ilonga,,1.6,1,0,,1.4,0.6,2.0,50,2,52
Songwe,Mbozi,Mbozi DC,Mbozi,Halungu,Halambo,210,Yowela,,2,1,0,,1.4,0.6,2.0,50,2,52
Songwe,Mbozi,Mbozi DC,Mbozi,Halungu,Lwati,211,Shikwale,,0.5,1,0,,1.4,0.6,2.0,50,2,52
Songwe,Mbozi,Mbozi DC,Mbozi,Halungu,Lwati,212,Ivululu,,0.3,1,0,,1.4,0.6,2.0,50,2,52
Songwe,Mbozi,Mbozi DC,Mbozi,Halungu,Lwati,213,Mantenga,,1.0,1,0,,1.4,0.6,2.0,50,2,52
Songwe,Mbozi,Mbozi DC,Mbozi,Halungu,Shasya,214,Nachilesya,,0.0,1,0,,1.4,0.6,2.0,50,2,52
Songwe,Mbozi,Mbozi DC,Mbozi,Halungu,Shasya,215,Itago,,2.3,1,0,,1.4,0.6,2.0,50,2,52
Songwe,Mbozi,Mbozi DC,Mbozi,Halungu,Shasya,216,Ibuchila,,3.0,1,0,,1.4,0.6,2.0,50,2,52
Songwe,Mbozi,Mbozi DC,Mbozi,Halungu,Shasya,217,Mang'anzo,,0.0,1,0,,1.4,0.6,2.0,50,2,52
Songwe,Mbozi,Mbozi DC,Mbozi,Halungu,Shasya,218,Namkwende,,2.6,1,0,,1.4,0.6,2.0,50,2,52
Songwe,Mbozi,Mbozi DC,Mbozi,Halungu,Sasenga,219,Kalashi,,0.3,1,0,,1.4,0.6,2.0,50,2,52
Songwe,Mbozi,Mbozi DC,Vwawa,Mlangali,Mlangali,220,Undali,,0.0,1,0,,1.4,0.6,2.0,50,2,52
Songwe,Mbozi,Mbozi DC,Vwawa,Mlangali,Mlangali,221,Vimbizya,,0.0,1,0,,1.4,0.6,2.0,50,2,52
Songwe,Mbozi,Mbozi DC,Vwawa,Mlangali,Mlangali,222,Nyala,,0.3,1,0,,1.4,0.6,2.0,50,2,52
Songwe,Mbozi,Mbozi DC,Vwawa,Mlangali,Mlangali,223,Mienje,,4.0,1,0,,1.4,0.6,2.0,50,2,52
Songwe,Mbozi,Mbozi DC,Vwawa,Mlangali,Ndolezi,224,Ndolezi B,,0.0,1,0,,1.4,0.6,2.0,50,2,52
Songwe,Mbozi,Mbozi DC,Vwawa,Mlangali,Ndolezi,225,Sazule,,4.0,1,0,,1.4,0.6,2.0,50,2,52
Songwe,Mbozi,Mbozi DC,Vwawa,Mlangali,Ndolezi,226,Mtakuja,,3.0,1,0,,1.4,0.6,2.0,50,2,52
Songwe,Mbozi,Mbozi DC,Vwawa,Mlangali,Ndolezi,227,Isela,,6.0,1,0,,1.4,0.6,2.0,50,2,52
Songwe,Mbozi,Mbozi DC,Vwawa,Mlangali,Ndolezi,228,Ipota,,4.0,1,0,,1.4,0.6,2.0,50,2,52
Songwe,Mbozi,Mbozi DC,Vwawa,Mlangali,Mbewe,229,Itula,,5.0,1,0,,1.4,0.6,2.0,50,2,52
Songwe,Mbozi,Mbozi DC,Vwawa,Mlangali,Mbewe,230,Intesya,,2.8,1,0,,1.4,0.6,2.0,50,2,52
Songwe,Mbozi,Mbozi DC,Vwawa,Mlangali,Mbewe,231,Iduvula,,0.0,1,0,,1.4,0.6,2.0,50,2,52
Songwe,Mbozi,Mbozi DC,Vwawa,Mlangali,Mbewe,232,Mpangala,,8.0,1,0,,1.4,0.6,2.0,50,2,52
Songwe,Mbozi,Mbozi DC,Vwawa,Mlangali,Lukululu,233,Lukululu kati,,7.2,1,0,,1.4,0.6,2.0,50,2,52
Songwe,Mbozi,Mbozi DC,Vwawa,Mlangali,Lukululu,234,Shamwa,,3.2,1,0,,1.4,0.6,2.0,50,2,52
Songwe,Mbozi,Mbozi DC,Vwawa,Mlangali,Lukululu,235,Itawa,,6.2,1,0,,1.4,0.6,2.0,50,2,52
Songwe,Mbozi,Mbozi DC,Vwawa,Mlangali,Lukululu,236,Viluluta,,0.0,1,0,,1.4,0.6,2.0,50,2,52
Songwe,Mbozi,Mbozi DC,Vwawa,Mlangali,Shaji,237,Shaji,,0.0,1,0,,1.4,0.6,2.0,50,2,52
Songwe,Mbozi,Mbozi DC,Vwawa,Mlangali,Shaji,238,Dogo,,0.0,1,0,,1.4,0.6,2.0,50,2,52
Songwe,Mbozi,Mbozi DC,Vwawa,Mlangali,Shaji,239,Utembele,,1.8,1,0,,1.4,0.6,2.0,50,2,52
Songwe,Mbozi,Mbozi DC,Vwawa,Mlangali,Shaji,240,Sekewe,,0.0,1,0,,1.4,0.6,2.0,50,2,52
Songwe,Mbozi,Mbozi DC,Vwawa,Mlangali,Shomola,241,Nsenga,,0.0,1,0,,1.4,0.6,2.0,50,2,52
Songwe,Mbozi,Mbozi DC,Vwawa,Mlangali,Shomola,242,Iboyo,,2.0,1,0,,1.4,0.6,2.0,50,2,52
Songwe,Mbozi,Mbozi DC,Vwawa,Nanyala,Nanyala,243,Maula,,0.0,1,0,,1.4,0.6,2.0,50,2,52
Songwe,Mbozi,Mbozi DC,Vwawa,Nanyala,Nanyala,244,Kawetele,,0.0,1,0,,1.4,0.6,2.0,50,2,52
Songwe,Mbozi,Mbozi DC,Vwawa,Nanyala,Nanyala,245,Ifufu,,0.0,1,0,,1.4,0.6,2.0,50,2,52
Songwe,Mbozi,Mbozi DC,Vwawa,Nanyala,Nanyala,246,Iwanga,,0.0,1,0,,1.4,0.6,2.0,50,2,52
Songwe,Mbozi,Mbozi DC,Vwawa,Nanyala,Nanyala,247,Udinde,,7.0,1,0,,1.4,0.6,2.0,50,2,52
Songwe,Mbozi,Mbozi DC,Vwawa,Nanyala,Nanyala,248,Maji Ya Moto,,9.0,1,0,,1.4,0.6,2.0,50,2,52
Songwe,Mbozi,Mbozi DC,Vwawa,Nanyala,Namlonga,249,Iwanga,,0.7,1,0,,1.4,0.6,2.0,50,2,52
Songwe,Mbozi,Mbozi DC,Vwawa,Nanyala,Namlonga,250, Isingana,,0.0,1,0,,1.4,0.6,2.0,50,2,52
Songwe,Mbozi,Mbozi DC,Vwawa,Nanyala,Namlonga,251, Ikukwa,,1.9,1,0,,1.4,0.6,2.0,50,2,52
Songwe,Mbozi,Mbozi DC,Vwawa,Nanyala,Namlonga,252, Malema Songwe,,3.0,1,0,,1.4,0.6,2.0,50,2,52
Songwe,Mbozi,Mbozi DC,Vwawa,Nanyala,Songwe,253,Mpika,,2.0,1,0,,1.4,0.6,2.0,50,2,52
Songwe,Mbozi,Mbozi DC,Vwawa,Nanyala,Songwe,254,Manyala,,0.0,1,0,,1.4,0.6,2.0,50,2,52
Songwe,Mbozi,Mbozi DC,Vwawa,Nanyala,Songwe,255,Mlangali,,1.0,1,0,,1.4,0.6,2.0,50,2,52
Songwe,Mbozi,Mbozi DC,Vwawa,Nanyala,Songwe,256,Majengo,,1.0,1,0,,1.4,0.6,2.0,50,2,52
Songwe,Mbozi,Mbozi DC,Vwawa,Nanyala,Lusungo,257,Lonjela,,5.0,1,0,,1.4,0.6,2.0,50,2,52
Songwe,Mbozi,Mbozi DC,Vwawa,Nanyala,Lusungo,258,Ihombe,,0.0,1,0,,1.4,0.6,2.0,50,2,52
Songwe,Mbozi,Mbozi DC,Vwawa,Nanyala,Lusungo,259,Isanjika,,0.5,1,0,,1.4,0.6,2.0,50,2,52
Songwe,Mbozi,Mbozi DC,Vwawa,Ruanda,Lumbila,260,Ludadulo,,2.0,1,0,,1.4,0.6,2.0,50,2,52
Songwe,Mbozi,Mbozi DC,Vwawa,Ruanda,Lumbila,261,Bosongo,,1.0,1,0,,1.4,0.6,2.0,50,2,52
Songwe,Mbozi,Mbozi DC,Vwawa,Ruanda,Lumbila,262,Nkahatu,,0.0,1,0,,1.4,0.6,2.0,50,2,52
Songwe,Mbozi,Mbozi DC,Vwawa,Ruanda,Welu II,263,Welu Kati,,0.0,1,0,,1.4,0.6,2.0,50,2,52
Songwe,Mbozi,Mbozi DC,Vwawa,Ruanda,Welu II,264,Lugonyo,,2.3,1,0,,1.4,0.6,2.0,50,2,52
Songwe,Mbozi,Mbozi DC,Vwawa,Ruanda,Welu II,265,Iwawa,,2.0,1,0,,1.4,0.6,2.0,50,2,52
Songwe,Mbozi,Mbozi DC,Vwawa,Ruanda,Ihowa,266,Itewe,,1.9,1,0,,1.4,0.6,2.0,50,2,52
Songwe,Mbozi,Mbozi DC,Vwawa,Ruanda,Ihowa,267,Njia Panda,,0.0,1,0,,1.4,0.6,2.0,50,2,52
Songwe,Mbozi,Mbozi DC,Vwawa,Ruanda,Ihowa,268,Shonda,,0.0,1,0,,1.4,0.6,2.0,50,2,52
Songwe,Mbozi,Mbozi DC,Vwawa,Ruanda,Ihowa,269,Kilabuni Kati,,0.0,1,0,,1.4,0.6,2.0,50,2,52
Songwe,Mbozi,Mbozi DC,Vwawa,Ruanda,Ihowa,270,Shuleni,,0.0,1,0,,1.4,0.6,2.0,50,2,52
Songwe,Mbozi,Mbozi DC,Vwawa,Ruanda,Ihowa,271,Iyanga,,0.7,1,0,,1.4,0.6,2.0,50,2,52
Songwe,Mbozi,Mbozi DC,Vwawa,Ruanda,Ihowa,272,Shilanga,,1.0,1,0,,1.4,0.6,2.0,50,2,52
Songwe,Mbozi,Mbozi DC,Vwawa,Ruanda,Idibila,273,Majengo,,0.0,1,0,,1.4,0.6,2.0,50,2,52
Songwe,Mbozi,Mbozi DC,Vwawa,Ruanda,Idibila,274,Mabuba,,0.0,1,0,,1.4,0.6,2.0,50,2,52
Songwe,Mbozi,Mbozi DC,Vwawa,Ruanda,Idibila,275,Namlea,,8.9,1,0,,1.4,0.6,2.0,50,2,52
Songwe,Mbozi,Mbozi DC,Vwawa,Ruanda,Idibila,276,Nashunga,,1.5,1,0,,1.4,0.6,2.0,50,2,52
Songwe,Mbozi,Mbozi DC,Vwawa,Ruanda,Idibila,277,Ivugula,,0.0,1,0,,1.4,0.6,2.0,50,2,52
Songwe,Mbozi,Mbozi DC,Vwawa,Ruanda,Idibila,278,Mwongozo,,1.0,1,0,,1.4,0.6,2.0,50,2,52
Songwe,Mbozi,Mbozi DC,Vwawa,Ruanda,Idibila,279,Azimio,,1.0,1,0,,1.4,0.6,2.0,50,2,52
Songwe,Mbozi,Mbozi DC,Vwawa,Msia,Msia,280,Mgombezi,,3.5,1,0,,1.4,0.6,2.0,50,2,52
Songwe,Mbozi,Mbozi DC,Vwawa,Msia,Msia,281,Ibandawe,,2.5,1,0,,1.4,0.6,2.0,50,2,52
Songwe,Mbozi,Mbozi DC,Vwawa,Msia,Msia,282,Uzinje,,1.5,1,0,,1.4,0.6,2.0,50,2,52
Songwe,Mbozi,Mbozi DC,Vwawa,Msia,Ibembwa,283,Mpalamawe,,3.0,1,0,,1.4,0.6,2.0,50,2,52
Songwe,Mbozi,Mbozi DC,Vwawa,Msia,Ibembwa,284,Igunda,,1.0,1,0,,1.4,0.6,2.0,50,2,52
Songwe,Mbozi,Mbozi DC,Vwawa,Msia,Iganduka,285,Bagamoyo,,2.3,1,0,,1.4,0.6,2.0,50,2,52
Songwe,Mbozi,Mbozi DC,Vwawa,Msia,Iganduka,286,Msumbi,,1.1,1,0,,1.4,0.6,2.0,50,2,52
Songwe,Mbozi,Mbozi DC,Vwawa,Msia,Iganduka,287,Haidoya,,1.3,1,0,,1.4,0.6,2.0,50,2,52
Songwe,Mbozi,Mbozi DC,Vwawa,Msia,Welu I,288,Nkana,,0.0,1,0,,1.4,0.6,2.0,50,2,52
Songwe,Mbozi,Mbozi DC,Vwawa,Msia,Welu I,289,Chilongo,,1.1,1,0,,1.4,0.6,2.0,50,2,52
Songwe,Mbozi,Mbozi DC,Vwawa,Msia,Welu I,290,Manyala,,0.0,1,0,,1.4,0.6,2.0,50,2,52
Songwe,Mbozi,Mbozi DC,Vwawa,Msia,Welu I,291,Ndola,,0.0,1,0,,1.4,0.6,2.0,50,2,52
Songwe,Mbozi,Mbozi DC,Vwawa,Msia,Welu I,292,Isola,,0.0,1,0,,1.4,0.6,2.0,50,2,52
Songwe,Mbozi,Mbozi DC,Vwawa,Msia,Welu I,293,Lucheche,,1.1,1,0,,1.4,0.6,2.0,50,2,52
Songwe,Mbozi,Mbozi DC,Vwawa,Msia,Welu I,294,Namatonto,,2.0,1,0,,1.4,0.6,2.0,50,2,52
Songwe,Mbozi,Mbozi DC,Vwawa,Msia,Welu I,295,Isela,,1.8,1,0,,1.4,0.6,2.0,50,2,52
Songwe,Mbozi,Mbozi DC,Vwawa,Isalalo,Isalalo,296,Isalalo Kati,,0.0,1,0,,1.4,0.6,2.0,50,2,52
Songwe,Mbozi,Mbozi DC,Vwawa,Isalalo,Isalalo,297,Lupembe,,0.0,1,0,,1.4,0.6,2.0,50,2,52
Songwe,Mbozi,Mbozi DC,Vwawa,Isalalo,Isalalo,298,Chiyanga,,0.0,1,0,,1.4,0.6,2.0,50,2,52
Songwe,Mbozi,Mbozi DC,Vwawa,Isalalo,Isalalo,299,Tazara,,2.0,1,0,,1.4,0.6,2.0,50,2,52
Songwe,Mbozi,Mbozi DC,Vwawa,Isalalo,Izyaniche,300,Isafi,,0.0,1,0,,1.4,0.6,2.0,50,2,52
Songwe,Mbozi,Mbozi DC,Vwawa,Isalalo,Izyaniche,301,Mwambani,,1.0,1,0,,1.4,0.6,2.0,50,2,52
Songwe,Mbozi,Mbozi DC,Vwawa,Isalalo,Izyaniche,302,Namaulwe,,0.2,1,0,,1.4,0.6,2.0,50,2,52
Songwe,Mbozi,Mbozi DC,Vwawa,Isalalo,Izyaniche,303,Keselia,,2.0,1,0,,1.4,0.6,2.0,50,2,52
Songwe,Mbozi,Mbozi DC,Vwawa,Isalalo,Malolo,304,Malolo,,3.0,1,0,,1.4,0.6,2.0,50,2,52
Songwe,Mbozi,Mbozi DC,Vwawa,Isalalo,Malolo,305,Iyula,,0.0,1,0,,1.4,0.6,2.0,50,2,52
Songwe,Mbozi,Mbozi DC,Vwawa,Isalalo,Malolo,306,Isembuka,,0.0,1,0,,1.4,0.6,2.0,50,2,52
Songwe,Mbozi,Mbozi DC,Vwawa,Isalalo,Malolo,307,Ilomba,,1.2,1,0,,1.4,0.6,2.0,50,2,52
Songwe,Mbozi,Mbozi DC,Vwawa,Ipunga,Ipunga,308,Isunka,,0.4,1,0,,1.4,0.6,2.0,50,2,52
Songwe,Mbozi,Mbozi DC,Vwawa,Ipunga,Ipunga,309,Chilulumo,,2.1,1,0,,1.4,0.6,2.0,50,2,52
Songwe,Mbozi,Mbozi DC,Vwawa,Ipunga,Ipunga,310,Nazareti ,,0.0,1,0,,1.4,0.6,2.0,50,2,52
Songwe,Mbozi,Mbozi DC,Vwawa,Ipunga,Ipunga,311,Chiyanga,,0.0,1,0,,1.4,0.6,2.0,50,2,52
Songwe,Mbozi,Mbozi DC,Vwawa,Ipunga,Ipunga,312,Mpakani,,0.7,1,0,,1.4,0.6,2.0,50,2,52
Songwe,Mbozi,Mbozi DC,Vwawa,Ipunga,Ipunga,313,Mtakuja,,0.0,1,0,,1.4,0.6,2.0,50,2,52
Songwe,Mbozi,Mbozi DC,Vwawa,Ipunga,Ipapa,314,Maweni,,0.0,1,0,,1.4,0.6,2.0,50,2,52
Songwe,Mbozi,Mbozi DC,Vwawa,Ipunga,Ipapa,315,Hansale,,0.5,1,0,,1.4,0.6,2.0,50,2,52
Songwe,Mbozi,Mbozi DC,Vwawa,Ipunga,Ipapa,316,Iwunji,,5.0,1,0,,1.4,0.6,2.0,50,2,52
Songwe,Mbozi,Mbozi DC,Vwawa,Ipunga,Ipapa,317,Sambandole,,0.0,1,0,,1.4,0.6,2.0,50,2,52
Songwe,Mbozi,Mbozi DC,Vwawa,Ipunga,Ipapa,318,Shandamu,,0.0,1,0,,1.4,0.6,2.0,50,2,52
Songwe,Mbozi,Mbozi DC,Vwawa,Ipunga,Ipanzya,319,Kilimampimbi,,1.0,1,0,,1.4,0.6,2.0,50,2,52
Songwe,Mbozi,Mbozi DC,Vwawa,Ipunga,Ipanzya,320,Togamwendo,,3.0,1,0,,1.4,0.6,2.0,50,2,52
Songwe,Mbozi,Mbozi DC,Vwawa,Ipunga,Mpela,321,Mibulani,,0.5,1,0,,1.4,0.6,2.0,50,2,52
Songwe,Mbozi,Mbozi DC,Vwawa,Ihanda,Ihanda,322,Mpande,,0.7,1,0,,1.4,0.6,2.0,50,2,52
Songwe,Mbozi,Mbozi DC,Vwawa,Ihanda,Sakamwela,323,Lungwa,,0.0,1,0,,1.4,0.6,2.0,50,2,52
Songwe,Mbozi,Mbozi DC,Vwawa,Ihanda,Sakamwela,324,Isongole,,0.9,1,0,,1.4,0.6,2.0,50,2,52
Songwe,Mbozi,Mbozi DC,Vwawa,Ihanda,Sakamwela,325,Chiyanga,,0.7,1,0,,1.4,0.6,2.0,50,2,52
Songwe,Mbozi,Mbozi DC,Vwawa,Ihanda,Sakamwela,326,Ichenjezya,,1.4,1,0,,1.4,0.6,2.0,50,2,52
Songwe,Mbozi,Mbozi DC,Vwawa,Ihanda,Sakamwela,327,Songanbele A,,0.0,1,0,,1.4,0.6,2.0,50,2,52
Songwe,Mbozi,Mbozi DC,Vwawa,Ihanda,Sakamwela,328,Songambele B,,1.0,1,0,,1.4,0.6,2.0,50,2,52
Songwe,Mbozi,Mbozi DC,Vwawa,Ihanda,Sakamwela,329,Nashami,,3.0,1,0,,1.4,0.6,2.0,50,2,52
Songwe,Mbozi,Mbozi DC,Vwawa,Ihanda,Hanseketwa,330,Songa Mbele,,0.0,1,0,,1.4,0.6,2.0,50,2,52
Songwe,Mbozi,Mbozi DC,Vwawa,Ihanda,Hanseketwa,331,Kayambe,,0.0,1,0,,1.4,0.6,2.0,50,2,52
Songwe,Mbozi,Mbozi DC,Vwawa,Ihanda,Hanseketwa,332,Ihozya,,1.4,1,0,,1.4,0.6,2.0,50,2,52
Songwe,Mbozi,Mbozi DC,Vwawa,Ihanda,Malonji,333,Malonji a/b,,1.0,1,0,,1.4,0.6,2.0,50,2,52
Songwe,Mbozi,Mbozi DC,Vwawa,Ihanda,Malonji,334,Mang'anzo,,2.0,1,0,,1.4,0.6,2.0,50,2,52
Songwe,Mbozi,Mbozi DC,Vwawa,Ihanda,Nanyunyi,335,Nanyunyi,,2.2,1,0,,1.4,0.6,2.0,50,2,52
Songwe,Mbozi,Mbozi DC,Vwawa,Ihanda,Nanyunyi,336,Mlambwizi,,1.5,1,0,,1.4,0.6,2.0,50,2,52
Songwe,Mbozi,Mbozi DC,Vwawa,Ihanda,Nanyunyi,337,Mlemela,,2.0,1,0,,1.4,0.6,2.0,50,2,52
Songwe,Mbozi,Mbozi DC,Vwawa,Ihanda,Nanyunyi,338,Nambwaji,,2.0,1,0,,1.4,0.6,2.0,50,2,52
Songwe,Mbozi,Mbozi DC,Vwawa,Ihanda,Sumbaluela,339,Mtakuja,,1.0,1,0,,1.4,0.6,2.0,50,2,52
Songwe,Mbozi,Mbozi DC,Vwawa,Ihanda,Sumbaluela,340,Sambembe,,0.6,1,0,,1.4,0.6,2.0,50,2,52
Songwe,Mbozi,Mbozi DC,Vwawa,Ihanda,Sumbaluela,341,Izyika,,0.9,1,0,,1.4,0.6,2.0,50,2,52
Songwe,Mbozi,Mbozi DC,Vwawa,Ihanda,Sumbaluela,342,Ng'amba,,0.0,1,0,,1.4,0.6,2.0,50,2,52
Songwe,Mbozi,Mbozi DC,Vwawa,Ihanda,Sumbaluela,343,Saweya Kati,,5.4,1,0,,1.4,0.6,2.0,50,2,52
Songwe,Mbozi,Mbozi DC,Vwawa,Ihanda,Shilanga,344,Shilanga,,2.2,1,0,,1.4,0.6,2.0,50,2,52
Songwe,Mbozi,Mbozi DC,Vwawa,Ihanda,Shilanga,345,Ntazu,,0.0,1,0,,1.4,0.6,2.0,50,2,52
Songwe,Mbozi,Mbozi DC,Vwawa,Ihanda,Shilanga,346,Namalema,,0.8,1,0,,1.4,0.6,2.0,50,2,52
Songwe,Mbozi,Mbozi DC,Vwawa,Ukwile,Ludewa,347,Chunya,,1.7,1,0,,1.4,0.6,2.0,50,2,52
Songwe,Mbozi,Mbozi DC,Vwawa,Ukwile,Ludewa,348,Mtakuja,,2.0,1,0,,1.4,0.6,2.0,50,2,52
Songwe,Mbozi,Mbozi DC,Vwawa,Ukwile,Ukwile,349,Songambele,,0.5,1,0,,1.4,0.6,2.0,50,2,52
Songwe,Mbozi,Mbozi DC,Vwawa,Ukwile,Ukwile,350,Mwandaje,,0.5,1,0,,1.4,0.6,2.0,50,2,52
Songwe,Mbozi,Mbozi DC,Vwawa,Ukwile,Ukwile,351,Iyalawe,,3.0,1,0,,1.4,0.6,2.0,50,2,52
Songwe,Mbozi,Mbozi DC,Vwawa,Ukwile,Ukwile,352,Ibaba,,1.0,1,0,,1.4,0.6,2.0,50,2,52
Songwe,Mbozi,Mbozi DC,Vwawa,Ukwile,Mponela,353,Songambele,,0.3,1,0,,1.4,0.6,2.0,50,2,52
Songwe,Mbozi,Mbozi DC,Vwawa,Ukwile,Mponela,354,Mbugani,,5.6,1,0,,1.4,0.6,2.0,50,2,52
Songwe,Mbozi,Mbozi DC,Vwawa,Ukwile,Mponela,355,Namasangu,,0.0,1,0,,1.4,0.6,2.0,50,2,52
Songwe,Mbozi,Mbozi DC,Vwawa,Ukwile,Mponela,356,Nahashami,,1.3,1,0,,1.4,0.6,2.0,50,2,52
Songwe,Mbozi,Mbozi DC,Vwawa,Ukwile,Mponela,357,Mavula,,0.5,1,0,,1.4,0.6,2.0,50,2,52
Songwe,Mbozi,Mbozi DC,Vwawa,Ukwile,Mponela,358,Isandula B,,1.2,1,0,,1.4,0.6,2.0,50,2,52
Songwe,Mbozi,Mbozi DC,Vwawa,Ukwile,Mponela,359,Mbwiga,,3.5,1,0,,1.4,0.6,2.0,50,2,52
Songwe,Mbozi,Mbozi DC,Vwawa,Ukwile,Mponela,360,Nyula,,0.2,1,0,,1.4,0.6,2.0,50,2,52
Songwe,Mbozi,Mbozi DC,Vwawa,Ukwile,Mponela,361,Lekezonta,,1.5,1,0,,1.4,0.6,2.0,50,2,52
Songwe,Mbozi,Mbozi DC,Vwawa,Ukwile,Mponela,362,Majengo,,0.0,1,0,,1.4,0.6,2.0,50,2,52
Songwe,Mbozi,Mbozi DC,Vwawa,Ukwile,Msamba 1,363,Msamba Kati,,0.0,1,0,,1.4,0.6,2.0,50,2,52
Songwe,Mbozi,Mbozi DC,Vwawa,Ukwile,Msamba 1,364,Kawale,,1.0,1,0,,1.4,0.6,2.0,50,2,52
Songwe,Mbozi,Mbozi DC,Vwawa,Ukwile,Msamba 1,365,Njia Panda,,4.8,1,0,,1.4,0.6,2.0,50,2,52
Songwe,Mbozi,Mbozi DC,Vwawa,Nyimbili ,Nyimbili ,366,Nyimbili Kati,,0.0,1,0,,1.4,0.6,2.0,50,2,52
Songwe,Mbozi,Mbozi DC,Vwawa,Nyimbili ,Nyimbili ,367,Ilengo,,0.0,1,0,,1.4,0.6,2.0,50,2,52
Songwe,Mbozi,Mbozi DC,Vwawa,Nyimbili ,Nyimbili ,368,Mlowo,,2.6,1,0,,1.4,0.6,2.0,50,2,52
Songwe,Mbozi,Mbozi DC,Vwawa,Nyimbili ,Nyimbili ,369,Shidunda,,8.5,1,0,,1.4,0.6,2.0,50,2,52
Songwe,Mbozi,Mbozi DC,Vwawa,Nyimbili ,Mpanda,370,Mpanda Kati,,0.0,1,0,,1.4,0.6,2.0,50,2,52
Songwe,Mbozi,Mbozi DC,Vwawa,Nyimbili ,Mpanda,371,Isewe,,0.0,1,0,,1.4,0.6,2.0,50,2,52
Songwe,Mbozi,Mbozi DC,Vwawa,Nyimbili ,Mpanda,372,Shititi,,5.8,1,0,,1.4,0.6,2.0,50,2,52
Songwe,Mbozi,Mbozi DC,Vwawa,Nyimbili ,Mpanda,373,Nzovu,,0.0,1,0,,1.4,0.6,2.0,50,2,52
Songwe,Mbozi,Mbozi DC,Vwawa,Nyimbili ,Mpanda,374,Nyanyi,,9.9,1,0,,1.4,0.6,2.0,50,2,52
Songwe,Mbozi,Mbozi DC,Vwawa,Nyimbili ,Mpanda,375,Shinduswa,,1.6,1,0,,1.4,0.6,2.0,50,2,52
Songwe,Mbozi,Mbozi DC,Vwawa,Nyimbili ,Mpanda,376,Makwela,,0.0,1,0,,1.4,0.6,2.0,50,2,52
Songwe,Mbozi,Mbozi DC,Vwawa,Nyimbili ,Mpanda,377,Nalawa,,1.2,1,0,,1.4,0.6,2.0,50,2,52
Songwe,Mbozi,Mbozi DC,Vwawa,Nyimbili ,Mpanda,378,Udinde,,3.1,1,0,,1.4,0.6,2.0,50,2,52
Songwe,Mbozi,Mbozi DC,Vwawa,Nyimbili ,Mpanda,379,Iyumba,,2.6,1,0,,1.4,0.6,2.0,50,2,52
Songwe,Mbozi,Mbozi DC,Vwawa,Nyimbili ,Mpanda,380,Makwemba,,3.0,1,0,,1.4,0.6,2.0,50,2,52
Songwe,Mbozi,Mbozi DC,Vwawa,Nyimbili ,Mpanda,381,Shisi,,3.6,1,0,,1.4,0.6,2.0,50,2,52
Songwe,Mbozi,Mbozi DC,Vwawa,Hezya,Hezya,382,Uyole,,0.0,1,0,,1.4,0.6,2.0,50,2,52
Songwe,Mbozi,Mbozi DC,Vwawa,Hezya,Hezya,383,IDodoma,,4.3,1,0,,1.4,0.6,2.0,50,2,52
Songwe,Mbozi,Mbozi DC,Vwawa,Hezya,Hezya,384,Shilota,,3.0,1,0,,1.4,0.6,2.0,50,2,52
Songwe,Mbozi,Mbozi DC,Vwawa,Hezya,Hezya,385,Songwe,,2.5,1,0,,1.4,0.6,2.0,50,2,52
Songwe,Mbozi,Mbozi DC,Vwawa,Hezya,Hezya,386,Isenga,,2.0,1,0,,1.4,0.6,2.0,50,2,52
Songwe,Mbozi,Mbozi DC,Vwawa,Hezya,Hezya,387,Songambele,,1.4,1,0,,1.4,0.6,2.0,50,2,52
Songwe,Mbozi,Mbozi DC,Vwawa,Hezya,Haraka,388,Kimembe,,0.5,1,0,,1.4,0.6,2.0,50,2,52
Songwe,Mbozi,Mbozi DC,Vwawa,Hezya,Haraka,389,Ngeke,,0.0,1,0,,1.4,0.6,2.0,50,2,52
Songwe,Mbozi,Mbozi DC,Vwawa,Hezya,Haraka,390,Namwangule,,2.2,1,0,,1.4,0.6,2.0,50,2,52
Songwe,Mbozi,Mbozi DC,Vwawa,Hezya,Haraka,391,Malingo,,12.5,1,0,,1.4,0.6,2.0,50,2,52
Songwe,Mbozi,Mbozi DC,Vwawa,Hezya,Haraka,392,Izumu,,0.5,1,0,,1.4,0.6,2.0,50,2,52
Songwe,Mbozi,Mbozi DC,Vwawa,Hezya,Haraka,393,Mzunguko,,2.5,1,0,,1.4,0.6,2.0,50,2,52
Songwe,Mbozi,Mbozi DC,Vwawa,Karasha,,394,Itende,,1.5,1,0,,1.4,0.6,2.0,50,2,52
Songwe,Mbozi,Mbozi DC,Vwawa,Karasha,,395,Igawanya,,3.0,1,0,,1.4,0.6,2.0,50,2,52
Songwe,Mbozi,Mbozi DC,Vwawa,Karasha,,396,Ipanga,,0.3,1,0,,1.4,0.6,2.0,50,2,52
Songwe,Mbozi,Mbozi DC,Vwawa,Karasha,,397,Udinde,,0.0,1,0,,1.4,0.6,2.0,50,2,52
Songwe,Mbozi,Mbozi DC,Vwawa,Karasha,,398,Nangondo,,2.0,1,0,,1.4,0.6,2.0,50,2,52
Songwe,Mbozi,Mbozi DC,Vwawa,Karasha,,399,Lupembe,,,1,0,,1.4,0.6,2.0,50,2,52
Songwe,Mbozi,Mbozi DC,Vwawa,Hasamba,,400,Iyenga,,2.4,1,0,,1.4,0.6,2.0,50,2,52
Songwe,Mbozi,Mbozi DC,Vwawa,Hasamba,,401,Ilyika,,5.1,1,0,,1.4,0.6,2.0,50,2,52
Songwe,Mbozi,Mbozi DC,Vwawa,Hasamba,,402,Migombani,,0.0,1,0,,1.4,0.6,2.0,50,2,52
Songwe,Mbozi,Mbozi DC,Vwawa,Hasamba,,403,Chigoma,,0.0,1,0,,1.4,0.6,2.0,50,2,52
 JUMLA NDOGO ,,,,,,403,,0.0,596.0,403,0,0,564.2,241.8,806.0,"20,150",806,"20,956"
Songwe,Momba,Momba DC,Momba,Ndalambo,Ndalambo,1,Kamsunte,,0.0,1,0,,1.4,0.6,2.0,50,2,52
Songwe,Momba,Momba DC,Momba,Ndalambo,Ndalambo,2,Nankonje,,0.1,1,0,,1.4,0.6,2.0,50,2,52
Songwe,Momba,Momba DC,Momba,Ndalambo,Ndalambo,3,Kamwankoko,,0.1,1,0,,1.4,0.6,2.0,50,2,52
Songwe,Momba,Momba DC,Momba,Ndalambo,Ndalambo,4,Mengo,,0.4,1,0,,1.4,0.6,2.0,50,2,52
Songwe,Momba,Momba DC,Momba,Ndalambo,Ndalambo,5,Mtakuja,,0.4,1,0,,1.4,0.6,2.0,50,2,52
Songwe,Momba,Momba DC,Momba,Ndalambo,Ndalambo,6,Chilovya ,,0.4,1,0,,1.4,0.6,2.0,50,2,52
Songwe,Momba,Momba DC,Momba,Ndalambo,Kakozi,7,Msekwa,,0.4,1,0,,1.4,0.6,2.0,50,2,52
Songwe,Momba,Momba DC,Momba,Ndalambo,Ipumpila,8,Ipumpila,,0.5,1,0,,1.4,0.6,2.0,50,2,52
Songwe,Momba,Momba DC,Momba,Ndalambo,Ipumpila,9,Chitete,,0.0,1,0,,1.4,0.6,2.0,50,2,52
Songwe,Momba,Momba DC,Momba,Ndalambo,Ipumpila,10, Kayumbi,,0.0,1,0,,1.4,0.6,2.0,50,2,52
Songwe,Momba,Momba DC,Momba,Nkangamo,Isanga,11,Mzundu,,0.1,1,0,,1.4,0.6,2.0,50,2,52
Songwe,Momba,Momba DC,Momba,Nkangamo,Nkangamo,12,Zanga,,0.1,1,0,,1.4,0.6,2.0,50,2,52
Songwe,Momba,Momba DC,Momba,Nkangamo,Nkangamo,13,Iluma,,0.1,1,0,,1.4,0.6,2.0,50,2,52
Songwe,Momba,Momba DC,Momba,Nkangamo,Nkangamo,14,Zumila,,0.0,1,0,,1.4,0.6,2.0,50,2,52
Songwe,Momba,Momba DC,Momba,Nkangamo,Chiwanda,15,Mlangali,,0.3,1,0,,1.4,0.6,2.0,50,2,52
Songwe,Momba,Momba DC,Momba,Nkangamo,Chiwanda,16,Malonje,,0.1,1,0,,1.4,0.6,2.0,50,2,52
Songwe,Momba,Momba DC,Momba,Ikana,Nakawale,17,Majengo,,0.4,1,0,,1.4,0.6,2.0,50,2,52
Songwe,Momba,Momba DC,Momba,Ikana,Ikana,18,Chipwa,,0.0,1,0,,1.4,0.6,2.0,50,2,52
Songwe,Momba,Momba DC,Momba,Ikana, Ipanga,19,Chitowa,,0.0,1,0,,1.4,0.6,2.0,50,2,52
Songwe,Momba,Momba DC,Momba,Ikana,Nyenjele,20,Kapati,,0.4,1,0,,1.4,0.6,2.0,50,2,52
Songwe,Momba,Momba DC,Momba,Ikana,Nyenjele,21,Nyenjele kati,,1.0,1,0,,1.4,0.6,2.0,50,2,52
Songwe,Momba,Momba DC,Momba,Myunga,Mpui,22,Msungo a,,0.1,1,0,,1.4,0.6,2.0,50,2,52
Songwe,Momba,Momba DC,Momba,Myunga,Mpui,23,Msungo b,,0.3,1,0,,1.4,0.6,2.0,50,2,52
Songwe,Momba,Momba DC,Momba,Myunga,Mfuto,24,Uganda,,0.9,1,0,,1.4,0.6,2.0,50,2,52
Songwe,Momba,Momba DC,Momba,Myunga,Machindo,25,Kaloleni,,1.0,1,0,,1.4,0.6,2.0,50,2,52
Songwe,Momba,Momba DC,Momba,Myunga,Machindo,26,Chisanu,,0.8,1,0,,1.4,0.6,2.0,50,2,52
Songwe,Momba,Momba DC,Momba,Myunga,Machindo,27,Ntawa,,0.0,1,0,,1.4,0.6,2.0,50,2,52
Songwe,Momba,Momba DC,Momba,Myunga,Machindo,28,Mitwe,,0.0,1,0,,1.4,0.6,2.0,50,2,52
Songwe,Momba,Momba DC,Momba,Myunga,Machindo,29,Katete,,6.8,1,0,,1.4,0.6,2.0,50,2,52
Songwe,Momba,Momba DC,Momba,Myunga,Machindo,30,Lwasho,,0.3,1,0,,1.4,0.6,2.0,50,2,52
Songwe,Momba,Momba DC,Momba,Myunga,Machindo,31,Katete,,0.0,1,0,,1.4,0.6,2.0,50,2,52
Songwe,Momba,Momba DC,Momba,Nzoka,Nzoka,32,Kanyimbo a,,0.0,1,0,,1.4,0.6,2.0,50,2,52
Songwe,Momba,Momba DC,Momba,Nzoka,Nzoka,33,Kanyimbo b,,0.2,1,0,,1.4,0.6,2.0,50,2,52
Songwe,Momba,Momba DC,Momba,Nzoka,Nzoka,34,Manyoro,,0.2,1,0,,1.4,0.6,2.0,50,2,52
Songwe,Momba,Momba DC,Momba,Nzoka,Nzoka,35, Chipanda,,0.5,1,0,,1.4,0.6,2.0,50,2,52
Songwe,Momba,Momba DC,Momba,Nzoka,Ipatikana,36, Mlelengwa,,1.5,1,0,,1.4,0.6,2.0,50,2,52
Songwe,Momba,Momba DC,Momba,Nzoka,Ipatikana,37,Kasechela,,0.2,1,0,,1.4,0.6,2.0,50,2,52
Songwe,Momba,Momba DC,Momba,Nzoka,Ipatikana,38, Kamisu,,5.3,1,0,,1.4,0.6,2.0,50,2,52
Songwe,Momba,Momba DC,Momba,Nzoka,Ipatikana,39,Kakozi,,0.2,1,0,,1.4,0.6,2.0,50,2,52
Songwe,Momba,Momba DC,Momba,Nzoka,Ipatikana,40, Mengo,,0.7,1,0,,1.4,0.6,2.0,50,2,52
Songwe,Momba,Momba DC,Momba,Nzoka,Chilangu,41,Malinga,,0.1,1,0,,1.4,0.6,2.0,50,2,52
Songwe,Momba,Momba DC,Momba,Nzoka,Itumba ,42,Itumba,,0.0,1,0,,1.4,0.6,2.0,50,2,52
Songwe,Momba,Momba DC,Momba,Nzoka,Itumba ,43, Mpulu,,0.9,1,0,0,1.4,0.6,2.0,50,2,52
Songwe,Momba,Momba DC,Momba,Nzoka,Itumba ,44,Chitumbi,,3.5,1,0,0,1.4,0.6,2.0,50,2,52
Songwe,Momba,Momba DC,Momba,Kapele,Kapele,45, Msufini,,0.2,1,0,,1.4,0.6,2.0,50,2,52
Songwe,Momba,Momba DC,Momba,Kapele,Kapele,46,Majengo,,0.5,1,0,,1.4,0.6,2.0,50,2,52
Songwe,Momba,Momba DC,Momba,Kapele,Kapele,47,Zaire,,0.0,1,0,,1.4,0.6,2.0,50,2,52
Songwe,Momba,Momba DC,Momba,Kapele,Chipumpu,48,Kamsamba,,5.8,1,0,,1.4,0.6,2.0,50,2,52
Songwe,Momba,Momba DC,Momba,Kapele,Chipumpu,49,Mtakuja A,,0.0,1,0,,1.4,0.6,2.0,50,2,52
Songwe,Momba,Momba DC,Momba,Kapele,Chipumpu,50,Myakasi,,0.1,1,0,,1.4,0.6,2.0,50,2,52
Songwe,Momba,Momba DC,Momba,Kapele,Chipumpu,51,Mapatano,,0.1,1,0,,1.4,0.6,2.0,50,2,52
Songwe,Momba,Momba DC,Momba,Kapele,Chipumpu,52,Ndolwa,,0.0,1,0,,1.4,0.6,2.0,50,2,52
Songwe,Momba,Momba DC,Momba,Kapele,Chipumpu,53,Sadock,,,1,0,,1.4,0.6,2.0,50,2,52
Songwe,Momba,Momba DC,Momba,Kapele,Iyendwe,54,Kalwambu,,5.0,1,0,,1.4,0.6,2.0,50,2,52
Songwe,Momba,Momba DC,Momba,Kapele,Iyendwe,55, Ipwesha,,0.0,1,0,,1.4,0.6,2.0,50,2,52
Songwe,Momba,Momba DC,Momba,Kapele,Iyendwe,56,Mangwele,,5.7,1,0,,1.4,0.6,2.0,50,2,52
Songwe,Momba,Momba DC,Momba,Kapele,Iyendwe,57, Msokolo,,0.0,1,0,,1.4,0.6,2.0,50,2,52
Songwe,Momba,Momba DC,Momba,Kapele,Kasinde,58,Kankama,,0.0,1,0,,1.4,0.6,2.0,50,2,52
Songwe,Momba,Momba DC,Momba,Kapele,Kasinde,59,Majengo,,0.2,1,0,,1.4,0.6,2.0,50,2,52
Songwe,Momba,Momba DC,Momba,Kapele,Kasinde,60,Mselemwa,,0.0,1,0,,1.4,0.6,2.0,50,2,52
Songwe,Momba,Momba DC,Momba,Kapele,Kasinde,61,Matete,,4.6,1,0,,1.4,0.6,2.0,50,2,52
Songwe,Momba,Momba DC,Momba,Kapele,Kasinde,62, Kampala,,0.0,1,0,,1.4,0.6,2.0,50,2,52
Songwe,Momba,Momba DC,Momba,Kapele,Kasinde,63, Kazi,,3.6,1,0,,1.4,0.6,2.0,50,2,52
Songwe,Momba,Momba DC,Momba,Kapele,Kasinde,64,Chinyika,,0.7,1,0,,1.4,0.6,2.0,50,2,52
Songwe,Momba,Momba DC,Momba,Kapele,Kasinde,65, Chafuma,,0.0,1,0,,1.4,0.6,2.0,50,2,52
Songwe,Momba,Momba DC,Momba,Kamsamba,Kamsamba,66,Muwemba,,3.7,1,0,,1.4,0.6,2.0,50,2,52
Songwe,Momba,Momba DC,Momba,Kamsamba,Kamsamba,67,Malangwa,,0.0,1,0,,1.4,0.6,2.0,50,2,52
Songwe,Momba,Momba DC,Momba,Kamsamba,Kamsamba,68, Ntembo,,2.2,1,0,,1.4,0.6,2.0,50,2,52
Songwe,Momba,Momba DC,Momba,Kamsamba,Muungano,69,Chimbo,,0.0,1,0,,1.4,0.6,2.0,50,2,52
Songwe,Momba,Momba DC,Momba,Kamsamba,Muungano,70,Kaputa,,2.5,1,0,,1.4,0.6,2.0,50,2,52
Songwe,Momba,Momba DC,Momba,Kamsamba,Muungano,71,Sogea,,0.0,1,0,,1.4,0.6,2.0,50,2,52
Songwe,Momba,Momba DC,Momba,Kamsamba,Muungano,72,Kaombwe A,,0.5,1,0,,1.4,0.6,2.0,50,2,52
Songwe,Momba,Momba DC,Momba,Kamsamba,Mkonko,73, Laela,,0.1,1,0,,1.4,0.6,2.0,50,2,52
Songwe,Momba,Momba DC,Momba,Kamsamba,Mkonko,74,Mkwajuni,,0.0,1,0,,1.4,0.6,2.0,50,2,52
Songwe,Momba,Momba DC,Momba,Kamsamba,Mkonko,75, Dessa,,0.0,1,0,,1.4,0.6,2.0,50,2,52
Songwe,Momba,Momba DC,Momba,Kamsamba,Usoche,76, Iweta,,1.3,1,0,,1.4,0.6,2.0,50,2,52
Songwe,Momba,Momba DC,Momba,Kamsamba,Usoche,77, Mchangani,,0.0,1,0,,1.4,0.6,2.0,50,2,52
Songwe,Momba,Momba DC,Momba,Kamsamba,Usoche,78,Changombe,,3.0,1,0,,1.4,0.6,2.0,50,2,52
Songwe,Momba,Momba DC,Momba,Kamsamba,Usoche,79, Miembeni,,0.0,1,0,,1.4,0.6,2.0,50,2,52
Songwe,Momba,Momba DC,Momba,Kamsamba,Usoche,80, Changombe,,0.0,1,0,,1.4,0.6,2.0,50,2,52
Songwe,Momba,Momba DC,Momba,Kamsamba,Usoche,81,Mingongo,,6.0,1,0,,1.4,0.6,2.0,50,2,52
Songwe,Momba,Momba DC,Momba,Kamsamba,Usoche,82,Mchangani,,10.0,1,0,,1.4,0.6,2.0,50,2,52
Songwe,Momba,Momba DC,Momba,Mpapa,Mpapa,83,Nambinzo,,0.0,1,0,,1.4,0.6,2.0,50,2,52
Songwe,Momba,Momba DC,Momba,Mpapa,Mpapa,84,Chinyiwanda,,0.0,1,0,,1.4,0.6,2.0,50,2,52
Songwe,Momba,Momba DC,Momba,Mpapa,Mpapa,85,Namaimba,,0.0,1,0,,1.4,0.6,2.0,50,2,52
Songwe,Momba,Momba DC,Momba,Mpapa,Mpapa,86,Namitoo,,5.0,1,0,,1.4,0.6,2.0,50,2,52
Songwe,Momba,Momba DC,Momba,Mpapa,Masanyita,87,Namsinde,,0.1,1,0,,1.4,0.6,2.0,50,2,52
Songwe,Momba,Momba DC,Momba,Mpapa,Masanyita,88,Kilombero,,0.0,1,0,,1.4,0.6,2.0,50,2,52
Songwe,Momba,Momba DC,Momba,Mpapa,Masanyita,89,Kipoka,,0.0,1,0,,1.4,0.6,2.0,50,2,52
Songwe,Momba,Momba DC,Momba,Mpapa,Masanyita,90,Mkwajuni,,0.4,1,0,,1.4,0.6,2.0,50,2,52
Songwe,Momba,Momba DC,Momba,Mpapa,Masanyita,91,Malulu,,2.0,1,0,,1.4,0.6,2.0,50,2,52
Songwe,Momba,Momba DC,Momba,Ivuna,Ivuna,92,Mnyuzi,,1.1,1,0,,1.4,0.6,2.0,50,2,52
Songwe,Momba,Momba DC,Momba,Ivuna,Ivuna,93,Kaloleni,,0.3,1,0,,1.4,0.6,2.0,50,2,52
Songwe,Momba,Momba DC,Momba,Ivuna,Ivuna,94, Ikonje,,0.0,1,0,,1.4,0.6,2.0,50,2,52
Songwe,Momba,Momba DC,Momba,Ivuna,Itumbula,95,Nakasanu,,1.5,1,0,,1.4,0.6,2.0,50,2,52
Songwe,Momba,Momba DC,Momba,Ivuna,Lwatwe,96,Inunka,,4.1,1,0,,1.4,0.6,2.0,50,2,52
Songwe,Momba,Momba DC,Momba,Ivuna,Lwatwe,97,Mbambila,,0.2,1,0,,1.4,0.6,2.0,50,2,52
Songwe,Momba,Momba DC,Momba,Ivuna,Lwatwe,98,Mshansha,,7.0,1,0,,1.4,0.6,2.0,50,2,52
Songwe,Momba,Momba DC,Momba,Ivuna,Lwatwe,99,Mtakuja B,,0.3,1,0,,1.4,0.6,2.0,50,2,52
Songwe,Momba,Momba DC,Momba,Samangombe,Samangombe,100, Mshansha,,2.8,1,0,,1.4,0.6,2.0,50,2,52
Songwe,Momba,Momba DC,Momba,Samangombe,Samangombe,101,Samangombe a,,1.4,1,0,,1.4,0.6,2.0,50,2,52
Songwe,Momba,Momba DC,Momba,Samangombe,Samangombe,102,Masuche,,3.9,1,0,,1.4,0.6,2.0,50,2,52
Songwe,Momba,Momba DC,Momba,Samangombe,Samangombe,103,Kanisani,,0.1,1,0,,1.4,0.6,2.0,50,2,52
Songwe,Momba,Momba DC,Momba,Samangombe,Samangombe,104,Kalungu B,,0.5,1,0,,1.4,0.6,2.0,50,2,52
Songwe,Momba,Momba DC,Momba,Samangombe,Samangombe,105, Mubuyuni,,0.1,1,0,,1.4,0.6,2.0,50,2,52
Songwe,Momba,Momba DC,Momba,Samangombe,Samangombe,106, Nankanga,,1.3,1,0,,1.4,0.6,2.0,50,2,52
Songwe,Momba,Momba DC,Momba,Mkomba,Mkomba,107,Mkomba A,,1.0,1,0,,1.4,0.6,2.0,50,2,52
Songwe,Momba,Momba DC,Momba,Mkomba,Mkomba,108,Ilembo,,0.0,1,0,,1.4,0.6,2.0,50,2,52
Songwe,Momba,Momba DC,Momba,Mkomba,Mkomba,109, Mkomba B,,1.0,1,0,,1.4,0.6,2.0,50,2,52
Songwe,Momba,Momba DC,Momba,Mkomba,Mkomba,110,Chamsoka,,5.3,1,0,,1.4,0.6,2.0,50,2,52
Songwe,Momba,Momba DC,Momba,Mkomba,Siliwiti,111,Forodhani,,1.7,1,0,,1.4,0.6,2.0,50,2,52
Songwe,Momba,Momba DC,Momba,Mkomba,Siliwiti,112,Mkuyuni,,1.0,1,0,,1.4,0.6,2.0,50,2,52
Songwe,Momba,Momba DC,Momba,Mkomba,Siliwiti,113,Mpakani,,1.6,1,0,,1.4,0.6,2.0,50,2,52
Songwe,Momba,Momba DC,Momba,Mkomba,Siliwiti,114,Maonwa,,0.4,1,0,,1.4,0.6,2.0,50,2,52
Songwe,Momba,Momba DC,Momba,Mkomba,Siliwiti,115,Changombe,,0.3,1,0,,1.4,0.6,2.0,50,2,52
Songwe,Momba,Momba DC,Momba,Mkomba,Siliwiti,116, Majengo,,1.0,1,0,,1.4,0.6,2.0,50,2,52
Songwe,Momba,Momba DC,Momba,Mkomba,Siliwiti,117,Mtakuja,,5.2,1,0,,1.4,0.6,2.0,50,2,52
Songwe,Momba,Momba DC,Momba,Mkomba,Siliwiti,118,Namingongo,,0.1,1,0,,1.4,0.6,2.0,50,2,52
Songwe,Momba,Momba DC,Momba,Mkomba,Siliwiti,119,Tunko,,5.3,1,0,,1.4,0.6,2.0,50,2,52
Songwe,Momba,Momba DC,Momba,Mkomba,Siliwiti,120,Muwangu,,3.2,1,0,,1.4,0.6,2.0,50,2,52
Songwe,Momba,Momba DC,Momba,Mkomba,Siliwiti,121,Kawenga,,5.9,1,0,,1.4,0.6,2.0,50,2,52
Songwe,Momba,Momba DC,Momba,Mkomba,Ntungwa,122,Chiula,,3.0,1,0,,1.4,0.6,2.0,50,2,52
Songwe,Momba,Momba DC,Momba,Mkomba,Ntungwa,123,Changombe,,2.0,1,0,,1.4,0.6,2.0,50,2,52
Songwe,Momba,Momba DC,Momba,Mkomba,Ntungwa,124,Majengo,,0.3,1,0,,1.4,0.6,2.0,50,2,52
Songwe,Momba,Momba DC,Momba,Mkomba,Ntungwa,125,Chilulumo Juu,,0.3,1,0,,1.4,0.6,2.0,50,2,52
Songwe,Momba,Momba DC,Momba,Mkomba,Ntungwa,126,Milombwa,,0.0,1,0,,1.4,0.6,2.0,50,2,52
Songwe,Momba,Momba DC,Momba,Mkomba,Ntungwa,127,Mbuyuni,,0.2,1,0,,1.4,0.6,2.0,50,2,52
Songwe,Momba,Momba DC,Momba,Mkomba,Tontela,128,Tontela,,0.5,1,0,,1.4,0.6,2.0,50,2,52
Songwe,Momba,Momba DC,Momba,Mkomba,Tontela,129,Nakasanu,,0.0,1,0,,1.4,0.6,2.0,50,2,52
Songwe,Momba,Momba DC,Momba,Mkomba,Tontela,130,Kanyala,,0.0,1,0,,1.4,0.6,2.0,50,2,52
Songwe,Momba,Momba DC,Momba,Mkomba,Tontela,131,Mawimba,,4.6,1,0,,1.4,0.6,2.0,50,2,52
Songwe,Momba,Momba DC,Momba,Mkomba,Tontela,132,Misumbi ,,1.3,1,0,,1.4,0.6,2.0,50,2,52
Songwe,Momba,Momba DC,Momba,Mkomba,Tontela,133,Nsala,,5.0,1,0,,1.4,0.6,2.0,50,2,52
Songwe,Momba,Momba DC,Momba,Mkomba,Tontela,134,Mwaka ,,4.2,1,0,,1.4,0.6,2.0,50,2,52
Songwe,Momba,Momba DC,Momba,Mkomba,Tontela,135,Masalawe,,0.0,1,0,,1.4,0.6,2.0,50,2,52
Songwe,Momba,Momba DC,Momba,Mkulwe,Mkulwe,136, Kinamwene,,0.2,1,0,,1.4,0.6,2.0,50,2,52
Songwe,Momba,Momba DC,Momba,Mkulwe,Mkulwe,137, Ndoolo,,0.0,1,0,,1.4,0.6,2.0,50,2,52
Songwe,Momba,Momba DC,Momba,Mkulwe,Mkulwe,138,Sukutu,,0.6,1,0,,1.4,0.6,2.0,50,2,52
Songwe,Momba,Momba DC,Momba,Mkulwe,Mkulwe,139, Mpate,,0.7,1,0,,1.4,0.6,2.0,50,2,52
Songwe,Momba,Momba DC,Momba,Mkulwe,Mkulwe,140, Namanyonjo,,1.1,1,0,,1.4,0.6,2.0,50,2,52
Songwe,Momba,Momba DC,Momba,Mkulwe,Itelefya,141, Itelefya,,0.3,1,0,,1.4,0.6,2.0,50,2,52
Songwe,Momba,Momba DC,Momba,Mkulwe,Itelefya,142, Nachisitu,,5.9,1,0,,1.4,0.6,2.0,50,2,52
Songwe,Momba,Momba DC,Momba,Mkulwe,Itelefya,143,Nkatumbo,,0.0,1,0,,1.4,0.6,2.0,50,2,52
Songwe,Momba,Momba DC,Momba,Mkulwe,Itelefya,144, Majengo,,1.1,1,0,,1.4,0.6,2.0,50,2,52
Songwe,Momba,Momba DC,Momba,Msangano,Msangano,145,Mlanda A,,0.0,1,0,,1.4,0.6,2.0,50,2,52
Songwe,Momba,Momba DC,Momba,Msangano,Msangano,146,Mlanda B,,0.3,1,0,,1.4,0.6,2.0,50,2,52
Songwe,Momba,Momba DC,Momba,Msangano,Msangano,147, Mlanda C,,0.3,1,0,,1.4,0.6,2.0,50,2,52
Songwe,Momba,Momba DC,Momba,Msangano,Msangano,148, Mlanda D,,0.5,1,0,,1.4,0.6,2.0,50,2,52
Songwe,Momba,Momba DC,Momba,Msangano,Msangano,149, Ipenza,,3.1,1,0,,1.4,0.6,2.0,50,2,52
Songwe,Momba,Momba DC,Momba,Msangano,Msangano,150,Kawale,,0.4,1,0,,1.4,0.6,2.0,50,2,52
Songwe,Momba,Momba DC,Momba,Msangano,Msangano,151, Iyela,,8.1,1,0,,1.4,0.6,2.0,50,2,52
Songwe,Momba,Momba DC,Momba,Msangano,Msangano,152,Mbuyuni,,0.3,1,0,,1.4,0.6,2.0,50,2,52
Songwe,Momba,Momba DC,Momba,Msangano,Msangano,153,Milemwa A,,0.5,1,0,,1.4,0.6,2.0,50,2,52
Songwe,Momba,Momba DC,Momba,Msangano,Msangano,154,Milemwa B,,1.4,1,0,,1.4,0.6,2.0,50,2,52
Songwe,Momba,Momba DC,Momba,Msangano,Msangano,155,Sayuni,,0.0,1,0,,1.4,0.6,2.0,50,2,52
Songwe,Momba,Momba DC,Momba,Msangano,Msangano,156, Tombezi,,0.1,1,0,,1.4,0.6,2.0,50,2,52
Songwe,Momba,Momba DC,Momba,Msangano,Chindi,157,Mpapa,,2.0,1,0,,1.4,0.6,2.0,50,2,52
Songwe,Momba,Momba DC,Momba,Msangano,Chindi,158,Msia,,2.0,1,0,,1.4,0.6,2.0,50,2,52
Songwe,Momba,Momba DC,Momba,Msangano,Chindi,159,Ikonko,,2.7,1,0,,1.4,0.6,2.0,50,2,52
Songwe,Momba,Momba DC,Momba,Msangano,Chindi,160, Chindi A,,0.5,1,0,,1.4,0.6,2.0,50,2,52
Songwe,Momba,Momba DC,Momba,Msangano,Chindi,161,Chindi B,,0.7,1,0,,1.4,0.6,2.0,50,2,52
Songwe,Momba,Momba DC,Momba,Msangano,Chindi,162,Meru,,5.0,1,0,,1.4,0.6,2.0,50,2,52
Songwe,Momba,Momba DC,Momba,Msangano,Chindi,163,Majengo,,0.1,1,0,,1.4,0.6,2.0,50,2,52
Songwe,Momba,Momba DC,Momba,Msangano,Mnyuzi,164,Mnyuzi,,0.7,1,0,,1.4,0.6,2.0,50,2,52
Songwe,Momba,Momba DC,Momba,Msangano,Mnyuzi,165,Mtakuja,,0.7,1,0,,1.4,0.6,2.0,50,2,52
Songwe,Momba,Momba DC,Momba,Msangano,Mnyuzi,166,Mkumba,,7.0,1,0,,1.4,0.6,2.0,50,2,52
Songwe,Momba,Momba DC,Momba,Msangano,Mnyuzi,167,Nantete,,0.3,1,0,,1.4,0.6,2.0,50,2,52
Songwe,Momba,Momba DC,Momba,Msangano,Ipata ,168,Kombe,,3.0,1,0,,1.4,0.6,2.0,50,2,52
Songwe,Momba,Momba DC,Momba,Msangano,Ipata ,169,Ipata,,0.3,1,0,,1.4,0.6,2.0,50,2,52
Songwe,Momba,Momba DC,Momba,Msangano,Ipata ,170,Nafinga,,0.0,1,0,,1.4,0.6,2.0,50,2,52
Songwe,Momba,Momba DC,Momba,Msangano,Ipata ,171,Mheza,,1.5,1,0,,1.4,0.6,2.0,50,2,52
Songwe,Momba,Momba DC,Momba,Msangano,Ipata ,172,Nachizinji,,0.6,1,0,,1.4,0.6,2.0,50,2,52
Songwe,Momba,Momba DC,Momba,Chitete,Chitete,173, Mintakomwa,,1.4,1,0,,1.4,0.6,2.0,50,2,52
Songwe,Momba,Momba DC,Momba,Chitete,Chitete,174,Msogezo,,0.0,1,0,,1.4,0.6,2.0,50,2,52
Songwe,Momba,Momba DC,Momba,Chitete,Mlomba,175,Ikungwe,,1.6,1,0,,1.4,0.6,2.0,50,2,52
Songwe,Momba,Momba DC,Momba,Chitete,Mlomba,176,Mbalwa,,6.2,1,0,,1.4,0.6,2.0,50,2,52
Songwe,Momba,Momba DC,Momba,Chitete,Nkala,177,Chingonyo a,,0.4,1,0,,1.4,0.6,2.0,50,2,52
Songwe,Momba,Momba DC,Momba,Chitete,Nkala,178,Chingonyo b,,0.5,1,0,,1.4,0.6,2.0,50,2,52
Songwe,Momba,Momba DC,Momba,Chitete,Nkala,179, Muwemba B,,0.0,1,0,,1.4,0.6,2.0,50,2,52
Songwe,Momba,Momba DC,Momba,Chitete,Nkala,180, Chikamba,,0.3,1,0,,1.4,0.6,2.0,50,2,52
Songwe,Momba,Momba DC,Momba,Chitete,Nkala,181, Makamba C ,,0.2,1,0,,1.4,0.6,2.0,50,2,52
Songwe,Momba,Momba DC,Momba,Chitete,Nkala,182,Makamba B,,0.0,1,0,,1.4,0.6,2.0,50,2,52
Songwe,Momba,Momba DC,Momba,Chitete,Nkala,183, Lozi,,5.7,1,0,,1.4,0.6,2.0,50,2,52
Songwe,Momba,Momba DC,Momba,Chitete,Nkala,184,Kawana,,0.0,1,0,,1.4,0.6,2.0,50,2,52
Songwe,Momba,Momba DC,Momba,Chitete,Nkala,185,Nachisitu,,5.2,1,0,,1.4,0.6,2.0,50,2,52
Songwe,Momba,Momba DC,Momba,Chitete,Nkala,186,Nsala,,5.0,1,0,,1.4,0.6,2.0,50,2,52
Songwe,Momba,Momba DC,Momba,Chitete,Nkala,187,Mswepa,,5.0,1,0,,1.4,0.6,2.0,50,2,52
Songwe,Momba,Momba DC,Momba,Chitete,Nkala,188,Ngamba,,1.4,1,0,,1.4,0.6,2.0,50,2,52
Songwe,Momba,Momba DC,Momba,Mpande,,189,Mpande kati ,,5.0,1,0,,1.4,0.6,2.0,50,2,52
Songwe,Momba,Momba DC,Momba,Mpande,,190,Ipito,,0.0,1,0,,1.4,0.6,2.0,50,2,52
Songwe,Momba,Momba DC,Momba,Chapwa,,191,Chapwa ,,1.8,1,0,,1.4,0.6,2.0,50,2,52
Songwe,Momba,Momba DC,Momba,Chapwa,,192,Isanzo ,,1.8,1,0,,1.4,0.6,2.0,50,2,52
Songwe,Momba,Momba DC,Momba,Mpemba,,193,"Mtakuja,Mpemba ",,1.0,1,0,,1.4,0.6,2.0,50,2,52
Songwe,Momba,Momba DC,Momba,Mpemba,,194,Sefu,,1.2,1,0,,1.4,0.6,2.0,50,2,52
Songwe,Momba,Momba DC,Momba,Mpemba,,195,"Mjimwema,Nasele",,1.2,1,0,,1.4,0.6,2.0,50,2,52
Songwe,Momba,Momba DC,Momba,Mpemba,,196,Kokoto ,,0.0,1,0,,1.4,0.6,2.0,50,2,52
Songwe,Momba,Momba DC,Momba,Mpemba,,197,"Kazaroho,Nandanga",,0.5,1,0,,1.4,0.6,2.0,50,2,52
Songwe,Momba,Momba DC,Momba,Mpemba,,198,"Mpakani,Nandanga",,0.0,1,0,,1.4,0.6,2.0,50,2,52
Songwe,Momba,Momba DC,Momba,Mpemba,,199,"Chiyanga,Nandanga",,0.4,1,0,,1.4,0.6,2.0,50,2,52
Songwe,Momba,Momba DC,Momba,Mpemba,,200,"Ipito,Msinde",,1.0,1,0,,1.4,0.6,2.0,50,2,52
Songwe,Momba,Momba DC,Momba,Mpemba,,201,"Nakachese,Msinde",,2.2,1,0,,1.4,0.6,2.0,50,2,52
Songwe,Momba,Momba DC,Momba,Chiwezi,,202,"Mininga,Chiwezi ",,2.0,1,0,,1.4,0.6,2.0,50,2,52
Songwe,Momba,Momba DC,Momba,Chiwezi,,203,"Mpemba,Chiwezi",,1.0,1,0,,1.4,0.6,2.0,50,2,52
Songwe,Momba,Momba DC,Momba,Chiwezi,,204,"Isenti,Chiwezi",,6.2,1,0,,1.4,0.6,2.0,50,2,52
Songwe,Momba,Momba DC,Momba,Chiwezi,,205,"Chilambe,Namole ",,0.0,1,0,,1.4,0.6,2.0,50,2,52
Songwe,Momba,Momba DC,Momba,Chiwezi,,206,"Kasongole,Namole",,0.0,1,0,,1.4,0.6,2.0,50,2,52
Songwe,Momba,Momba DC,Momba,Chiwezi,,207,"Nambinda,Namole",,0.0,1,0,,1.4,0.6,2.0,50,2,52
Songwe,Momba,Momba DC,Momba,Chiwezi,,208,"Mbezuma,Namole",,0.0,1,0,,1.4,0.6,2.0,50,2,52
Songwe,Momba,Momba DC,Momba,Chiwezi,,209,"Kalumwa,Nsanzya ",,1.7,1,0,,1.4,0.6,2.0,50,2,52
Songwe,Momba,Momba DC,Momba,Chiwezi,,210,"Mikuti,Niumba ",,1.7,1,0,,1.4,0.6,2.0,50,2,52
Songwe,Momba,Momba DC,Momba,Chiwezi,,211,"Mizumbi,Niumba",,2.0,1,0,,1.4,0.6,2.0,50,2,52
Songwe,Momba,Momba DC,Momba,Chiwezi,,212,"Miembeni,Niumba",,2.5,1,0,,1.4,0.6,2.0,50,2,52
Songwe,Momba,Momba DC,Momba,Chiwezi,,213,"Kakunku,Msamba II",,0.0,1,0,,1.4,0.6,2.0,50,2,52
Songwe,Momba,Momba DC,Momba,Chiwezi,,214,"Mkwajuni,Msamba II",,1.0,1,0,,1.4,0.6,2.0,50,2,52
Songwe,Momba,Momba DC,Momba,Mwakakati,,215,Mwakakati a,,1.5,1,0,,1.4,0.6,2.0,50,2,52
Songwe,Momba,Momba DC,Momba,Mwakakati,,216,Mwakakati b,,0.5,1,0,,1.4,0.6,2.0,50,2,52
Songwe,Momba,Momba DC,Momba,Mwakakati,,217,Msongwa ,,0.4,1,0,,1.4,0.6,2.0,50,2,52
Songwe,Momba,Momba DC,Momba,Mwakakati,,218,Katete,,0.5,1,0,,1.4,0.6,2.0,50,2,52
Songwe,Momba,Momba DC,Momba,Mwakakati,,219,Ndelema,,0.0,1,0,,1.4,0.6,2.0,50,2,52
Songwe,Momba,Momba DC,Momba,Mwakakati,,220,Chipaka ,,0.0,1,0,,1.4,0.6,2.0,50,2,52
JUMLA NDOGO,,,,,,220,,0.0,292.5,220,0,0,308.0,132.0,440.0,"11,000",440,"11,440"
Songwe,Songwe,Songwe DC,Songwe,Gua,Gua,1,Kakoma,,0.4,1,0,,1.4,0.6,2.0,50,2,52
Songwe,Songwe,Songwe DC,Songwe,Gua,Gua,2,Songambele,,0.1,1,0,,1.4,0.6,2.0,50,2,52
Songwe,Songwe,Songwe DC,Songwe,Gua,Gua,3,Manda Juu.,,0.1,1,0,,1.4,0.6,2.0,50,2,52
Songwe,Songwe,Songwe DC,Songwe,Gua,Some,4,Some   A,,3.1,1,0,,1.4,0.6,2.0,50,2,52
Songwe,Songwe,Songwe DC,Songwe,Gua,Some,5,Some   C,,4.0,1,0,,1.4,0.6,2.0,50,2,52
Songwe,Songwe,Songwe DC,Songwe,Gua,Some,6,Ngwala Kati  B,,0.0,1,0,,1.4,0.6,2.0,50,2,52
Songwe,Songwe,Songwe DC,Songwe,Gua,Some,7,Kamficheni,,0.4,1,0,,1.4,0.6,2.0,50,2,52
Songwe,Songwe,Songwe DC,Songwe,Gua,Some,8,Azimio,,0.5,1,0,,1.4,0.6,2.0,50,2,52
Songwe,Songwe,Songwe DC,Songwe,Gua,Some,9,Ngwala Magh.,,0.3,1,0,,1.4,0.6,2.0,50,2,52
Songwe,Songwe,Songwe DC,Songwe,Gua,Some,10,Madodomya,,5.5,1,0,,1.4,0.6,2.0,50,2,52
Songwe,Songwe,Songwe DC,Songwe,Gua,Itiziro,11,Kikamba,,0.1,1,0,,1.4,0.6,2.0,50,2,52
Songwe,Songwe,Songwe DC,Songwe,Gua,Itiziro,12,Kiseruka,,0.2,1,0,,1.4,0.6,2.0,50,2,52
Songwe,Songwe,Songwe DC,Songwe,Kapalala,Kapalala,13,Kapalala C,,0.0,1,0,,1.4,0.6,2.0,50,2,52
Songwe,Songwe,Songwe DC,Songwe,Kapalala,Kapalala,14,Mteka A,,9.5,1,0,,1.4,0.6,2.0,50,2,52
Songwe,Songwe,Songwe DC,Songwe,Kapalala,Kapalala,15,Mbizya,,4.0,1,0,,1.4,0.6,2.0,50,2,52
Songwe,Songwe,Songwe DC,Songwe,Kapalala,Kapalala,16,Iboma,,0.0,1,0,,1.4,0.6,2.0,50,2,52
Songwe,Songwe,Songwe DC,Songwe,Kapalala,Kapalala,17,Mkumbili,,11.0,1,0,,1.4,0.6,2.0,50,2,52
Songwe,Songwe,Songwe DC,Songwe,Mbangala,Mbangala,18,Mgomba,,5.5,1,0,,1.4,0.6,2.0,50,2,52
Songwe,Songwe,Songwe DC,Songwe,Mbangala,Mbangala,19,Ichese,,0.0,1,0,,1.4,0.6,2.0,50,2,52
Songwe,Songwe,Songwe DC,Songwe,Mbangala,Mbangala,20,Njelenje,,15.0,1,0,,1.4,0.6,2.0,50,2,52
Songwe,Songwe,Songwe DC,Songwe,Mbangala,Maleza,21,Kalanda,,0.3,1,0,,1.4,0.6,2.0,50,2,52
Songwe,Songwe,Songwe DC,Songwe,Mbangala,Maleza,22,Saza Falls ,,2.0,1,0,,1.4,0.6,2.0,50,2,52
Songwe,Songwe,Songwe DC,Songwe,Mbangala,Maleza,23,Madizini,,,1,0,,1.4,0.6,2.0,50,2,52
Songwe,Songwe,Songwe DC,Songwe,Mkwajuni,Chudeco,24,Itontera,,3.7,1,0,,1.4,0.6,2.0,50,2,52
Songwe,Songwe,Songwe DC,Songwe,Mkwajuni,Kaloleni,25,Kalungu,,4.5,1,0,,1.4,0.6,2.0,50,2,52
Songwe,Songwe,Songwe DC,Songwe,Mkwajuni,Kaloleni,26,Maombwe,,2.0,1,0,,1.4,0.6,2.0,50,2,52
Songwe,Songwe,Songwe DC,Songwe,Mkwajuni,Iseche,27,Kikondo,,0.6,1,0,,1.4,0.6,2.0,50,2,52
Songwe,Songwe,Songwe DC,Songwe,Totowe,totowe,28,Handeni  A,,0.3,1,0,,1.4,0.6,2.0,50,2,52
Songwe,Songwe,Songwe DC,Songwe,Totowe,totowe,29,Mbuyuni,,0.5,1,0,,1.4,0.6,2.0,50,2,52
Songwe,Songwe,Songwe DC,Songwe,Totowe,totowe,30,Chemichemi,,1.7,1,0,,1.4,0.6,2.0,50,2,52
Songwe,Songwe,Songwe DC,Songwe,Totowe,totowe,31,Kazundu,,1.3,1,0,,1.4,0.6,2.0,50,2,52
Songwe,Songwe,Songwe DC,Songwe,Totowe,totowe,32,Lukwa,,1.0,1,0,,1.4,0.6,2.0,50,2,52
Songwe,Songwe,Songwe DC,Songwe,Totowe,totowe,33,Mikocheni,,0.2,1,0,,1.4,0.6,2.0,50,2,52
Songwe,Songwe,Songwe DC,Songwe,Totowe,totowe,34,Handeni  B,,3.6,1,0,,1.4,0.6,2.0,50,2,52
Songwe,Songwe,Songwe DC,Songwe,Mpona,Mpona,35,Mpona,,6.4,1,0,,1.4,0.6,2.0,50,2,52
Songwe,Songwe,Songwe DC,Songwe,Mpona,Mpona,36,Namalama,,1.6,1,0,,1.4,0.6,2.0,50,2,52
Songwe,Songwe,Songwe DC,Songwe,Mpona,Mpona,37,Mwawadimi  A,,1.5,1,0,,1.4,0.6,2.0,50,2,52
Songwe,Songwe,Songwe DC,Songwe,Mpona,Mpona,38,Mwawadimi  B.,,3.8,1,0,,1.4,0.6,2.0,50,2,52
Songwe,Songwe,Songwe DC,Songwe,Mpona,Mpona,39,Iyovyo Magh.,,0.2,1,0,,1.4,0.6,2.0,50,2,52
Songwe,Songwe,Songwe DC,Songwe,Mpona,Mpona,40,Kazundu,,2.8,1,0,,1.4,0.6,2.0,50,2,52
Songwe,Songwe,Songwe DC,Songwe,Mpona,Mpona,41,Mwawadimi,,0.1,1,0,,1.4,0.6,2.0,50,2,52
Songwe,Songwe,Songwe DC,Songwe,Mpona,Mpona,42,Kambipotea.,,4.0,1,0,,1.4,0.6,2.0,50,2,52
Songwe,Songwe,Songwe DC,Songwe,Mpona,Mpona,43,Namkukwe  B,,0.5,1,0,,1.4,0.6,2.0,50,2,52
Songwe,Songwe,Songwe DC,Songwe,Mpona,Mpona,44,Mpangala,,4.8,1,0,,1.4,0.6,2.0,50,2,52
Songwe,Songwe,Songwe DC,Songwe,Mpona,Mpona,45,Kisale,,3.8,1,0,,1.4,0.6,2.0,50,2,52
Songwe,Songwe,Songwe DC,Songwe,Mpona,Mpona,46,Muheza  B,,0.1,1,0,,1.4,0.6,2.0,50,2,52
Songwe,Songwe,Songwe DC,Songwe,Mpona,Mpona,47,Nguzi,,0.2,1,0,,1.4,0.6,2.0,50,2,52
Songwe,Songwe,Songwe DC,Songwe,Manda,Isanzu,48,Ukombozi,,0.1,1,0,,1.4,0.6,2.0,50,2,52
Songwe,Songwe,Songwe DC,Songwe,Manda,Isanzu,49,Mwambangombe,,2.7,1,0,,1.4,0.6,2.0,50,2,52
Songwe,Songwe,Songwe DC,Songwe,Manda,Isanzu,50,Kwimba,,2.9,1,0,,1.4,0.6,2.0,50,2,52
Songwe,Songwe,Songwe DC,Songwe,Manda,Manda,51,Manda  A,,0.0,1,0,,1.4,0.6,2.0,50,2,52
Songwe,Songwe,Songwe DC,Songwe,Manda,Manda,52,Manda  B,,1.5,1,0,,1.4,0.6,2.0,50,2,52
Songwe,Songwe,Songwe DC,Songwe,Manda,Manda,53,Lutumbi ,,2.0,1,0,,1.4,0.6,2.0,50,2,52
Songwe,Songwe,Songwe DC,Songwe,Manda,Manda,54,Kambiuliza,,4.5,1,0,,1.4,0.6,2.0,50,2,52
Songwe,Songwe,Songwe DC,Songwe,Magamba,Magamba,55,Ngayangwanda,,0.3,1,0,,1.4,0.6,2.0,50,2,52
Songwe,Songwe,Songwe DC,Songwe,Magamba,Magamba,56,Nambalwe,,3.7,1,0,,1.4,0.6,2.0,50,2,52
Songwe,Songwe,Songwe DC,Songwe,Magamba,Magamba,57,Nkomano,,3.0,1,0,,1.4,0.6,2.0,50,2,52
Songwe,Songwe,Songwe DC,Songwe,Magamba,Kambarage,58,Ilembo,,0.0,1,0,,1.4,0.6,2.0,50,2,52
Songwe,Songwe,Songwe DC,Songwe,Magamba,Kambarage,59,Namile,,0.0,1,0,,1.4,0.6,2.0,50,2,52
Songwe,Songwe,Songwe DC,Songwe,Magamba,Kambarage,60,Lumwaha,,5.6,1,0,,1.4,0.6,2.0,50,2,52
Songwe,Songwe,Songwe DC,Songwe,Galula,Galula,61,Muhimbili,,0.0,1,0,,1.4,0.6,2.0,50,2,52
Songwe,Songwe,Songwe DC,Songwe,Galula,Ilasilo,62,Lumpamba,,0.2,1,0,,1.4,0.6,2.0,50,2,52
Songwe,Songwe,Songwe DC,Songwe,Galula,Ilasilo,63,Iwombwe,,0.0,1,0,,1.4,0.6,2.0,50,2,52
Songwe,Songwe,Songwe DC,Songwe,Galula,Itindi,64,Namalango,,0.0,1,0,,1.4,0.6,2.0,50,2,52
Songwe,Songwe,Songwe DC,Songwe,Galula,Itindi,65,Mtakuja,,0.0,1,0,,1.4,0.6,2.0,50,2,52
Songwe,Songwe,Songwe DC,Songwe,Galula,Itindi,66,Iguzya,,0.3,1,0,,1.4,0.6,2.0,50,2,52
Songwe,Songwe,Songwe DC,Songwe,Mbuyuni,Ndanga,67,Ndanga  B,,0.9,1,0,,1.4,0.6,2.0,50,2,52
Songwe,Songwe,Songwe DC,Songwe,Mbuyuni,Ndanga,68,Mbuyuni  E,,0.4,1,0,,1.4,0.6,2.0,50,2,52
Songwe,Songwe,Songwe DC,Songwe,Changombe,Ifuko,69,Swela,,1.8,1,0,,1.4,0.6,2.0,50,2,52
Songwe,Songwe,Songwe DC,Songwe,Changombe,Ifuko,70,Mabatini,,2.2,1,0,,1.4,0.6,2.0,50,2,52
Songwe,Songwe,Songwe DC,Songwe,Changombe,Ifuko,71,Mazizini,,1.0,1,0,,1.4,0.6,2.0,50,2,52
Songwe,Songwe,Songwe DC,Songwe,Changombe,Changombe,72,Mtakuja,,0.4,1,0,,1.4,0.6,2.0,50,2,52
Songwe,Songwe,Songwe DC,Songwe,Changombe,Changombe,73,Mwagala,,1.3,1,0,,1.4,0.6,2.0,50,2,52
Songwe,Songwe,Songwe DC,Songwe,Changombe,Wanzan,74,Usangu ndogo,,2.5,1,0,,1.4,0.6,2.0,50,2,52
Songwe,Songwe,Songwe DC,Songwe,Changombe,Wanzan,75,Mkoma,,1.2,1,0,,1.4,0.6,2.0,50,2,52
Songwe,Songwe,Songwe DC,Songwe,Kanga,Kanga,76,Ipala,,1.2,1,0,,1.4,0.6,2.0,50,2,52
Songwe,Songwe,Songwe DC,Songwe,Kanga,Tete,77,Bwawani,,0.1,1,0,,1.4,0.6,2.0,50,2,52
Songwe,Songwe,Songwe DC,Songwe,Kanga,Tete,78,Majimoto,,5.2,1,0,,1.4,0.6,2.0,50,2,52
Songwe,Songwe,Songwe DC,Songwe,Kanga,Tete,79,Ilanga,,0.0,1,0,,1.4,0.6,2.0,50,2,52
Songwe,Songwe,Songwe DC,Songwe,Kanga,Tete,80,Chikuwa,,0.0,1,0,,1.4,0.6,2.0,50,2,52
Songwe,Songwe,Songwe DC,Songwe,Ifwenkenya,Ifwenkenya,81,Bwawani,,2.0,1,0,,1.4,0.6,2.0,50,2,52
Songwe,Songwe,Songwe DC,Songwe,Ifwenkenya,Ifwenkenya,82,Tankini,,0.0,1,0,,1.4,0.6,2.0,50,2,52
Songwe,Songwe,Songwe DC,Songwe,Ifwenkenya,Ifwenkenya,83,Ipwizi,,1.7,1,0,,1.4,0.6,2.0,50,2,52
Songwe,Songwe,Songwe DC,Songwe,Ifwenkenya,Ifwenkenya,84,Nzoha,,3.2,1,0,,1.4,0.6,2.0,50,2,52
Songwe,Songwe,Songwe DC,Songwe,Ifwenkenya,Ifwenkenya,85,Iwambi.,,0.0,1,0,,1.4,0.6,2.0,50,2,52
Songwe,Songwe,Songwe DC,Songwe,Ifwenkenya,Ifwenkenya,86,Ilembo,,6.0,1,0,,1.4,0.6,2.0,50,2,52
Songwe,Songwe,Songwe DC,Songwe,Ifwenkenya,Ifwenkenya,87,Kikavu,,5.0,1,0,,1.4,0.6,2.0,50,2,52
Songwe,Songwe,Songwe DC,Songwe,Ifwenkenya,Ifwenkenya,88,Mulu.,,0.1,1,0,,1.4,0.6,2.0,50,2,52
JUMLA NDOGO,,,,,,88,,0.0,174.2,88,0,0,123.2,52.8,176.0,"4,400",176,"4,576"
JUMLA KUU,,,,,,905,,0.0,"1,343.9",905,0,0,"1,267.0",543.0,"1,810.0","45,250","1,810","46,956"
